2026-Sep-11 07:41:18.126697 INFO    [daemon] 

                                              
███╗   ███╗███████╗██████╗ ██╗   ██╗███████╗
████╗ ████║██╔════╝██╔══██╗██║   ██║╚══███╔╝
██╔████╔██║█████╗  ██║  ██║██║   ██║  ███╔╝ 
██║╚██╔╝██║██╔══╝  ██║  ██║██║   ██║ ███╔╝  
██║ ╚═╝ ██║███████╗██████╔╝╚██████╔╝███████╗
╚═╝     ╚═╝╚══════╝╚═════╝  ╚═════╝ ╚══════╝

 Meduz v0.14.6.1286 ()
 This software is distributed under the General Public License v3.0

 Copyright 2018-2019, The TurtleCoin Developers

 Additional Copyright(s) may apply, please see the included LICENSE file for more information.
 If you did not receive a copy of the LICENSE, please visit:
 https://github.com/meduztrade-maker/meduzcoin/blob/main/LICENSE


2026-Sep-11 07:41:18.126801 INFO    [daemon] Program Working Directory: "/"
2026-Sep-11 07:41:18.126847 INFO    [daemon] Loading Checkpoints for faster initial sync...
2026-Sep-11 07:41:18.126857 INFO    [daemon] Loaded 0 default checkpoints
2026-Sep-11 07:41:18.126871 INFO    [RocksDBWrapper] Opening DB in /data/DB
2026-Sep-11 07:41:18.148223 INFO    [RocksDBWrapper] DB opened in /data/DB
2026-Sep-11 07:41:18.149167 INFO    [daemon] Initializing core...
2026-Sep-11 07:41:18.168236 INFO    [Core] DB has more blocks than blockchain storage, cutting from block index: 5445
2026-Sep-11 07:41:18.168291 INFO    [Core] Cutting root segment from index 5445
2026-Sep-11 07:41:18.174141 INFO    [daemon] Core initialized OK
2026-Sep-11 07:41:18.174197 INFO    [daemon] Initializing p2p server...
2026-Sep-11 07:41:18.174899 INFO    [node_server] Priority peers configured: 0
2026-Sep-11 07:41:18.175198 INFO    [node_server] Binding on 0.0.0.0:27897
2026-Sep-11 07:41:18.175249 INFO    [node_server] Net service binded on 0.0.0.0:27897
2026-Sep-11 07:41:18.175261 INFO    [node_server] Attempting to add IGD port mapping.
2026-Sep-11 07:41:22.178799 INFO    [node_server] No IGD was found.
2026-Sep-11 07:41:22.178870 INFO    [daemon] P2p server initialized OK
2026-Sep-11 07:41:22.178881 INFO    [daemon] Starting core rpc server on address 0.0.0.0:27898
2026-Sep-11 07:41:22.178946 INFO    [daemon] Core rpc server started ok
2026-Sep-11 07:41:22.178959 INFO    [daemon] Starting p2p net loop...
2026-Sep-11 07:41:22.178968 INFO    [node_server] Starting node_server
2026-Sep-11 07:41:22.184115 INFO    [protocol] 
2026-Sep-11 07:41:22.184159 INFO    [protocol] ===[ Meduz Tip! ]=============================
2026-Sep-11 07:41:22.184173 INFO    [protocol]  Always exit meduzd and meduz-wallet with the "exit" command to preserve your chain and wallet data.
2026-Sep-11 07:41:22.184189 INFO    [protocol]  Use the "help" command to see a list of available commands.
2026-Sep-11 07:41:22.184202 INFO    [protocol]  Use the "backup" command in meduz-wallet to display your keys/seed for restoring a corrupted wallet.
2026-Sep-11 07:41:22.184216 INFO    [protocol]  If you need more assistance, you can contact us for support at https://t.me/REPLACE_WITH_YOUR_CHANNEL
2026-Sep-11 07:41:22.184228 INFO    [protocol] ===================================================
2026-Sep-11 07:41:22.184228 INFO    [protocol] 
2026-Sep-11 07:41:22.184247 INFO    [protocol] 
                                              
███╗   ███╗███████╗██████╗ ██╗   ██╗███████╗
████╗ ████║██╔════╝██╔══██╗██║   ██║╚══███╔╝
██╔████╔██║█████╗  ██║  ██║██║   ██║  ███╔╝ 
██║╚██╔╝██║██╔══╝  ██║  ██║██║   ██║ ███╔╝  
██║ ╚═╝ ██║███████╗██████╔╝╚██████╔╝███████╗
╚═╝     ╚═╝╚══════╝╚═════╝  ╚═════╝ ╚══════╝

2026-Sep-11 07:41:22.184283 INFO    [protocol] New Top Block Detected: 5445
2026-Sep-11 07:41:24.271161 INFO    [protocol] [100.64.0.3:45362 INC] Your Meduz node is syncing with the network (99.98% complete) You are 1 blocks (0 days) behind the current peer you're connected to. Slow and steady wins the race! 
2026-Sep-11 07:41:24.271296 INFO    [protocol] New Top Block Detected: 5446
2026-Sep-11 07:41:24.348994 INFO    [protocol] [100.64.0.3:45362 INC] Successfully synchronized with the Meduz Network.
2026-Sep-11 07:41:32.854035 INFO    [protocol] New Top Block Detected: 5447
2026-Sep-11 07:42:01.265376 INFO    [protocol] New Top Block Detected: 5448
2026-Sep-11 07:42:53.450719 INFO    [protocol] New Top Block Detected: 5449
2026-Sep-11 07:43:19.644471 INFO    [protocol] New Top Block Detected: 5450
2026-Sep-11 07:43:25.663625 INFO    [protocol] New Top Block Detected: 5451
2026-Sep-11 07:43:26.357585 INFO    [protocol] New Top Block Detected: 5452
2026-Sep-11 07:43:39.388072 INFO    [protocol] New Top Block Detected: 5453
2026-Sep-11 07:43:42.772553 INFO    [protocol] New Top Block Detected: 5454
2026-Sep-11 07:44:45.967488 INFO    [protocol] New Top Block Detected: 5455
2026-Sep-11 07:45:41.416455 INFO    [protocol] New Top Block Detected: 5456
2026-Sep-11 07:47:22.373337 INFO    [protocol] New Top Block Detected: 5457
2026-Sep-11 07:47:40.329196 INFO    [protocol] New Top Block Detected: 5458
2026-Sep-11 07:47:44.625075 INFO    [protocol] New Top Block Detected: 5459
2026-Sep-11 07:48:09.673970 INFO    [protocol] New Top Block Detected: 5460
2026-Sep-11 07:48:12.735034 INFO    [protocol] New Top Block Detected: 5461
2026-Sep-11 07:48:37.553044 INFO    [protocol] New Top Block Detected: 5462
2026-Sep-11 07:48:53.714477 INFO    [protocol] New Top Block Detected: 5463
2026-Sep-11 07:49:27.372678 INFO    [protocol] New Top Block Detected: 5464
2026-Sep-11 07:50:35.522111 INFO    [protocol] New Top Block Detected: 5465
2026-Sep-11 07:50:58.169617 INFO    [protocol] New Top Block Detected: 5466
2026-Sep-11 07:51:01.407789 INFO    [protocol] New Top Block Detected: 5467
2026-Sep-11 07:51:23.415967 INFO    [protocol] New Top Block Detected: 5468
2026-Sep-11 07:51:34.337580 INFO    [protocol] New Top Block Detected: 5469
2026-Sep-11 07:51:55.464052 INFO    [protocol] New Top Block Detected: 5470
2026-Sep-11 07:52:44.806441 INFO    [protocol] New Top Block Detected: 5471
2026-Sep-11 07:53:02.935484 INFO    [protocol] New Top Block Detected: 5472
2026-Sep-11 07:53:14.827535 INFO    [protocol] New Top Block Detected: 5473
2026-Sep-11 07:53:40.120388 INFO    [protocol] New Top Block Detected: 5474
2026-Sep-11 07:54:49.444207 INFO    [protocol] New Top Block Detected: 5475
2026-Sep-11 07:56:20.835868 INFO    [protocol] New Top Block Detected: 5476
2026-Sep-11 07:57:35.091947 INFO    [protocol] New Top Block Detected: 5477
2026-Sep-11 07:57:47.137756 INFO    [protocol] New Top Block Detected: 5478
2026-Sep-11 07:58:03.193812 INFO    [protocol] New Top Block Detected: 5479
2026-Sep-11 07:58:07.190342 INFO    [protocol] New Top Block Detected: 5480
2026-Sep-11 08:00:47.120973 INFO    [protocol] New Top Block Detected: 5481
2026-Sep-11 08:01:51.104564 INFO    [protocol] New Top Block Detected: 5482
2026-Sep-11 08:01:58.154388 INFO    [protocol] New Top Block Detected: 5483
2026-Sep-11 08:02:42.355474 INFO    [protocol] New Top Block Detected: 5484
2026-Sep-11 08:02:53.984669 INFO    [protocol] New Top Block Detected: 5485
2026-Sep-11 08:03:31.592773 INFO    [protocol] New Top Block Detected: 5486
2026-Sep-11 08:03:38.545524 INFO    [protocol] New Top Block Detected: 5487
2026-Sep-11 08:04:00.728363 INFO    [protocol] New Top Block Detected: 5488
2026-Sep-11 08:04:08.719473 INFO    [protocol] New Top Block Detected: 5489
2026-Sep-11 08:04:20.786523 INFO    [protocol] New Top Block Detected: 5490
2026-Sep-11 08:04:22.794228 INFO    [protocol] New Top Block Detected: 5491
2026-Sep-11 08:04:35.729249 INFO    [protocol] New Top Block Detected: 5492
2026-Sep-11 08:04:53.977795 INFO    [protocol] New Top Block Detected: 5493
2026-Sep-11 08:05:05.904820 INFO    [protocol] New Top Block Detected: 5494
2026-Sep-11 08:05:11.174562 INFO    [protocol] New Top Block Detected: 5495
2026-Sep-11 08:05:41.315045 INFO    [protocol] New Top Block Detected: 5496
2026-Sep-11 08:06:05.401144 INFO    [protocol] New Top Block Detected: 5497
2026-Sep-11 08:06:18.139967 INFO    [protocol] New Top Block Detected: 5498
2026-Sep-11 08:06:54.543475 INFO    [protocol] New Top Block Detected: 5499
2026-Sep-11 08:07:01.611471 INFO    [protocol] New Top Block Detected: 5500
2026-Sep-11 08:08:27.551753 INFO    [Core] Block 5500 (574238eda2c5aea7a1df648ad7ffcabcf71bf63eb325c16ae29a6e72f1002840) added to main chain
2026-Sep-11 08:08:27.937275 INFO    [protocol] New Top Block Detected: 5501
2026-Sep-11 08:09:17.196228 INFO    [protocol] New Top Block Detected: 5502
2026-Sep-11 08:10:09.314164 INFO    [protocol] New Top Block Detected: 5503
2026-Sep-11 08:11:09.346558 INFO    [protocol] New Top Block Detected: 5504
2026-Sep-11 08:11:47.865834 INFO    [protocol] New Top Block Detected: 5505
2026-Sep-11 08:12:22.807273 INFO    [protocol] New Top Block Detected: 5506
2026-Sep-11 08:12:28.151093 INFO    [protocol] New Top Block Detected: 5507
2026-Sep-11 08:13:42.445635 INFO    [protocol] New Top Block Detected: 5508
2026-Sep-11 08:13:46.460847 INFO    [protocol] New Top Block Detected: 5509
2026-Sep-11 08:13:58.507726 INFO    [protocol] New Top Block Detected: 5510
2026-Sep-11 08:15:24.875354 INFO    [protocol] New Top Block Detected: 5511
2026-Sep-11 08:15:51.029835 INFO    [protocol] New Top Block Detected: 5512
2026-Sep-11 08:16:09.225849 INFO    [protocol] New Top Block Detected: 5513
2026-Sep-11 08:16:15.247315 INFO    [protocol] New Top Block Detected: 5514
2026-Sep-11 08:16:39.340092 INFO    [protocol] New Top Block Detected: 5515
2026-Sep-11 08:17:19.368459 INFO    [protocol] New Top Block Detected: 5516
2026-Sep-11 08:17:21.479248 INFO    [protocol] New Top Block Detected: 5517
2026-Sep-11 08:18:31.829885 INFO    [protocol] New Top Block Detected: 5518
2026-Sep-11 08:18:36.721531 INFO    [protocol] New Top Block Detected: 5519
2026-Sep-11 08:19:07.973448 INFO    [protocol] New Top Block Detected: 5520
2026-Sep-11 08:20:04.936179 INFO    [protocol] New Top Block Detected: 5521
2026-Sep-11 08:20:10.067333 INFO    [protocol] New Top Block Detected: 5522
2026-Sep-11 08:20:19.952666 INFO    [protocol] New Top Block Detected: 5523
2026-Sep-11 08:20:32.249937 INFO    [protocol] New Top Block Detected: 5524
2026-Sep-11 08:21:18.110517 INFO    [protocol] New Top Block Detected: 5525
2026-Sep-11 08:21:51.358281 INFO    [protocol] New Top Block Detected: 5526
2026-Sep-11 08:22:12.859447 INFO    [protocol] New Top Block Detected: 5527
2026-Sep-11 08:23:31.160095 INFO    [protocol] New Top Block Detected: 5528
2026-Sep-11 08:24:17.599030 INFO    [protocol] New Top Block Detected: 5529
2026-Sep-11 08:24:34.883652 INFO    [protocol] New Top Block Detected: 5530
2026-Sep-11 08:25:27.827989 INFO    [protocol] New Top Block Detected: 5531
2026-Sep-11 08:25:42.378985 INFO    [protocol] New Top Block Detected: 5532
2026-Sep-11 08:25:44.148974 INFO    [protocol] New Top Block Detected: 5533
2026-Sep-11 08:26:38.149522 INFO    [protocol] New Top Block Detected: 5534
2026-Sep-11 08:27:20.430427 INFO    [protocol] New Top Block Detected: 5535
2026-Sep-11 08:27:22.185344 INFO    [protocol] New Top Block Detected: 5536
2026-Sep-11 08:28:18.659984 INFO    [protocol] New Top Block Detected: 5537
2026-Sep-11 08:29:32.560583 INFO    [protocol] New Top Block Detected: 5538
2026-Sep-11 08:29:40.965179 INFO    [protocol] New Top Block Detected: 5539
2026-Sep-11 08:29:54.340456 INFO    [protocol] New Top Block Detected: 5540
2026-Sep-11 08:30:01.219810 INFO    [protocol] New Top Block Detected: 5541
2026-Sep-11 08:30:06.597107 INFO    [protocol] New Top Block Detected: 5542
2026-Sep-11 08:30:41.245849 INFO    [protocol] New Top Block Detected: 5543
2026-Sep-11 08:30:55.292462 INFO    [protocol] New Top Block Detected: 5544
2026-Sep-11 08:31:39.693926 INFO    [protocol] New Top Block Detected: 5545
2026-Sep-11 08:32:15.618543 INFO    [protocol] New Top Block Detected: 5546
2026-Sep-11 08:32:38.590040 INFO    [protocol] New Top Block Detected: 5547
2026-Sep-11 08:33:29.988698 INFO    [protocol] New Top Block Detected: 5548
2026-Sep-11 08:33:54.637916 INFO    [protocol] New Top Block Detected: 5549
2026-Sep-11 08:34:08.764707 INFO    [protocol] New Top Block Detected: 5550
2026-Sep-11 08:34:34.241271 INFO    [protocol] New Top Block Detected: 5551
2026-Sep-11 08:34:36.248851 INFO    [protocol] New Top Block Detected: 5552
2026-Sep-11 08:34:49.303095 INFO    [protocol] New Top Block Detected: 5553
2026-Sep-11 08:35:08.357318 INFO    [protocol] New Top Block Detected: 5554
2026-Sep-11 08:35:42.497585 INFO    [protocol] New Top Block Detected: 5555
2026-Sep-11 08:37:10.861690 INFO    [protocol] New Top Block Detected: 5556
2026-Sep-11 08:38:19.129920 INFO    [protocol] New Top Block Detected: 5557
2026-Sep-11 08:38:33.177723 INFO    [protocol] New Top Block Detected: 5558
2026-Sep-11 08:38:43.214800 INFO    [protocol] New Top Block Detected: 5559
2026-Sep-11 08:38:53.705586 INFO    [protocol] New Top Block Detected: 5560
2026-Sep-11 08:39:53.472874 INFO    [protocol] New Top Block Detected: 5561
2026-Sep-11 08:39:56.988848 INFO    [protocol] New Top Block Detected: 5562
2026-Sep-11 08:40:27.698419 INFO    [protocol] New Top Block Detected: 5563
2026-Sep-11 08:40:49.848026 INFO    [protocol] New Top Block Detected: 5564
2026-Sep-11 08:41:01.226228 INFO    [protocol] New Top Block Detected: 5565
2026-Sep-11 08:42:37.862938 INFO    [protocol] New Top Block Detected: 5566
2026-Sep-11 08:42:45.433300 INFO    [protocol] New Top Block Detected: 5567
2026-Sep-11 08:43:14.663585 INFO    [protocol] New Top Block Detected: 5568
2026-Sep-11 08:43:37.694456 INFO    [protocol] New Top Block Detected: 5569
2026-Sep-11 08:44:06.629880 INFO    [protocol] New Top Block Detected: 5570
2026-Sep-11 08:44:28.866341 INFO    [protocol] New Top Block Detected: 5571
2026-Sep-11 08:44:44.931648 INFO    [protocol] New Top Block Detected: 5572
2026-Sep-11 08:45:43.140526 INFO    [protocol] New Top Block Detected: 5573
2026-Sep-11 08:46:00.626849 INFO    [protocol] New Top Block Detected: 5574
2026-Sep-11 08:46:14.588313 INFO    [protocol] New Top Block Detected: 5575
2026-Sep-11 08:46:17.301403 INFO    [protocol] New Top Block Detected: 5576
2026-Sep-11 08:47:54.349719 INFO    [protocol] New Top Block Detected: 5577
2026-Sep-11 08:48:14.513747 INFO    [protocol] New Top Block Detected: 5578
2026-Sep-11 08:48:17.817865 INFO    [protocol] New Top Block Detected: 5579
2026-Sep-11 08:48:23.902471 INFO    [protocol] New Top Block Detected: 5580
2026-Sep-11 08:49:16.136873 INFO    [protocol] New Top Block Detected: 5581
2026-Sep-11 08:49:35.089051 INFO    [protocol] New Top Block Detected: 5582
2026-Sep-11 08:49:36.913362 INFO    [protocol] New Top Block Detected: 5583
2026-Sep-11 08:49:44.359052 INFO    [protocol] New Top Block Detected: 5584
2026-Sep-11 08:51:02.552440 INFO    [protocol] New Top Block Detected: 5585
2026-Sep-11 08:52:02.139116 INFO    [protocol] New Top Block Detected: 5586
2026-Sep-11 08:52:20.576084 INFO    [protocol] New Top Block Detected: 5587
2026-Sep-11 08:52:38.732224 INFO    [protocol] New Top Block Detected: 5588
2026-Sep-11 08:52:51.099603 INFO    [protocol] New Top Block Detected: 5589
2026-Sep-11 08:53:17.128143 INFO    [protocol] New Top Block Detected: 5590
2026-Sep-11 08:53:31.183227 INFO    [protocol] New Top Block Detected: 5591
2026-Sep-11 08:54:51.505095 INFO    [protocol] New Top Block Detected: 5592
2026-Sep-11 08:56:01.782566 INFO    [protocol] New Top Block Detected: 5593
2026-Sep-11 08:56:07.806051 INFO    [protocol] New Top Block Detected: 5594
2026-Sep-11 08:56:27.883633 INFO    [protocol] New Top Block Detected: 5595
2026-Sep-11 08:56:41.210510 INFO    [protocol] New Top Block Detected: 5596
2026-Sep-11 08:56:57.231133 INFO    [protocol] New Top Block Detected: 5597
2026-Sep-11 08:57:36.249255 INFO    [protocol] New Top Block Detected: 5598
2026-Sep-11 08:57:55.991624 INFO    [protocol] New Top Block Detected: 5599
2026-Sep-11 08:58:12.117386 INFO    [protocol] New Top Block Detected: 5600
2026-Sep-11 08:59:44.381565 INFO    [protocol] New Top Block Detected: 5601
2026-Sep-11 08:59:44.407904 INFO    [Core] Block 5600 (c2d2cf82f68f87f8a0c597d6d76050afb756d2a3eb704f1e9c62d8db2f32c21c) added to main chain
2026-Sep-11 09:00:12.970879 INFO    [protocol] New Top Block Detected: 5602
2026-Sep-11 09:00:24.651760 INFO    [protocol] New Top Block Detected: 5603
2026-Sep-11 09:01:59.440613 INFO    [protocol] New Top Block Detected: 5604
2026-Sep-11 09:04:17.983839 INFO    [protocol] New Top Block Detected: 5605
2026-Sep-11 09:05:04.297692 INFO    [protocol] New Top Block Detected: 5606
2026-Sep-11 09:05:29.791725 INFO    [protocol] New Top Block Detected: 5607
2026-Sep-11 09:05:45.160914 INFO    [protocol] New Top Block Detected: 5608
2026-Sep-11 09:06:06.543665 INFO    [protocol] New Top Block Detected: 5609
2026-Sep-11 09:06:46.683395 INFO    [protocol] New Top Block Detected: 5610
2026-Sep-11 09:07:04.739779 INFO    [protocol] New Top Block Detected: 5611
2026-Sep-11 09:07:18.099522 INFO    [protocol] New Top Block Detected: 5612
2026-Sep-11 09:07:40.985763 INFO    [protocol] New Top Block Detected: 5613
2026-Sep-11 09:08:18.163939 INFO    [protocol] New Top Block Detected: 5614
2026-Sep-11 09:08:31.681572 INFO    [protocol] New Top Block Detected: 5615
2026-Sep-11 09:08:39.640684 INFO    [protocol] New Top Block Detected: 5616
2026-Sep-11 09:08:47.280903 INFO    [protocol] New Top Block Detected: 5617
2026-Sep-11 09:08:49.289199 INFO    [protocol] New Top Block Detected: 5618
2026-Sep-11 09:09:09.066918 INFO    [protocol] New Top Block Detected: 5619
2026-Sep-11 09:09:13.370900 INFO    [protocol] New Top Block Detected: 5620
2026-Sep-11 09:09:15.788260 INFO    [protocol] New Top Block Detected: 5621
2026-Sep-11 09:10:07.575050 INFO    [protocol] New Top Block Detected: 5622
2026-Sep-11 09:10:31.659255 INFO    [protocol] New Top Block Detected: 5623
2026-Sep-11 09:10:59.765183 INFO    [protocol] New Top Block Detected: 5624
2026-Sep-11 09:13:39.872588 INFO    [protocol] New Top Block Detected: 5625
2026-Sep-11 09:14:36.964932 INFO    [protocol] New Top Block Detected: 5626
2026-Sep-11 09:15:06.717848 INFO    [protocol] New Top Block Detected: 5627
2026-Sep-11 09:15:26.803912 INFO    [protocol] New Top Block Detected: 5628
2026-Sep-11 09:15:32.828554 INFO    [protocol] New Top Block Detected: 5629
2026-Sep-11 09:15:34.048537 INFO    [protocol] New Top Block Detected: 5630
2026-Sep-11 09:15:48.887858 INFO    [protocol] New Top Block Detected: 5631
2026-Sep-11 09:16:37.589032 INFO    [protocol] New Top Block Detected: 5632
2026-Sep-11 09:17:17.258652 INFO    [protocol] New Top Block Detected: 5633
2026-Sep-11 09:17:27.328407 INFO    [protocol] New Top Block Detected: 5634
2026-Sep-11 09:18:35.599597 INFO    [protocol] New Top Block Detected: 5635
2026-Sep-11 09:18:41.619213 INFO    [protocol] New Top Block Detected: 5636
2026-Sep-11 09:18:46.905854 INFO    [protocol] New Top Block Detected: 5637
2026-Sep-11 09:18:54.543780 INFO    [protocol] New Top Block Detected: 5638
2026-Sep-11 09:19:07.589917 INFO    [protocol] New Top Block Detected: 5639
2026-Sep-11 09:20:22.020766 INFO    [protocol] New Top Block Detected: 5640
2026-Sep-11 09:20:38.174978 INFO    [protocol] New Top Block Detected: 5641
2026-Sep-11 09:21:28.384798 INFO    [protocol] New Top Block Detected: 5642
2026-Sep-11 09:22:02.329593 INFO    [protocol] New Top Block Detected: 5643
2026-Sep-11 09:22:38.660689 INFO    [protocol] New Top Block Detected: 5644
2026-Sep-11 09:22:50.707570 INFO    [protocol] New Top Block Detected: 5645
2026-Sep-11 09:22:52.715503 INFO    [protocol] New Top Block Detected: 5646
2026-Sep-11 09:23:19.038794 INFO    [protocol] New Top Block Detected: 5647
2026-Sep-11 09:23:44.922339 INFO    [protocol] New Top Block Detected: 5648
2026-Sep-11 09:24:06.104444 INFO    [protocol] New Top Block Detected: 5649
2026-Sep-11 09:24:08.771729 INFO    [protocol] New Top Block Detected: 5651
2026-Sep-11 09:24:19.223104 INFO    [protocol] New Top Block Detected: 5652
2026-Sep-11 09:24:43.322439 INFO    [protocol] New Top Block Detected: 5653
2026-Sep-11 09:25:37.611954 INFO    [protocol] New Top Block Detected: 5654
2026-Sep-11 09:26:29.809038 INFO    [protocol] New Top Block Detected: 5655
2026-Sep-11 09:27:19.996217 INFO    [protocol] New Top Block Detected: 5656
2026-Sep-11 09:28:00.229383 INFO    [protocol] New Top Block Detected: 5657
2026-Sep-11 09:28:46.420281 INFO    [protocol] New Top Block Detected: 5658
2026-Sep-11 09:29:00.507522 INFO    [protocol] New Top Block Detected: 5659
2026-Sep-11 09:29:28.528963 INFO    [protocol] New Top Block Detected: 5660
2026-Sep-11 09:29:54.807418 INFO    [protocol] New Top Block Detected: 5661
2026-Sep-11 09:29:57.067625 INFO    [protocol] New Top Block Detected: 5662
2026-Sep-11 09:30:09.807234 INFO    [protocol] New Top Block Detected: 5663
2026-Sep-11 09:31:32.911812 INFO    [protocol] New Top Block Detected: 5664
2026-Sep-11 09:31:53.942086 INFO    [protocol] New Top Block Detected: 5665
2026-Sep-11 09:33:28.843068 INFO    [protocol] New Top Block Detected: 5666
2026-Sep-11 09:35:42.143886 INFO    [protocol] New Top Block Detected: 5667
2026-Sep-11 09:36:24.470640 INFO    [protocol] New Top Block Detected: 5668
2026-Sep-11 09:36:35.578863 INFO    [protocol] New Top Block Detected: 5669
2026-Sep-11 09:37:02.979728 INFO    [protocol] New Top Block Detected: 5670
2026-Sep-11 09:37:30.819498 INFO    [protocol] New Top Block Detected: 5671
2026-Sep-11 09:37:48.901484 INFO    [protocol] New Top Block Detected: 5672
2026-Sep-11 09:38:23.043482 INFO    [protocol] New Top Block Detected: 5673
2026-Sep-11 09:38:35.083250 INFO    [protocol] New Top Block Detected: 5674
2026-Sep-11 09:39:17.003589 INFO    [protocol] New Top Block Detected: 5675
2026-Sep-11 09:39:22.637482 INFO    [protocol] New Top Block Detected: 5676
2026-Sep-11 09:39:36.992556 INFO    [protocol] New Top Block Detected: 5677
2026-Sep-11 09:40:45.853805 INFO    [protocol] New Top Block Detected: 5678
2026-Sep-11 09:41:05.728179 INFO    [protocol] New Top Block Detected: 5679
2026-Sep-11 09:41:08.746193 INFO    [protocol] New Top Block Detected: 5680
2026-Sep-11 09:41:15.768026 INFO    [protocol] New Top Block Detected: 5681
2026-Sep-11 09:41:33.831829 INFO    [protocol] New Top Block Detected: 5682
2026-Sep-11 09:41:37.843809 INFO    [protocol] New Top Block Detected: 5683
2026-Sep-11 09:41:46.660091 INFO    [protocol] New Top Block Detected: 5684
2026-Sep-11 09:42:37.044217 INFO    [protocol] New Top Block Detected: 5685
2026-Sep-11 09:42:50.797581 INFO    [protocol] New Top Block Detected: 5686
2026-Sep-11 09:42:57.183466 INFO    [protocol] New Top Block Detected: 5687
2026-Sep-11 09:43:22.452924 INFO    [protocol] New Top Block Detected: 5688
2026-Sep-11 09:44:00.473317 INFO    [protocol] New Top Block Detected: 5689
2026-Sep-11 09:44:46.644235 INFO    [protocol] New Top Block Detected: 5690
2026-Sep-11 09:44:50.657313 INFO    [protocol] New Top Block Detected: 5691
2026-Sep-11 09:46:32.866038 INFO    [protocol] New Top Block Detected: 5692
2026-Sep-11 09:48:33.520882 INFO    [protocol] New Top Block Detected: 5693
2026-Sep-11 09:48:53.694661 INFO    [protocol] New Top Block Detected: 5694
2026-Sep-11 09:48:54.760160 INFO    [protocol] New Top Block Detected: 5695
2026-Sep-11 09:49:13.687841 INFO    [protocol] New Top Block Detected: 5696
2026-Sep-11 09:50:05.959849 INFO    [protocol] New Top Block Detected: 5697
2026-Sep-11 09:50:11.980808 INFO    [protocol] New Top Block Detected: 5698
2026-Sep-11 09:50:44.093224 INFO    [protocol] New Top Block Detected: 5699
2026-Sep-11 09:51:21.255553 INFO    [protocol] New Top Block Detected: 5700
2026-Sep-11 09:52:18.756281 INFO    [Core] Block 5700 (3755863d1304e0ec6c4916650b2f0db3f572251b751fbd1b1f8e858ca070293a) added to main chain
2026-Sep-11 09:52:20.464457 INFO    [protocol] New Top Block Detected: 5701
2026-Sep-11 09:52:52.108932 INFO    [protocol] New Top Block Detected: 5702
2026-Sep-11 09:52:54.585016 INFO    [protocol] New Top Block Detected: 5703
2026-Sep-11 09:53:08.373500 INFO    [protocol] New Top Block Detected: 5704
2026-Sep-11 09:53:20.767454 INFO    [protocol] New Top Block Detected: 5705
2026-Sep-11 09:54:16.954819 INFO    [protocol] New Top Block Detected: 5706
2026-Sep-11 09:55:49.782385 INFO    [protocol] New Top Block Detected: 5707
2026-Sep-11 09:56:08.281649 INFO    [protocol] New Top Block Detected: 5708
2026-Sep-11 09:57:08.769290 INFO    [protocol] New Top Block Detected: 5709
2026-Sep-11 09:57:57.888310 INFO    [protocol] New Top Block Detected: 5710
2026-Sep-11 09:58:59.189119 INFO    [protocol] New Top Block Detected: 5711
2026-Sep-11 09:59:07.215149 INFO    [protocol] New Top Block Detected: 5712
2026-Sep-11 09:59:15.467799 INFO    [protocol] New Top Block Detected: 5713
2026-Sep-11 09:59:21.264132 INFO    [protocol] New Top Block Detected: 5714
2026-Sep-11 09:59:22.387991 INFO    [protocol] New Top Block Detected: 5715
2026-Sep-11 10:00:13.556790 INFO    [protocol] New Top Block Detected: 5716
2026-Sep-11 10:00:25.616749 INFO    [protocol] New Top Block Detected: 5717
2026-Sep-11 10:00:32.706459 INFO    [protocol] New Top Block Detected: 5718
2026-Sep-11 10:01:01.849040 INFO    [protocol] New Top Block Detected: 5719
2026-Sep-11 10:01:07.872346 INFO    [protocol] New Top Block Detected: 5720
2026-Sep-11 10:01:23.564954 INFO    [protocol] New Top Block Detected: 5721
2026-Sep-11 10:01:37.984856 INFO    [protocol] New Top Block Detected: 5722
2026-Sep-11 10:02:08.110390 INFO    [protocol] New Top Block Detected: 5723
2026-Sep-11 10:02:18.157799 INFO    [protocol] New Top Block Detected: 5724
2026-Sep-11 10:03:13.352975 INFO    [protocol] New Top Block Detected: 5725
2026-Sep-11 10:03:14.571254 INFO    [protocol] New Top Block Detected: 5726
2026-Sep-11 10:03:20.562238 INFO    [protocol] New Top Block Detected: 5727
2026-Sep-11 10:04:37.839437 INFO    [protocol] New Top Block Detected: 5728
2026-Sep-11 10:07:29.572879 INFO    [protocol] New Top Block Detected: 5729
2026-Sep-11 10:08:33.814082 INFO    [protocol] New Top Block Detected: 5730
2026-Sep-11 10:10:23.735270 INFO    [protocol] New Top Block Detected: 5731
2026-Sep-11 10:10:58.368705 INFO    [protocol] New Top Block Detected: 5732
2026-Sep-11 10:11:00.375638 INFO    [protocol] New Top Block Detected: 5733
2026-Sep-11 10:11:00.996827 INFO    [protocol] New Top Block Detected: 5734
2026-Sep-11 10:11:18.446419 INFO    [protocol] New Top Block Detected: 5735
2026-Sep-11 10:12:48.939042 INFO    [protocol] New Top Block Detected: 5736
2026-Sep-11 10:13:43.145682 INFO    [protocol] New Top Block Detected: 5737
2026-Sep-11 10:13:51.174533 INFO    [protocol] New Top Block Detected: 5738
2026-Sep-11 10:14:10.010375 INFO    [protocol] New Top Block Detected: 5739
2026-Sep-11 10:14:10.334852 INFO    [protocol] New Top Block Detected: 5740
2026-Sep-11 10:14:17.267034 INFO    [protocol] New Top Block Detected: 5741
2026-Sep-11 10:14:20.630444 INFO    [protocol] New Top Block Detected: 5742
2026-Sep-11 10:14:58.672137 INFO    [protocol] New Top Block Detected: 5743
2026-Sep-11 10:15:21.621710 INFO    [protocol] New Top Block Detected: 5744
2026-Sep-11 10:16:11.820846 INFO    [protocol] New Top Block Detected: 5745
2026-Sep-11 10:16:55.989728 INFO    [protocol] New Top Block Detected: 5746
2026-Sep-11 10:17:28.127470 INFO    [protocol] New Top Block Detected: 5747
2026-Sep-11 10:17:32.145261 INFO    [protocol] New Top Block Detected: 5748
2026-Sep-11 10:18:11.652931 INFO    [protocol] New Top Block Detected: 5749
2026-Sep-11 10:18:22.199584 INFO    [protocol] New Top Block Detected: 5750
2026-Sep-11 10:18:30.393500 INFO    [protocol] New Top Block Detected: 5751
2026-Sep-11 10:19:04.518006 INFO    [protocol] New Top Block Detected: 5752
2026-Sep-11 10:19:23.306563 INFO    [protocol] New Top Block Detected: 5753
2026-Sep-11 10:19:45.759759 INFO    [protocol] New Top Block Detected: 5754
2026-Sep-11 10:19:53.824030 INFO    [protocol] New Top Block Detected: 5755
2026-Sep-11 10:20:07.457749 INFO    [protocol] New Top Block Detected: 5756
2026-Sep-11 10:20:28.409497 INFO    [protocol] New Top Block Detected: 5757
2026-Sep-11 10:21:25.395656 INFO    [protocol] New Top Block Detected: 5758
2026-Sep-11 10:22:01.672064 INFO    [protocol] New Top Block Detected: 5759
2026-Sep-11 10:22:07.693749 INFO    [protocol] New Top Block Detected: 5760
2026-Sep-11 10:22:15.728294 INFO    [protocol] New Top Block Detected: 5761
2026-Sep-11 10:23:42.053523 INFO    [protocol] New Top Block Detected: 5762
2026-Sep-11 10:24:07.509903 INFO    [protocol] New Top Block Detected: 5764
2026-Sep-11 10:24:36.949757 INFO    [protocol] New Top Block Detected: 5765
2026-Sep-11 10:24:46.095295 INFO    [protocol] New Top Block Detected: 5766
2026-Sep-11 10:25:56.572150 INFO    [protocol] New Top Block Detected: 5767
2026-Sep-11 10:26:11.592231 INFO    [protocol] New Top Block Detected: 5768
2026-Sep-11 10:26:56.967556 INFO    [protocol] New Top Block Detected: 5769
2026-Sep-11 10:27:23.919442 INFO    [protocol] New Top Block Detected: 5770
2026-Sep-11 10:27:34.648773 INFO    [protocol] New Top Block Detected: 5771
2026-Sep-11 10:28:25.257392 INFO    [protocol] New Top Block Detected: 5772
2026-Sep-11 10:29:13.795465 INFO    [protocol] New Top Block Detected: 5773
2026-Sep-11 10:29:45.724329 INFO    [protocol] New Top Block Detected: 5774
2026-Sep-11 10:30:25.883024 INFO    [protocol] New Top Block Detected: 5775
2026-Sep-11 10:31:08.098246 INFO    [protocol] New Top Block Detected: 5776
2026-Sep-11 10:32:28.211764 INFO    [protocol] New Top Block Detected: 5777
2026-Sep-11 10:32:34.403715 INFO    [protocol] New Top Block Detected: 5778
2026-Sep-11 10:32:45.964059 INFO    [protocol] New Top Block Detected: 5779
2026-Sep-11 10:32:54.469128 INFO    [protocol] New Top Block Detected: 5780
2026-Sep-11 10:32:56.475281 INFO    [protocol] New Top Block Detected: 5781
2026-Sep-11 10:33:16.549045 INFO    [protocol] New Top Block Detected: 5782
2026-Sep-11 10:33:20.563878 INFO    [protocol] New Top Block Detected: 5783
2026-Sep-11 10:34:26.784144 INFO    [protocol] New Top Block Detected: 5784
2026-Sep-11 10:34:29.187510 INFO    [protocol] New Top Block Detected: 5785
2026-Sep-11 10:34:38.176371 INFO    [protocol] New Top Block Detected: 5786
2026-Sep-11 10:34:50.980403 INFO    [protocol] New Top Block Detected: 5787
2026-Sep-11 10:35:05.034969 INFO    [protocol] New Top Block Detected: 5788
2026-Sep-11 10:36:25.338813 INFO    [protocol] New Top Block Detected: 5789
2026-Sep-11 10:37:06.577383 INFO    [protocol] New Top Block Detected: 5790
2026-Sep-11 10:40:05.229402 INFO    [protocol] New Top Block Detected: 5791
2026-Sep-11 10:40:39.365848 INFO    [protocol] New Top Block Detected: 5792
2026-Sep-11 10:40:43.380893 INFO    [protocol] New Top Block Detected: 5793
2026-Sep-11 10:41:25.549835 INFO    [protocol] New Top Block Detected: 5794
2026-Sep-11 10:41:33.537347 INFO    [protocol] New Top Block Detected: 5795
2026-Sep-11 10:41:36.548510 INFO    [protocol] New Top Block Detected: 5796
2026-Sep-11 10:41:37.563450 INFO    [protocol] New Top Block Detected: 5797
2026-Sep-11 10:41:56.417904 INFO    [protocol] New Top Block Detected: 5798
2026-Sep-11 10:42:46.337827 INFO    [protocol] New Top Block Detected: 5799
2026-Sep-11 10:42:59.911554 INFO    [protocol] New Top Block Detected: 5800
2026-Sep-11 10:43:06.268425 INFO    [protocol] New Top Block Detected: 5801
2026-Sep-11 10:43:06.282143 INFO    [Core] Block 5800 (6ea4ed71f0289569fffdae60a18b7532106043581804104110745f85e5c7abc2) added to main chain
2026-Sep-11 10:43:22.694598 INFO    [protocol] New Top Block Detected: 5802
2026-Sep-11 10:43:37.171271 INFO    [protocol] New Top Block Detected: 5803
2026-Sep-11 10:43:53.231279 INFO    [protocol] New Top Block Detected: 5804
2026-Sep-11 10:44:19.340718 INFO    [protocol] New Top Block Detected: 5805
2026-Sep-11 10:44:32.186521 INFO    [protocol] New Top Block Detected: 5806
2026-Sep-11 10:44:39.637799 INFO    [protocol] New Top Block Detected: 5807
2026-Sep-11 10:44:55.749587 INFO    [protocol] New Top Block Detected: 5808
2026-Sep-11 10:45:47.089989 INFO    [protocol] New Top Block Detected: 5809
2026-Sep-11 10:47:01.968555 INFO    [protocol] New Top Block Detected: 5810
2026-Sep-11 10:47:23.566108 INFO    [protocol] New Top Block Detected: 5811
2026-Sep-11 10:47:40.252192 INFO    [protocol] New Top Block Detected: 5812
2026-Sep-11 10:47:45.152966 INFO    [protocol] New Top Block Detected: 5813
2026-Sep-11 10:48:40.482375 INFO    [protocol] New Top Block Detected: 5814
2026-Sep-11 10:48:54.531611 INFO    [protocol] New Top Block Detected: 5815
2026-Sep-11 10:49:10.595193 INFO    [protocol] New Top Block Detected: 5816
2026-Sep-11 10:50:54.734914 INFO    [protocol] New Top Block Detected: 5817
2026-Sep-11 10:52:30.767985 INFO    [protocol] New Top Block Detected: 5818
2026-Sep-11 10:52:45.381661 INFO    [protocol] New Top Block Detected: 5819
2026-Sep-11 10:55:50.142076 INFO    [protocol] New Top Block Detected: 5820
2026-Sep-11 10:57:16.113096 INFO    [protocol] New Top Block Detected: 5821
2026-Sep-11 10:57:20.535279 INFO    [protocol] New Top Block Detected: 5822
2026-Sep-11 10:57:24.857324 INFO    [protocol] New Top Block Detected: 5823
2026-Sep-11 10:57:32.583577 INFO    [protocol] New Top Block Detected: 5824
2026-Sep-11 10:58:28.934088 INFO    [protocol] New Top Block Detected: 5825
2026-Sep-11 10:58:37.506659 INFO    [protocol] New Top Block Detected: 5826
2026-Sep-11 10:58:42.941319 INFO    [protocol] New Top Block Detected: 5827
2026-Sep-11 10:58:59.000525 INFO    [protocol] New Top Block Detected: 5829
2026-Sep-11 10:59:22.068940 INFO    [protocol] New Top Block Detected: 5830
2026-Sep-11 11:00:08.264417 INFO    [protocol] New Top Block Detected: 5831
2026-Sep-11 11:00:19.382405 INFO    [protocol] New Top Block Detected: 5832
2026-Sep-11 11:00:34.125876 INFO    [protocol] New Top Block Detected: 5833
2026-Sep-11 11:00:36.386982 INFO    [protocol] New Top Block Detected: 5834
2026-Sep-11 11:00:51.705304 INFO    [protocol] New Top Block Detected: 5835
2026-Sep-11 11:00:55.177301 INFO    [protocol] New Top Block Detected: 5836
2026-Sep-11 11:01:05.562448 INFO    [protocol] New Top Block Detected: 5837
2026-Sep-11 11:01:31.662996 INFO    [protocol] New Top Block Detected: 5838
2026-Sep-11 11:03:15.607906 INFO    [protocol] New Top Block Detected: 5839
2026-Sep-11 11:04:26.331341 INFO    [protocol] New Top Block Detected: 5840
2026-Sep-11 11:04:42.391178 INFO    [protocol] New Top Block Detected: 5841
2026-Sep-11 11:05:28.572367 INFO    [protocol] New Top Block Detected: 5842
2026-Sep-11 11:06:03.889656 INFO    [protocol] New Top Block Detected: 5843
2026-Sep-11 11:06:17.669063 INFO    [protocol] New Top Block Detected: 5844
2026-Sep-11 11:07:28.765767 INFO    [protocol] New Top Block Detected: 5845
2026-Sep-11 11:07:59.181442 INFO    [protocol] New Top Block Detected: 5846
2026-Sep-11 11:08:22.204662 INFO    [protocol] New Top Block Detected: 5847
2026-Sep-11 11:08:27.980293 INFO    [protocol] New Top Block Detected: 5848
2026-Sep-11 11:08:37.996736 INFO    [protocol] New Top Block Detected: 5849
2026-Sep-11 11:09:25.605937 INFO    [protocol] New Top Block Detected: 5850
2026-Sep-11 11:09:39.658462 INFO    [protocol] New Top Block Detected: 5851
2026-Sep-11 11:10:52.900908 INFO    [protocol] New Top Block Detected: 5852
2026-Sep-11 11:11:00.084661 INFO    [protocol] New Top Block Detected: 5853
2026-Sep-11 11:11:08.387908 INFO    [protocol] New Top Block Detected: 5854
2026-Sep-11 11:11:14.276309 INFO    [protocol] New Top Block Detected: 5855
2026-Sep-11 11:11:50.419685 INFO    [protocol] New Top Block Detected: 5856
2026-Sep-11 11:11:54.442405 INFO    [protocol] New Top Block Detected: 5857
2026-Sep-11 11:12:12.528774 INFO    [protocol] New Top Block Detected: 5858
2026-Sep-11 11:12:21.573381 INFO    [protocol] New Top Block Detected: 5859
2026-Sep-11 11:12:30.120475 INFO    [protocol] New Top Block Detected: 5860
2026-Sep-11 11:12:44.663819 INFO    [protocol] New Top Block Detected: 5862
2026-Sep-11 11:13:08.768783 INFO    [protocol] New Top Block Detected: 5863
2026-Sep-11 11:13:38.893567 INFO    [protocol] New Top Block Detected: 5864
2026-Sep-11 11:16:31.625314 INFO    [protocol] New Top Block Detected: 5865
2026-Sep-11 11:17:07.746193 INFO    [protocol] New Top Block Detected: 5866
2026-Sep-11 11:18:52.159770 INFO    [protocol] New Top Block Detected: 5867
2026-Sep-11 11:19:01.403458 INFO    [protocol] New Top Block Detected: 5868
2026-Sep-11 11:19:52.521961 INFO    [protocol] New Top Block Detected: 5869
2026-Sep-11 11:21:14.841548 INFO    [protocol] New Top Block Detected: 5870
2026-Sep-11 11:23:27.348972 INFO    [protocol] New Top Block Detected: 5871
2026-Sep-11 11:24:47.657691 INFO    [protocol] New Top Block Detected: 5872
2026-Sep-11 11:24:59.701657 INFO    [protocol] New Top Block Detected: 5873
2026-Sep-11 11:25:01.711234 INFO    [protocol] New Top Block Detected: 5874
2026-Sep-11 11:25:08.715476 INFO    [protocol] New Top Block Detected: 5875
2026-Sep-11 11:25:21.068536 INFO    [protocol] New Top Block Detected: 5876
2026-Sep-11 11:25:25.801281 INFO    [protocol] New Top Block Detected: 5877
2026-Sep-11 11:25:41.875972 INFO    [protocol] New Top Block Detected: 5878
2026-Sep-11 11:25:43.072503 INFO    [protocol] New Top Block Detected: 5879
2026-Sep-11 11:25:49.911168 INFO    [protocol] New Top Block Detected: 5880
2026-Sep-11 11:26:18.391906 INFO    [protocol] New Top Block Detected: 5881
2026-Sep-11 11:26:19.805059 INFO    [protocol] New Top Block Detected: 5882
2026-Sep-11 11:26:33.213277 INFO    [protocol] New Top Block Detected: 5883
2026-Sep-11 11:27:25.414235 INFO    [protocol] New Top Block Detected: 5884
2026-Sep-11 11:27:28.440767 INFO    [protocol] New Top Block Detected: 5885
2026-Sep-11 11:28:03.911849 INFO    [protocol] New Top Block Detected: 5886
2026-Sep-11 11:28:21.638895 INFO    [protocol] New Top Block Detected: 5887
2026-Sep-11 11:28:23.656686 INFO    [protocol] New Top Block Detected: 5888
2026-Sep-11 11:28:37.714764 INFO    [protocol] New Top Block Detected: 5889
2026-Sep-11 11:29:09.405279 INFO    [protocol] New Top Block Detected: 5890
2026-Sep-11 11:30:33.845180 INFO    [protocol] New Top Block Detected: 5891
2026-Sep-11 11:32:48.728057 INFO    [protocol] New Top Block Detected: 5892
2026-Sep-11 11:33:08.775760 INFO    [protocol] New Top Block Detected: 5893
2026-Sep-11 11:34:05.088429 INFO    [protocol] New Top Block Detected: 5894
2026-Sep-11 11:34:08.268919 INFO    [protocol] New Top Block Detected: 5895
2026-Sep-11 11:35:01.800237 INFO    [protocol] New Top Block Detected: 5896
2026-Sep-11 11:36:09.035685 INFO    [protocol] New Top Block Detected: 5897
2026-Sep-11 11:36:22.507243 INFO    [protocol] New Top Block Detected: 5898
2026-Sep-11 11:36:49.680524 INFO    [protocol] New Top Block Detected: 5899
2026-Sep-11 11:36:55.694770 INFO    [protocol] New Top Block Detected: 5900
2026-Sep-11 11:37:18.080069 INFO    [Core] Block 5900 (9e90694293052aceb18193138fd24cca23872847c85bb58429099045715e1a38) added to main chain
2026-Sep-11 11:37:19.778868 INFO    [protocol] New Top Block Detected: 5901
2026-Sep-11 11:38:01.631652 INFO    [protocol] New Top Block Detected: 5902
2026-Sep-11 11:38:08.283260 INFO    [protocol] New Top Block Detected: 5903
2026-Sep-11 11:38:28.370952 INFO    [protocol] New Top Block Detected: 5904
2026-Sep-11 11:38:42.514663 INFO    [protocol] New Top Block Detected: 5905
2026-Sep-11 11:38:59.945903 INFO    [protocol] New Top Block Detected: 5906
2026-Sep-11 11:39:08.189987 INFO    [protocol] New Top Block Detected: 5907
2026-Sep-11 11:39:16.338620 INFO    [protocol] New Top Block Detected: 5908
2026-Sep-11 11:41:45.282397 INFO    [protocol] New Top Block Detected: 5909
2026-Sep-11 11:42:25.436348 INFO    [protocol] New Top Block Detected: 5910
2026-Sep-11 11:42:51.608436 INFO    [protocol] New Top Block Detected: 5911
2026-Sep-11 11:43:15.723902 INFO    [protocol] New Top Block Detected: 5912
2026-Sep-11 11:43:56.313099 INFO    [protocol] New Top Block Detected: 5913
2026-Sep-11 11:43:57.891097 INFO    [protocol] New Top Block Detected: 5914
2026-Sep-11 11:44:00.037038 INFO    [protocol] New Top Block Detected: 5915
2026-Sep-11 11:44:19.131486 INFO    [protocol] New Top Block Detected: 5916
2026-Sep-11 11:45:27.721776 INFO    [protocol] New Top Block Detected: 5917
2026-Sep-11 11:47:21.692757 INFO    [protocol] New Top Block Detected: 5918
2026-Sep-11 11:49:41.338104 INFO    [protocol] New Top Block Detected: 5919
2026-Sep-11 11:50:05.313589 INFO    [protocol] New Top Block Detected: 5920
2026-Sep-11 11:50:10.811549 INFO    [protocol] New Top Block Detected: 5921
2026-Sep-11 11:50:19.622388 INFO    [protocol] New Top Block Detected: 5922
2026-Sep-11 11:51:33.714377 INFO    [protocol] New Top Block Detected: 5924
2026-Sep-11 11:51:35.927400 INFO    [protocol] New Top Block Detected: 5925
2026-Sep-11 11:51:58.932665 INFO    [protocol] New Top Block Detected: 5926
2026-Sep-11 11:52:05.795119 INFO    [protocol] New Top Block Detected: 5927
2026-Sep-11 11:52:56.242595 INFO    [protocol] New Top Block Detected: 5928
2026-Sep-11 11:53:15.773735 INFO    [protocol] New Top Block Detected: 5929
2026-Sep-11 11:53:17.068164 INFO    [protocol] New Top Block Detected: 5930
2026-Sep-11 11:53:28.466028 INFO    [protocol] New Top Block Detected: 5931
2026-Sep-11 11:53:40.637770 INFO    [protocol] New Top Block Detected: 5932
2026-Sep-11 11:54:20.799887 INFO    [protocol] New Top Block Detected: 5933
2026-Sep-11 11:55:25.098037 INFO    [protocol] New Top Block Detected: 5934
2026-Sep-11 11:55:26.847692 INFO    [protocol] New Top Block Detected: 5935
2026-Sep-11 11:55:49.192324 INFO    [protocol] New Top Block Detected: 5936
2026-Sep-11 11:56:13.880322 INFO    [protocol] New Top Block Detected: 5937
2026-Sep-11 11:58:24.410850 INFO    [protocol] New Top Block Detected: 5938
2026-Sep-11 11:58:46.012818 INFO    [protocol] New Top Block Detected: 5939
2026-Sep-11 11:59:01.082464 INFO    [protocol] New Top Block Detected: 5940
2026-Sep-11 11:59:28.139266 INFO    [protocol] New Top Block Detected: 5941
2026-Sep-11 11:59:33.729253 INFO    [protocol] New Top Block Detected: 5942
2026-Sep-11 11:59:36.203181 INFO    [protocol] New Top Block Detected: 5943
2026-Sep-11 11:59:46.238449 INFO    [protocol] New Top Block Detected: 5944
2026-Sep-11 12:00:44.475249 INFO    [protocol] New Top Block Detected: 5945
2026-Sep-11 12:02:36.310186 INFO    [protocol] New Top Block Detected: 5946
2026-Sep-11 12:02:50.559608 INFO    [protocol] New Top Block Detected: 5947
2026-Sep-11 12:03:17.049214 INFO    [protocol] New Top Block Detected: 5948
2026-Sep-11 12:03:58.614237 INFO    [protocol] New Top Block Detected: 5949
2026-Sep-11 12:04:23.321693 INFO    [protocol] New Top Block Detected: 5950
2026-Sep-11 12:05:05.473669 INFO    [protocol] New Top Block Detected: 5951
2026-Sep-11 12:05:15.536792 INFO    [protocol] New Top Block Detected: 5952
2026-Sep-11 12:05:53.692889 INFO    [protocol] New Top Block Detected: 5953
2026-Sep-11 12:06:05.756466 INFO    [protocol] New Top Block Detected: 5954
2026-Sep-11 12:06:08.956506 INFO    [protocol] New Top Block Detected: 5955
2026-Sep-11 12:06:25.826724 INFO    [protocol] New Top Block Detected: 5956
2026-Sep-11 12:07:50.149690 INFO    [protocol] New Top Block Detected: 5957
2026-Sep-11 12:08:17.245582 INFO    [protocol] New Top Block Detected: 5958
2026-Sep-11 12:08:18.264281 INFO    [protocol] New Top Block Detected: 5959
2026-Sep-11 12:08:22.107500 INFO    [protocol] New Top Block Detected: 5960
2026-Sep-11 12:08:52.270550 INFO    [protocol] New Top Block Detected: 5961
2026-Sep-11 12:08:52.624335 INFO    [protocol] New Top Block Detected: 5962
2026-Sep-11 12:09:09.312795 INFO    [protocol] New Top Block Detected: 5963
2026-Sep-11 12:10:12.847219 INFO    [protocol] New Top Block Detected: 5964
2026-Sep-11 12:10:52.994535 INFO    [protocol] New Top Block Detected: 5965
2026-Sep-11 12:11:35.168670 INFO    [protocol] New Top Block Detected: 5966
2026-Sep-11 12:11:57.229792 INFO    [protocol] New Top Block Detected: 5967
2026-Sep-11 12:12:13.328222 INFO    [protocol] New Top Block Detected: 5968
2026-Sep-11 12:12:29.393407 INFO    [protocol] New Top Block Detected: 5969
2026-Sep-11 12:13:11.550513 INFO    [protocol] New Top Block Detected: 5970
2026-Sep-11 12:13:13.557448 INFO    [protocol] New Top Block Detected: 5971
2026-Sep-11 12:13:47.715017 INFO    [protocol] New Top Block Detected: 5972
2026-Sep-11 12:14:28.391746 INFO    [protocol] New Top Block Detected: 5973
2026-Sep-11 12:15:10.095470 INFO    [protocol] New Top Block Detected: 5974
2026-Sep-11 12:16:40.442258 INFO    [protocol] New Top Block Detected: 5975
2026-Sep-11 12:17:48.715585 INFO    [protocol] New Top Block Detected: 5976
2026-Sep-11 12:18:10.372192 INFO    [protocol] New Top Block Detected: 5977
2026-Sep-11 12:18:12.647391 INFO    [protocol] New Top Block Detected: 5978
2026-Sep-11 12:19:10.822586 INFO    [protocol] New Top Block Detected: 5979
2026-Sep-11 12:19:13.109868 INFO    [protocol] New Top Block Detected: 5981
2026-Sep-11 12:19:24.654727 INFO    [protocol] New Top Block Detected: 5982
2026-Sep-11 12:19:38.317966 INFO    [protocol] New Top Block Detected: 5983
2026-Sep-11 12:20:31.210850 INFO    [protocol] New Top Block Detected: 5984
2026-Sep-11 12:21:13.563052 INFO    [protocol] New Top Block Detected: 5985
2026-Sep-11 12:21:15.569064 INFO    [protocol] New Top Block Detected: 5986
2026-Sep-11 12:21:35.702277 INFO    [protocol] New Top Block Detected: 5987
2026-Sep-11 12:22:03.810139 INFO    [protocol] New Top Block Detected: 5989
2026-Sep-11 12:22:37.977790 INFO    [protocol] New Top Block Detected: 5990
2026-Sep-11 12:23:30.177555 INFO    [protocol] New Top Block Detected: 5991
2026-Sep-11 12:23:40.216590 INFO    [protocol] New Top Block Detected: 5992
2026-Sep-11 12:24:02.107423 INFO    [protocol] New Top Block Detected: 5993
2026-Sep-11 12:24:04.316542 INFO    [protocol] New Top Block Detected: 5994
2026-Sep-11 12:24:12.348929 INFO    [protocol] New Top Block Detected: 5995
2026-Sep-11 12:25:57.571127 INFO    [protocol] New Top Block Detected: 5996
2026-Sep-11 12:27:17.470255 INFO    [protocol] New Top Block Detected: 5997
2026-Sep-11 12:27:33.197921 INFO    [protocol] New Top Block Detected: 5998
2026-Sep-11 12:27:36.160477 INFO    [protocol] New Top Block Detected: 5999
2026-Sep-11 12:28:15.317754 INFO    [protocol] New Top Block Detected: 6000
2026-Sep-11 12:28:17.194952 INFO    [protocol] New Top Block Detected: 6001
2026-Sep-11 12:28:17.207974 INFO    [Core] Block 6000 (2da93947066d10b7ba7242ae0009919a1d1f7de3c3f536a6e2fff90e5aa28045) added to main chain
2026-Sep-11 12:28:25.474325 INFO    [protocol] New Top Block Detected: 6002
2026-Sep-11 12:29:17.584855 INFO    [protocol] New Top Block Detected: 6003
2026-Sep-11 12:29:57.807054 INFO    [protocol] New Top Block Detected: 6004
2026-Sep-11 12:30:00.139001 INFO    [protocol] New Top Block Detected: 6005
2026-Sep-11 12:30:05.665986 INFO    [protocol] New Top Block Detected: 6006
2026-Sep-11 12:30:32.457158 INFO    [protocol] New Top Block Detected: 6007
2026-Sep-11 12:31:38.319481 INFO    [protocol] New Top Block Detected: 6008
2026-Sep-11 12:31:39.208686 INFO    [protocol] New Top Block Detected: 6009
2026-Sep-11 12:32:01.174127 INFO    [protocol] New Top Block Detected: 6010
2026-Sep-11 12:32:26.530130 INFO    [protocol] New Top Block Detected: 6011
2026-Sep-11 12:32:32.539371 INFO    [protocol] New Top Block Detected: 6012
2026-Sep-11 12:32:46.914633 INFO    [protocol] New Top Block Detected: 6013
2026-Sep-11 12:33:00.794802 INFO    [protocol] New Top Block Detected: 6014
2026-Sep-11 12:33:48.369988 INFO    [protocol] New Top Block Detected: 6015
2026-Sep-11 12:33:59.994743 INFO    [protocol] New Top Block Detected: 6016
2026-Sep-11 12:34:43.827271 INFO    [protocol] New Top Block Detected: 6017
2026-Sep-11 12:36:06.461273 INFO    [protocol] New Top Block Detected: 6018
2026-Sep-11 12:37:06.884916 INFO    [protocol] New Top Block Detected: 6019
2026-Sep-11 12:37:11.779807 INFO    [protocol] New Top Block Detected: 6020
2026-Sep-11 12:39:37.242942 INFO    [protocol] New Top Block Detected: 6021
2026-Sep-11 12:40:45.568811 INFO    [protocol] New Top Block Detected: 6022
2026-Sep-11 12:40:58.484939 INFO    [protocol] New Top Block Detected: 6023
2026-Sep-11 12:42:37.379207 INFO    [protocol] New Top Block Detected: 6024
2026-Sep-11 12:43:28.928316 INFO    [protocol] New Top Block Detected: 6025
2026-Sep-11 12:44:30.484613 INFO    [protocol] New Top Block Detected: 6026
2026-Sep-11 12:45:00.723006 INFO    [protocol] New Top Block Detected: 6027
2026-Sep-11 12:45:42.336583 INFO    [protocol] New Top Block Detected: 6028
2026-Sep-11 12:45:55.064897 INFO    [protocol] New Top Block Detected: 6029
2026-Sep-11 12:46:00.858818 INFO    [protocol] New Top Block Detected: 6030
2026-Sep-11 12:46:45.269391 INFO    [protocol] New Top Block Detected: 6031
2026-Sep-11 12:46:47.522981 INFO    [protocol] New Top Block Detected: 6032
2026-Sep-11 12:47:41.485572 INFO    [protocol] New Top Block Detected: 6033
2026-Sep-11 12:47:43.495292 INFO    [protocol] New Top Block Detected: 6034
2026-Sep-11 12:48:01.563892 INFO    [protocol] New Top Block Detected: 6035
2026-Sep-11 12:48:22.351644 INFO    [protocol] New Top Block Detected: 6036
2026-Sep-11 12:48:29.693668 INFO    [protocol] New Top Block Detected: 6037
2026-Sep-11 12:48:57.936585 INFO    [protocol] New Top Block Detected: 6038
2026-Sep-11 12:49:19.595408 INFO    [protocol] New Top Block Detected: 6039
2026-Sep-11 12:50:05.418491 INFO    [protocol] New Top Block Detected: 6040
2026-Sep-11 12:50:10.348662 INFO    [protocol] New Top Block Detected: 6041
2026-Sep-11 12:51:12.594471 INFO    [protocol] New Top Block Detected: 6042
2026-Sep-11 12:51:16.609664 INFO    [protocol] New Top Block Detected: 6043
2026-Sep-11 12:51:36.811223 INFO    [protocol] New Top Block Detected: 6044
2026-Sep-11 12:51:52.743800 INFO    [protocol] New Top Block Detected: 6045
2026-Sep-11 12:52:08.156813 INFO    [protocol] New Top Block Detected: 6046
2026-Sep-11 12:52:18.909497 INFO    [protocol] New Top Block Detected: 6047
2026-Sep-11 12:52:56.789771 INFO    [protocol] New Top Block Detected: 6048
2026-Sep-11 12:53:12.723641 INFO    [protocol] New Top Block Detected: 6049
2026-Sep-11 12:53:36.644685 INFO    [protocol] New Top Block Detected: 6050
2026-Sep-11 12:54:02.490622 INFO    [protocol] New Top Block Detected: 6051
2026-Sep-11 12:54:07.129594 INFO    [protocol] New Top Block Detected: 6052
2026-Sep-11 12:54:10.603612 INFO    [protocol] New Top Block Detected: 6053
2026-Sep-11 12:54:54.774909 INFO    [protocol] New Top Block Detected: 6054
2026-Sep-11 12:54:58.893258 INFO    [protocol] New Top Block Detected: 6055
2026-Sep-11 12:56:29.336504 INFO    [protocol] New Top Block Detected: 6056
2026-Sep-11 12:56:43.383151 INFO    [protocol] New Top Block Detected: 6057
2026-Sep-11 12:57:33.556346 INFO    [protocol] New Top Block Detected: 6058
2026-Sep-11 12:58:04.924462 INFO    [protocol] New Top Block Detected: 6059
2026-Sep-11 12:58:35.772302 INFO    [protocol] New Top Block Detected: 6060
2026-Sep-11 12:59:15.910339 INFO    [protocol] New Top Block Detected: 6061
2026-Sep-11 13:00:32.208527 INFO    [protocol] New Top Block Detected: 6062
2026-Sep-11 13:01:52.528027 INFO    [protocol] New Top Block Detected: 6063
2026-Sep-11 13:01:58.228793 INFO    [protocol] New Top Block Detected: 6064
2026-Sep-11 13:02:36.685379 INFO    [protocol] New Top Block Detected: 6065
2026-Sep-11 13:02:42.706947 INFO    [protocol] New Top Block Detected: 6066
2026-Sep-11 13:02:48.730807 INFO    [protocol] New Top Block Detected: 6067
2026-Sep-11 13:03:28.872795 INFO    [protocol] New Top Block Detected: 6068
2026-Sep-11 13:04:15.186500 INFO    [protocol] New Top Block Detected: 6069
2026-Sep-11 13:04:43.309153 INFO    [protocol] New Top Block Detected: 6070
2026-Sep-11 13:05:42.057797 INFO    [protocol] New Top Block Detected: 6071
2026-Sep-11 13:06:08.369604 INFO    [protocol] New Top Block Detected: 6072
2026-Sep-11 13:06:55.787579 INFO    [protocol] New Top Block Detected: 6074
2026-Sep-11 13:07:02.479371 INFO    [protocol] New Top Block Detected: 6075
2026-Sep-11 13:07:05.873957 INFO    [protocol] New Top Block Detected: 6076
2026-Sep-11 13:08:06.097932 INFO    [protocol] New Top Block Detected: 6077
2026-Sep-11 13:08:21.556607 INFO    [protocol] New Top Block Detected: 6078
2026-Sep-11 13:08:28.509951 INFO    [protocol] New Top Block Detected: 6079
2026-Sep-11 13:09:12.370746 INFO    [protocol] New Top Block Detected: 6080
2026-Sep-11 13:10:37.370692 INFO    [protocol] New Top Block Detected: 6081
2026-Sep-11 13:12:02.137771 INFO    [protocol] New Top Block Detected: 6082
2026-Sep-11 13:12:05.051784 INFO    [protocol] New Top Block Detected: 6083
2026-Sep-11 13:12:46.934345 INFO    [protocol] New Top Block Detected: 6084
2026-Sep-11 13:13:05.302723 INFO    [protocol] New Top Block Detected: 6085
2026-Sep-11 13:13:27.397670 INFO    [protocol] New Top Block Detected: 6086
2026-Sep-11 13:14:31.653188 INFO    [protocol] New Top Block Detected: 6087
2026-Sep-11 13:14:58.905619 INFO    [protocol] New Top Block Detected: 6088
2026-Sep-11 13:15:53.996850 INFO    [protocol] New Top Block Detected: 6089
2026-Sep-11 13:16:14.119664 INFO    [protocol] New Top Block Detected: 6090
2026-Sep-11 13:16:22.225686 INFO    [protocol] New Top Block Detected: 6091
2026-Sep-11 13:16:34.795493 INFO    [protocol] New Top Block Detected: 6092
2026-Sep-11 13:17:20.469042 INFO    [protocol] New Top Block Detected: 6093
2026-Sep-11 13:18:06.624872 INFO    [protocol] New Top Block Detected: 6094
2026-Sep-11 13:18:14.990036 INFO    [protocol] New Top Block Detected: 6095
2026-Sep-11 13:18:17.625484 INFO    [protocol] New Top Block Detected: 6096
2026-Sep-11 13:18:40.458667 INFO    [protocol] New Top Block Detected: 6097
2026-Sep-11 13:19:13.240898 INFO    [protocol] New Top Block Detected: 6098
2026-Sep-11 13:19:32.943231 INFO    [protocol] New Top Block Detected: 6099
2026-Sep-11 13:20:09.198966 INFO    [protocol] New Top Block Detected: 6100
2026-Sep-11 13:22:13.353061 INFO    [Core] Block 6100 (22d62774f354c3fada76f73d608720f305ee5f5c0e210d8f245115e0a0f5b4ab) added to main chain
2026-Sep-11 13:22:13.783800 INFO    [protocol] New Top Block Detected: 6101
2026-Sep-11 13:22:55.957246 INFO    [protocol] New Top Block Detected: 6102
2026-Sep-11 13:23:10.015838 INFO    [protocol] New Top Block Detected: 6103
2026-Sep-11 13:23:32.203782 INFO    [protocol] New Top Block Detected: 6104
2026-Sep-11 13:23:34.270011 INFO    [protocol] New Top Block Detected: 6105
2026-Sep-11 13:24:16.561771 INFO    [protocol] New Top Block Detected: 6106
2026-Sep-11 13:24:35.156132 INFO    [protocol] New Top Block Detected: 6107
2026-Sep-11 13:24:38.653390 INFO    [protocol] New Top Block Detected: 6108
2026-Sep-11 13:25:02.985317 INFO    [protocol] New Top Block Detected: 6109
2026-Sep-11 13:25:48.919840 INFO    [protocol] New Top Block Detected: 6110
2026-Sep-11 13:25:56.770679 INFO    [protocol] New Top Block Detected: 6111
2026-Sep-11 13:26:14.754440 INFO    [protocol] New Top Block Detected: 6112
2026-Sep-11 13:26:21.154973 INFO    [protocol] New Top Block Detected: 6113
2026-Sep-11 13:26:59.427653 INFO    [protocol] New Top Block Detected: 6114
2026-Sep-11 13:27:57.720055 INFO    [protocol] New Top Block Detected: 6115
2026-Sep-11 13:28:53.827022 INFO    [protocol] New Top Block Detected: 6116
2026-Sep-11 13:29:11.920797 INFO    [protocol] New Top Block Detected: 6117
2026-Sep-11 13:30:14.120451 INFO    [protocol] New Top Block Detected: 6118
2026-Sep-11 13:30:37.301290 INFO    [protocol] New Top Block Detected: 6119
2026-Sep-11 13:31:10.571735 INFO    [protocol] New Top Block Detected: 6120
2026-Sep-11 13:31:45.704964 INFO    [protocol] New Top Block Detected: 6121
2026-Sep-11 13:32:38.709197 INFO    [protocol] New Top Block Detected: 6122
2026-Sep-11 13:32:40.952287 INFO    [protocol] New Top Block Detected: 6123
2026-Sep-11 13:33:03.536745 INFO    [protocol] New Top Block Detected: 6124
2026-Sep-11 13:33:34.938342 INFO    [protocol] New Top Block Detected: 6125
2026-Sep-11 13:33:59.378097 INFO    [protocol] New Top Block Detected: 6126
2026-Sep-11 13:34:20.022853 INFO    [protocol] New Top Block Detected: 6127
2026-Sep-11 13:34:55.636527 INFO    [protocol] New Top Block Detected: 6128
2026-Sep-11 13:35:05.674394 INFO    [protocol] New Top Block Detected: 6129
2026-Sep-11 13:35:16.099770 INFO    [protocol] New Top Block Detected: 6130
2026-Sep-11 13:35:19.728184 INFO    [protocol] New Top Block Detected: 6131
2026-Sep-11 13:36:37.974904 INFO    [protocol] New Top Block Detected: 6132
2026-Sep-11 13:36:39.491250 INFO    [protocol] New Top Block Detected: 6133
2026-Sep-11 13:37:00.400487 INFO    [protocol] New Top Block Detected: 6134
2026-Sep-11 13:37:04.310030 INFO    [protocol] New Top Block Detected: 6135
2026-Sep-11 13:37:09.119138 INFO    [protocol] New Top Block Detected: 6136
2026-Sep-11 13:37:30.443147 INFO    [protocol] New Top Block Detected: 6137
2026-Sep-11 13:38:00.633127 INFO    [protocol] New Top Block Detected: 6138
2026-Sep-11 13:38:22.725560 INFO    [protocol] New Top Block Detected: 6139
2026-Sep-11 13:38:30.757006 INFO    [protocol] New Top Block Detected: 6140
2026-Sep-11 13:38:52.844259 INFO    [protocol] New Top Block Detected: 6141
2026-Sep-11 13:39:05.180389 INFO    [protocol] New Top Block Detected: 6142
2026-Sep-11 13:39:31.250021 INFO    [protocol] New Top Block Detected: 6143
2026-Sep-11 13:40:49.081334 INFO    [protocol] New Top Block Detected: 6144
2026-Sep-11 13:41:11.440164 INFO    [protocol] New Top Block Detected: 6145
2026-Sep-11 13:41:21.506988 INFO    [protocol] New Top Block Detected: 6146
2026-Sep-11 13:41:35.753107 INFO    [protocol] New Top Block Detected: 6147
2026-Sep-11 13:45:33.087239 INFO    [protocol] New Top Block Detected: 6148
2026-Sep-11 13:45:40.565873 INFO    [protocol] New Top Block Detected: 6149
2026-Sep-11 13:46:02.661972 INFO    [protocol] New Top Block Detected: 6150
2026-Sep-11 13:46:38.021475 INFO    [protocol] New Top Block Detected: 6151
2026-Sep-11 13:46:42.826460 INFO    [protocol] New Top Block Detected: 6152
2026-Sep-11 13:46:45.709145 INFO    [protocol] New Top Block Detected: 6153
2026-Sep-11 13:46:45.792848 INFO    [protocol] New Top Block Detected: 6154
2026-Sep-11 13:46:49.736602 INFO    [protocol] New Top Block Detected: 6155
2026-Sep-11 13:47:35.114640 INFO    [protocol] New Top Block Detected: 6156
2026-Sep-11 13:47:41.040609 INFO    [protocol] New Top Block Detected: 6157
2026-Sep-11 13:48:25.218256 INFO    [protocol] New Top Block Detected: 6158
2026-Sep-11 13:52:06.222608 INFO    [protocol] New Top Block Detected: 6159
2026-Sep-11 13:52:22.592618 INFO    [protocol] New Top Block Detected: 6160
2026-Sep-11 13:52:44.671142 INFO    [protocol] New Top Block Detected: 6161
2026-Sep-11 13:52:56.721003 INFO    [protocol] New Top Block Detected: 6162
2026-Sep-11 13:53:06.761107 INFO    [protocol] New Top Block Detected: 6163
2026-Sep-11 13:53:56.955121 INFO    [protocol] New Top Block Detected: 6164
2026-Sep-11 13:54:15.022860 INFO    [protocol] New Top Block Detected: 6165
2026-Sep-11 13:54:27.071963 INFO    [protocol] New Top Block Detected: 6166
2026-Sep-11 13:54:28.288422 INFO    [protocol] New Top Block Detected: 6167
2026-Sep-11 13:54:29.075043 INFO    [protocol] New Top Block Detected: 6168
2026-Sep-11 13:55:16.702681 INFO    [protocol] New Top Block Detected: 6169
2026-Sep-11 13:55:39.574837 INFO    [protocol] New Top Block Detected: 6170
2026-Sep-11 13:56:55.772560 INFO    [protocol] New Top Block Detected: 6171
2026-Sep-11 13:56:57.933186 INFO    [protocol] New Top Block Detected: 6172
2026-Sep-11 13:56:58.939900 INFO    [protocol] New Top Block Detected: 6173
2026-Sep-11 13:58:22.247810 INFO    [protocol] New Top Block Detected: 6174
2026-Sep-11 13:58:26.260193 INFO    [protocol] New Top Block Detected: 6175
2026-Sep-11 13:59:03.975557 INFO    [protocol] New Top Block Detected: 6176
2026-Sep-11 13:59:36.748109 INFO    [protocol] New Top Block Detected: 6177
2026-Sep-11 13:59:39.303441 INFO    [protocol] New Top Block Detected: 6178
2026-Sep-11 13:59:40.760298 INFO    [protocol] New Top Block Detected: 6179
2026-Sep-11 13:59:54.812972 INFO    [protocol] New Top Block Detected: 6180
2026-Sep-11 14:00:54.968544 INFO    [protocol] New Top Block Detected: 6181
2026-Sep-11 14:02:37.650257 INFO    [protocol] New Top Block Detected: 6182
2026-Sep-11 14:02:51.700780 INFO    [protocol] New Top Block Detected: 6183
2026-Sep-11 14:03:45.084398 INFO    [protocol] New Top Block Detected: 6184
2026-Sep-11 14:03:48.678248 INFO    [protocol] New Top Block Detected: 6185
2026-Sep-11 14:04:43.510246 INFO    [protocol] New Top Block Detected: 6186
2026-Sep-11 14:05:30.271894 INFO    [protocol] New Top Block Detected: 6188
2026-Sep-11 14:05:32.029299 INFO    [protocol] New Top Block Detected: 6189
2026-Sep-11 14:06:50.582983 INFO    [protocol] New Top Block Detected: 6190
2026-Sep-11 14:07:12.787906 INFO    [protocol] New Top Block Detected: 6191
2026-Sep-11 14:07:35.919477 INFO    [protocol] New Top Block Detected: 6192
2026-Sep-11 14:07:45.596046 INFO    [protocol] New Top Block Detected: 6193
2026-Sep-11 14:08:14.601797 INFO    [protocol] New Top Block Detected: 6194
2026-Sep-11 14:09:31.310863 INFO    [protocol] New Top Block Detected: 6195
2026-Sep-11 14:09:44.207318 INFO    [protocol] New Top Block Detected: 6196
2026-Sep-11 14:09:55.090224 INFO    [protocol] New Top Block Detected: 6197
2026-Sep-11 14:11:11.907405 INFO    [protocol] New Top Block Detected: 6198
2026-Sep-11 14:12:44.261309 INFO    [protocol] New Top Block Detected: 6199
2026-Sep-11 14:12:58.989945 INFO    [protocol] New Top Block Detected: 6200
2026-Sep-11 14:13:07.966076 INFO    [protocol] New Top Block Detected: 6201
2026-Sep-11 14:13:07.980909 INFO    [Core] Block 6200 (7adab55849905e9f316d9bbb9bb5d83af6a34df35b7eb83b726f39244f32efc3) added to main chain
2026-Sep-11 14:13:36.622192 INFO    [protocol] New Top Block Detected: 6202
2026-Sep-11 14:13:38.746290 INFO    [protocol] New Top Block Detected: 6203
2026-Sep-11 14:14:28.241311 INFO    [protocol] New Top Block Detected: 6204
2026-Sep-11 14:14:35.265811 INFO    [protocol] New Top Block Detected: 6205
2026-Sep-11 14:14:37.929794 INFO    [protocol] New Top Block Detected: 6206
2026-Sep-11 14:14:52.949305 INFO    [protocol] New Top Block Detected: 6207
2026-Sep-11 14:15:25.219534 INFO    [protocol] New Top Block Detected: 6208
2026-Sep-11 14:15:33.204813 INFO    [protocol] New Top Block Detected: 6209
2026-Sep-11 14:16:31.416300 INFO    [protocol] New Top Block Detected: 6210
2026-Sep-11 14:16:49.606583 INFO    [protocol] New Top Block Detected: 6211
2026-Sep-11 14:18:03.875123 INFO    [protocol] New Top Block Detected: 6212
2026-Sep-11 14:18:27.748462 INFO    [protocol] New Top Block Detected: 6213
2026-Sep-11 14:18:27.962411 INFO    [protocol] New Top Block Detected: 6214
2026-Sep-11 14:19:30.212564 INFO    [protocol] New Top Block Detected: 6215
2026-Sep-11 14:19:54.298633 INFO    [protocol] New Top Block Detected: 6216
2026-Sep-11 14:20:09.765324 INFO    [protocol] New Top Block Detected: 6217
2026-Sep-11 14:20:12.362470 INFO    [protocol] New Top Block Detected: 6218
2026-Sep-11 14:20:24.406845 INFO    [protocol] New Top Block Detected: 6219
2026-Sep-11 14:21:34.649974 INFO    [protocol] New Top Block Detected: 6220
2026-Sep-11 14:23:07.463007 INFO    [protocol] New Top Block Detected: 6221
2026-Sep-11 14:23:52.791691 INFO    [protocol] New Top Block Detected: 6222
2026-Sep-11 14:24:31.278356 INFO    [protocol] New Top Block Detected: 6223
2026-Sep-11 14:24:43.361372 INFO    [protocol] New Top Block Detected: 6224
2026-Sep-11 14:24:55.405238 INFO    [protocol] New Top Block Detected: 6225
2026-Sep-11 14:24:56.965741 INFO    [protocol] New Top Block Detected: 6226
2026-Sep-11 14:25:39.607289 INFO    [protocol] New Top Block Detected: 6227
2026-Sep-11 14:26:02.169350 INFO    [protocol] New Top Block Detected: 6228
2026-Sep-11 14:26:11.772206 INFO    [protocol] New Top Block Detected: 6229
2026-Sep-11 14:26:56.008938 INFO    [protocol] New Top Block Detected: 6230
2026-Sep-11 14:27:26.002516 INFO    [protocol] New Top Block Detected: 6231
2026-Sep-11 14:27:28.142819 INFO    [protocol] New Top Block Detected: 6233
2026-Sep-11 14:27:46.217140 INFO    [protocol] New Top Block Detected: 6234
2026-Sep-11 14:28:54.489049 INFO    [protocol] New Top Block Detected: 6235
2026-Sep-11 14:29:00.509795 INFO    [protocol] New Top Block Detected: 6236
2026-Sep-11 14:29:16.735429 INFO    [protocol] New Top Block Detected: 6237
2026-Sep-11 14:30:08.805350 INFO    [protocol] New Top Block Detected: 6238
2026-Sep-11 14:30:15.091725 INFO    [protocol] New Top Block Detected: 6239
2026-Sep-11 14:30:35.678845 INFO    [protocol] New Top Block Detected: 6240
2026-Sep-11 14:33:09.044487 INFO    [protocol] New Top Block Detected: 6241
2026-Sep-11 14:33:33.906023 INFO    [protocol] New Top Block Detected: 6242
2026-Sep-11 14:33:44.022817 INFO    [protocol] New Top Block Detected: 6243
2026-Sep-11 14:34:43.335935 INFO    [protocol] New Top Block Detected: 6244
2026-Sep-11 14:35:00.375925 INFO    [protocol] New Top Block Detected: 6245
2026-Sep-11 14:35:20.951132 INFO    [protocol] New Top Block Detected: 6246
2026-Sep-11 14:35:53.398503 INFO    [protocol] New Top Block Detected: 6247
2026-Sep-11 14:36:52.916235 INFO    [protocol] New Top Block Detected: 6248
2026-Sep-11 14:37:17.012419 INFO    [protocol] New Top Block Detected: 6249
2026-Sep-11 14:37:29.924070 INFO    [protocol] New Top Block Detected: 6250
2026-Sep-11 14:37:38.846437 INFO    [protocol] New Top Block Detected: 6251
2026-Sep-11 14:37:39.560841 INFO    [protocol] New Top Block Detected: 6252
2026-Sep-11 14:38:21.257633 INFO    [protocol] New Top Block Detected: 6253
2026-Sep-11 14:38:43.339027 INFO    [protocol] New Top Block Detected: 6254
2026-Sep-11 14:38:51.437096 INFO    [protocol] New Top Block Detected: 6255
2026-Sep-11 14:38:57.827173 INFO    [protocol] New Top Block Detected: 6256
2026-Sep-11 14:39:47.601320 INFO    [protocol] New Top Block Detected: 6257
2026-Sep-11 14:39:54.060355 INFO    [protocol] New Top Block Detected: 6258
2026-Sep-11 14:41:21.911927 INFO    [protocol] New Top Block Detected: 6259
2026-Sep-11 14:42:44.440929 INFO    [protocol] New Top Block Detected: 6260
2026-Sep-11 14:43:44.545460 INFO    [protocol] New Top Block Detected: 6261
2026-Sep-11 14:43:56.026528 INFO    [protocol] New Top Block Detected: 6262
2026-Sep-11 14:44:07.800796 INFO    [protocol] New Top Block Detected: 6263
2026-Sep-11 14:44:53.219308 INFO    [protocol] New Top Block Detected: 6264
2026-Sep-11 14:45:41.416804 INFO    [protocol] New Top Block Detected: 6265
2026-Sep-11 14:46:01.488925 INFO    [protocol] New Top Block Detected: 6266
2026-Sep-11 14:46:10.681538 INFO    [protocol] New Top Block Detected: 6267
2026-Sep-11 14:46:28.918013 INFO    [protocol] New Top Block Detected: 6268
2026-Sep-11 14:46:31.658769 INFO    [protocol] New Top Block Detected: 6269
2026-Sep-11 14:46:53.799007 INFO    [protocol] New Top Block Detected: 6271
2026-Sep-11 14:47:09.901460 INFO    [protocol] New Top Block Detected: 6273
2026-Sep-11 14:47:34.620587 INFO    [protocol] New Top Block Detected: 6274
2026-Sep-11 14:47:40.154145 INFO    [protocol] New Top Block Detected: 6275
2026-Sep-11 14:47:42.162328 INFO    [protocol] New Top Block Detected: 6276
2026-Sep-11 14:47:47.472524 INFO    [protocol] New Top Block Detected: 6277
2026-Sep-11 14:50:54.085511 INFO    [protocol] New Top Block Detected: 6278
2026-Sep-11 14:50:57.575031 INFO    [protocol] New Top Block Detected: 6279
2026-Sep-11 14:52:15.330745 INFO    [protocol] New Top Block Detected: 6280
2026-Sep-11 14:52:51.341353 INFO    [protocol] New Top Block Detected: 6281
2026-Sep-11 14:54:31.746364 INFO    [protocol] New Top Block Detected: 6282
2026-Sep-11 14:55:25.044999 INFO    [protocol] New Top Block Detected: 6283
2026-Sep-11 14:55:40.003874 INFO    [protocol] New Top Block Detected: 6284
2026-Sep-11 14:56:48.444696 INFO    [protocol] New Top Block Detected: 6285
2026-Sep-11 14:56:55.788739 INFO    [protocol] New Top Block Detected: 6286
2026-Sep-11 14:57:08.534685 INFO    [protocol] New Top Block Detected: 6287
2026-Sep-11 14:57:16.566911 INFO    [protocol] New Top Block Detected: 6288
2026-Sep-11 14:58:22.767383 INFO    [protocol] New Top Block Detected: 6289
2026-Sep-11 14:59:19.162670 INFO    [protocol] New Top Block Detected: 6290
2026-Sep-11 14:59:22.375764 INFO    [protocol] New Top Block Detected: 6291
2026-Sep-11 14:59:41.821727 INFO    [protocol] New Top Block Detected: 6292
2026-Sep-11 14:59:53.298602 INFO    [protocol] New Top Block Detected: 6293
2026-Sep-11 15:00:09.340745 INFO    [protocol] New Top Block Detected: 6294
2026-Sep-11 15:00:21.424593 INFO    [protocol] New Top Block Detected: 6295
2026-Sep-11 15:00:34.304606 INFO    [protocol] New Top Block Detected: 6296
2026-Sep-11 15:01:40.773278 INFO    [protocol] New Top Block Detected: 6297
2026-Sep-11 15:04:00.344358 INFO    [protocol] New Top Block Detected: 6298
2026-Sep-11 15:04:10.658223 INFO    [protocol] New Top Block Detected: 6299
2026-Sep-11 15:04:41.787136 INFO    [protocol] New Top Block Detected: 6300
2026-Sep-11 15:04:47.208706 INFO    [Core] Block 6300 (a75dc9fa7774c8ce9295cbfebddf1263055e32773cdddc661f58fc142f9780f7) added to main chain
2026-Sep-11 15:04:48.523109 INFO    [protocol] New Top Block Detected: 6301
2026-Sep-11 15:05:58.508589 INFO    [protocol] New Top Block Detected: 6302
2026-Sep-11 15:07:29.320800 INFO    [protocol] New Top Block Detected: 6303
2026-Sep-11 15:07:51.405856 INFO    [protocol] New Top Block Detected: 6304
2026-Sep-11 15:07:55.420881 INFO    [protocol] New Top Block Detected: 6305
2026-Sep-11 15:08:04.774231 INFO    [protocol] New Top Block Detected: 6306
2026-Sep-11 15:08:09.997246 INFO    [protocol] New Top Block Detected: 6307
2026-Sep-11 15:08:31.556657 INFO    [protocol] New Top Block Detected: 6308
2026-Sep-11 15:08:32.078686 INFO    [protocol] New Top Block Detected: 6309
2026-Sep-11 15:09:43.839212 INFO    [protocol] New Top Block Detected: 6310
2026-Sep-11 15:10:17.972077 INFO    [protocol] New Top Block Detected: 6311
2026-Sep-11 15:10:22.036712 INFO    [protocol] New Top Block Detected: 6312
2026-Sep-11 15:10:28.084956 INFO    [protocol] New Top Block Detected: 6313
2026-Sep-11 15:10:32.106205 INFO    [protocol] New Top Block Detected: 6314
2026-Sep-11 15:10:44.845286 INFO    [protocol] New Top Block Detected: 6315
2026-Sep-11 15:12:08.639366 INFO    [protocol] New Top Block Detected: 6316
2026-Sep-11 15:12:13.663950 INFO    [protocol] New Top Block Detected: 6317
2026-Sep-11 15:12:22.513200 INFO    [protocol] New Top Block Detected: 6318
2026-Sep-11 15:12:24.008293 INFO    [protocol] New Top Block Detected: 6319
2026-Sep-11 15:12:56.817023 INFO    [protocol] New Top Block Detected: 6320
2026-Sep-11 15:13:21.599132 INFO    [protocol] New Top Block Detected: 6321
2026-Sep-11 15:14:31.182240 INFO    [protocol] New Top Block Detected: 6322
2026-Sep-11 15:15:37.562525 INFO    [protocol] New Top Block Detected: 6323
2026-Sep-11 15:16:25.561282 INFO    [protocol] New Top Block Detected: 6324
2026-Sep-11 15:17:09.936138 INFO    [protocol] New Top Block Detected: 6326
2026-Sep-11 15:18:02.333353 INFO    [protocol] New Top Block Detected: 6327
2026-Sep-11 15:18:37.381122 INFO    [protocol] New Top Block Detected: 6328
2026-Sep-11 15:20:12.533966 INFO    [protocol] New Top Block Detected: 6329
2026-Sep-11 15:20:47.809688 INFO    [protocol] New Top Block Detected: 6330
2026-Sep-11 15:21:23.521687 INFO    [protocol] New Top Block Detected: 6331
2026-Sep-11 15:21:37.228203 INFO    [protocol] New Top Block Detected: 6332
2026-Sep-11 15:21:48.802470 INFO    [protocol] New Top Block Detected: 6333
2026-Sep-11 15:22:27.513513 INFO    [protocol] New Top Block Detected: 6335
2026-Sep-11 15:22:31.250825 INFO    [protocol] New Top Block Detected: 6336
2026-Sep-11 15:22:44.552168 INFO    [protocol] New Top Block Detected: 6337
2026-Sep-11 15:22:50.533143 INFO    [protocol] New Top Block Detected: 6338
2026-Sep-11 15:22:54.789638 INFO    [protocol] New Top Block Detected: 6339
2026-Sep-11 15:23:07.674600 INFO    [protocol] New Top Block Detected: 6340
2026-Sep-11 15:23:35.775809 INFO    [protocol] New Top Block Detected: 6341
2026-Sep-11 15:24:18.277514 INFO    [protocol] New Top Block Detected: 6342
2026-Sep-11 15:25:00.145327 INFO    [protocol] New Top Block Detected: 6343
2026-Sep-11 15:25:05.134724 INFO    [protocol] New Top Block Detected: 6344
2026-Sep-11 15:25:22.312110 INFO    [protocol] New Top Block Detected: 6345
2026-Sep-11 15:25:56.567634 INFO    [protocol] New Top Block Detected: 6346
2026-Sep-11 15:26:18.695538 INFO    [protocol] New Top Block Detected: 6347
2026-Sep-11 15:26:20.702888 INFO    [protocol] New Top Block Detected: 6348
2026-Sep-11 15:26:34.057095 INFO    [protocol] New Top Block Detected: 6349
2026-Sep-11 15:26:46.798878 INFO    [protocol] New Top Block Detected: 6350
2026-Sep-11 15:27:22.944608 INFO    [protocol] New Top Block Detected: 6351
2026-Sep-11 15:29:33.137396 INFO    [protocol] New Top Block Detected: 6352
2026-Sep-11 15:30:19.722806 INFO    [protocol] New Top Block Detected: 6353
2026-Sep-11 15:30:45.837203 INFO    [protocol] New Top Block Detected: 6354
2026-Sep-11 15:31:30.006882 INFO    [protocol] New Top Block Detected: 6355
2026-Sep-11 15:31:34.021490 INFO    [protocol] New Top Block Detected: 6356
2026-Sep-11 15:33:40.529013 INFO    [protocol] New Top Block Detected: 6357
2026-Sep-11 15:34:04.160442 INFO    [protocol] New Top Block Detected: 6358
2026-Sep-11 15:34:23.132060 INFO    [protocol] New Top Block Detected: 6359
2026-Sep-11 15:34:26.780661 INFO    [protocol] New Top Block Detected: 6360
2026-Sep-11 15:34:28.789234 INFO    [protocol] New Top Block Detected: 6361
2026-Sep-11 15:35:55.152578 INFO    [protocol] New Top Block Detected: 6362
2026-Sep-11 15:36:19.267703 INFO    [protocol] New Top Block Detected: 6363
2026-Sep-11 15:36:47.439923 INFO    [protocol] New Top Block Detected: 6364
2026-Sep-11 15:37:27.751855 INFO    [protocol] New Top Block Detected: 6365
2026-Sep-11 15:38:02.541022 INFO    [protocol] New Top Block Detected: 6366
2026-Sep-11 15:38:12.348352 INFO    [protocol] New Top Block Detected: 6367
2026-Sep-11 15:38:48.076710 INFO    [protocol] New Top Block Detected: 6368
2026-Sep-11 15:38:50.091258 INFO    [protocol] New Top Block Detected: 6369
2026-Sep-11 15:38:54.819110 INFO    [protocol] New Top Block Detected: 6370
2026-Sep-11 15:39:48.373212 INFO    [protocol] New Top Block Detected: 6371
2026-Sep-11 15:40:54.637280 INFO    [protocol] New Top Block Detected: 6372
2026-Sep-11 15:41:38.813928 INFO    [protocol] New Top Block Detected: 6373
2026-Sep-11 15:42:14.958056 INFO    [protocol] New Top Block Detected: 6374
2026-Sep-11 15:42:18.972746 INFO    [protocol] New Top Block Detected: 6375
2026-Sep-11 15:42:23.611746 INFO    [protocol] New Top Block Detected: 6376
2026-Sep-11 15:43:05.157109 INFO    [protocol] New Top Block Detected: 6377
2026-Sep-11 15:43:24.768680 INFO    [protocol] New Top Block Detected: 6378
2026-Sep-11 15:43:28.389016 INFO    [protocol] New Top Block Detected: 6379
2026-Sep-11 15:43:55.501507 INFO    [protocol] New Top Block Detected: 6380
2026-Sep-11 15:44:45.813223 INFO    [protocol] New Top Block Detected: 6381
2026-Sep-11 15:45:01.424090 INFO    [protocol] New Top Block Detected: 6382
2026-Sep-11 15:45:15.934442 INFO    [protocol] New Top Block Detected: 6383
2026-Sep-11 15:45:34.003666 INFO    [protocol] New Top Block Detected: 6384
2026-Sep-11 15:46:04.125834 INFO    [protocol] New Top Block Detected: 6385
2026-Sep-11 15:46:48.188942 INFO    [protocol] New Top Block Detected: 6386
2026-Sep-11 15:47:12.350493 INFO    [protocol] New Top Block Detected: 6387
2026-Sep-11 15:47:16.540890 INFO    [protocol] New Top Block Detected: 6389
2026-Sep-11 15:47:41.044801 INFO    [protocol] New Top Block Detected: 6390
2026-Sep-11 15:48:08.526037 INFO    [protocol] New Top Block Detected: 6391
2026-Sep-11 15:48:15.366944 INFO    [protocol] New Top Block Detected: 6392
2026-Sep-11 15:49:14.863859 INFO    [protocol] New Top Block Detected: 6393
2026-Sep-11 15:49:25.321707 INFO    [protocol] New Top Block Detected: 6394
2026-Sep-11 15:49:26.791012 INFO    [protocol] New Top Block Detected: 6395
2026-Sep-11 15:49:50.831339 INFO    [protocol] New Top Block Detected: 6396
2026-Sep-11 15:50:31.478830 INFO    [protocol] New Top Block Detected: 6397
2026-Sep-11 15:50:59.348143 INFO    [protocol] New Top Block Detected: 6398
2026-Sep-11 15:51:36.825598 INFO    [protocol] New Top Block Detected: 6399
2026-Sep-11 15:52:03.918418 INFO    [protocol] New Top Block Detected: 6400
2026-Sep-11 15:52:06.639159 INFO    [Core] Block 6400 (54747ceacf54643e9e0e91ef1391bb8ec8ef0d4e3343484b53a2c0520d93e5cc) added to main chain
2026-Sep-11 15:52:07.932760 INFO    [protocol] New Top Block Detected: 6401
2026-Sep-11 15:52:32.026722 INFO    [protocol] New Top Block Detected: 6402
2026-Sep-11 15:54:12.913261 INFO    [protocol] New Top Block Detected: 6403
2026-Sep-11 15:55:57.271009 INFO    [protocol] New Top Block Detected: 6404
2026-Sep-11 15:57:05.164813 INFO    [protocol] New Top Block Detected: 6405
2026-Sep-11 15:57:11.188568 INFO    [protocol] New Top Block Detected: 6406
2026-Sep-11 15:58:05.398340 INFO    [protocol] New Top Block Detected: 6407
2026-Sep-11 15:58:27.613014 INFO    [protocol] New Top Block Detected: 6408
2026-Sep-11 15:59:04.418930 INFO    [protocol] New Top Block Detected: 6409
2026-Sep-11 16:00:58.985486 INFO    [protocol] New Top Block Detected: 6410
2026-Sep-11 16:01:33.394430 INFO    [protocol] New Top Block Detected: 6411
2026-Sep-11 16:01:51.459068 INFO    [protocol] New Top Block Detected: 6412
2026-Sep-11 16:02:09.711400 INFO    [protocol] New Top Block Detected: 6413
2026-Sep-11 16:03:04.058654 INFO    [protocol] New Top Block Detected: 6414
2026-Sep-11 16:03:32.122351 INFO    [protocol] New Top Block Detected: 6415
2026-Sep-11 16:04:37.635074 INFO    [protocol] New Top Block Detected: 6416
2026-Sep-11 16:04:40.371631 INFO    [protocol] New Top Block Detected: 6417
2026-Sep-11 16:05:18.602658 INFO    [protocol] New Top Block Detected: 6418
2026-Sep-11 16:05:33.093104 INFO    [protocol] New Top Block Detected: 6419
2026-Sep-11 16:05:38.802586 INFO    [protocol] New Top Block Detected: 6420
2026-Sep-11 16:06:24.944697 INFO    [protocol] New Top Block Detected: 6421
2026-Sep-11 16:06:46.857199 INFO    [protocol] New Top Block Detected: 6422
2026-Sep-11 16:07:07.127790 INFO    [protocol] New Top Block Detected: 6423
2026-Sep-11 16:07:33.994758 INFO    [protocol] New Top Block Detected: 6424
2026-Sep-11 16:08:03.271289 INFO    [protocol] New Top Block Detected: 6425
2026-Sep-11 16:08:24.872449 INFO    [protocol] New Top Block Detected: 6426
2026-Sep-11 16:08:49.649019 INFO    [protocol] New Top Block Detected: 6427
2026-Sep-11 16:08:51.706910 INFO    [protocol] New Top Block Detected: 6428
2026-Sep-11 16:08:55.721682 INFO    [protocol] New Top Block Detected: 6429
2026-Sep-11 16:10:03.207944 INFO    [protocol] New Top Block Detected: 6430
2026-Sep-11 16:10:40.145420 INFO    [protocol] New Top Block Detected: 6431
2026-Sep-11 16:10:42.158971 INFO    [protocol] New Top Block Detected: 6432
2026-Sep-11 16:10:48.573384 INFO    [protocol] New Top Block Detected: 6433
2026-Sep-11 16:11:52.458866 INFO    [protocol] New Top Block Detected: 6434
2026-Sep-11 16:12:45.649501 INFO    [protocol] New Top Block Detected: 6435
2026-Sep-11 16:13:02.896752 INFO    [protocol] New Top Block Detected: 6436
2026-Sep-11 16:13:50.926808 INFO    [protocol] New Top Block Detected: 6437
2026-Sep-11 16:15:08.814142 INFO    [protocol] New Top Block Detected: 6438
2026-Sep-11 16:15:56.123780 INFO    [protocol] New Top Block Detected: 6439
2026-Sep-11 16:16:19.552404 INFO    [protocol] New Top Block Detected: 6440
2026-Sep-11 16:16:20.494883 INFO    [protocol] New Top Block Detected: 6441
2026-Sep-11 16:16:31.753434 INFO    [protocol] New Top Block Detected: 6442
2026-Sep-11 16:17:01.877057 INFO    [protocol] New Top Block Detected: 6443
2026-Sep-11 16:17:03.945065 INFO    [protocol] New Top Block Detected: 6444
2026-Sep-11 16:21:31.440802 INFO    [protocol] New Top Block Detected: 6445
2026-Sep-11 16:21:41.069221 INFO    [protocol] New Top Block Detected: 6446
2026-Sep-11 16:21:45.082804 INFO    [protocol] New Top Block Detected: 6447
2026-Sep-11 16:21:47.090564 INFO    [protocol] New Top Block Detected: 6448
2026-Sep-11 16:21:56.146782 INFO    [protocol] New Top Block Detected: 6449
2026-Sep-11 16:22:01.139930 INFO    [protocol] New Top Block Detected: 6450
2026-Sep-11 16:22:05.154422 INFO    [protocol] New Top Block Detected: 6451
2026-Sep-11 16:22:15.346097 INFO    [protocol] New Top Block Detected: 6452
2026-Sep-11 16:22:50.190406 INFO    [protocol] New Top Block Detected: 6453
2026-Sep-11 16:23:31.491686 INFO    [protocol] New Top Block Detected: 6454
2026-Sep-11 16:23:33.500333 INFO    [protocol] New Top Block Detected: 6455
2026-Sep-11 16:23:36.347447 INFO    [protocol] New Top Block Detected: 6456
2026-Sep-11 16:23:53.583633 INFO    [protocol] New Top Block Detected: 6457
2026-Sep-11 16:23:54.758021 INFO    [protocol] New Top Block Detected: 6458
2026-Sep-11 16:24:22.778308 INFO    [protocol] New Top Block Detected: 6459
2026-Sep-11 16:24:24.515943 INFO    [protocol] New Top Block Detected: 6460
2026-Sep-11 16:24:53.235911 INFO    [protocol] New Top Block Detected: 6461
2026-Sep-11 16:25:09.400238 INFO    [protocol] New Top Block Detected: 6462
2026-Sep-11 16:27:16.875270 INFO    [protocol] New Top Block Detected: 6463
2026-Sep-11 16:27:59.718239 INFO    [protocol] New Top Block Detected: 6464
2026-Sep-11 16:28:58.989597 INFO    [protocol] New Top Block Detected: 6465
2026-Sep-11 16:31:13.363278 INFO    [protocol] New Top Block Detected: 6466
2026-Sep-11 16:31:28.848852 INFO    [protocol] New Top Block Detected: 6467
2026-Sep-11 16:31:48.928754 INFO    [protocol] New Top Block Detected: 6468
2026-Sep-11 16:32:41.839333 INFO    [protocol] New Top Block Detected: 6469
2026-Sep-11 16:32:58.089440 INFO    [protocol] New Top Block Detected: 6470
2026-Sep-11 16:33:01.104848 INFO    [protocol] New Top Block Detected: 6471
2026-Sep-11 16:33:07.668905 INFO    [protocol] New Top Block Detected: 6472
2026-Sep-11 16:33:22.781723 INFO    [protocol] New Top Block Detected: 6473
2026-Sep-11 16:33:27.529620 INFO    [protocol] New Top Block Detected: 6474
2026-Sep-11 16:33:38.795356 INFO    [protocol] New Top Block Detected: 6475
2026-Sep-11 16:33:45.275182 INFO    [protocol] New Top Block Detected: 6476
2026-Sep-11 16:34:19.317537 INFO    [protocol] New Top Block Detected: 6477
2026-Sep-11 16:34:22.780675 INFO    [protocol] New Top Block Detected: 6479
2026-Sep-11 16:35:07.569353 INFO    [protocol] New Top Block Detected: 6480
2026-Sep-11 16:35:22.784659 INFO    [protocol] New Top Block Detected: 6481
2026-Sep-11 16:35:39.719920 INFO    [protocol] New Top Block Detected: 6482
2026-Sep-11 16:36:07.975221 INFO    [protocol] New Top Block Detected: 6483
2026-Sep-11 16:36:11.103137 INFO    [protocol] New Top Block Detected: 6484
2026-Sep-11 16:36:35.214764 INFO    [protocol] New Top Block Detected: 6485
2026-Sep-11 16:37:14.965561 INFO    [protocol] New Top Block Detected: 6486
2026-Sep-11 16:38:27.372896 INFO    [protocol] New Top Block Detected: 6487
2026-Sep-11 16:38:29.701473 INFO    [protocol] New Top Block Detected: 6488
2026-Sep-11 16:39:37.965679 INFO    [protocol] New Top Block Detected: 6489
2026-Sep-11 16:41:22.386263 INFO    [protocol] New Top Block Detected: 6490
2026-Sep-11 16:41:44.480582 INFO    [protocol] New Top Block Detected: 6491
2026-Sep-11 16:44:25.354774 INFO    [protocol] New Top Block Detected: 6492
2026-Sep-11 16:45:57.602503 INFO    [protocol] New Top Block Detected: 6493
2026-Sep-11 16:46:10.501330 INFO    [protocol] New Top Block Detected: 6494
2026-Sep-11 16:48:10.194401 INFO    [protocol] New Top Block Detected: 6495
2026-Sep-11 16:48:58.418441 INFO    [protocol] New Top Block Detected: 6496
2026-Sep-11 16:49:42.584778 INFO    [protocol] New Top Block Detected: 6497
2026-Sep-11 16:49:52.677105 INFO    [protocol] New Top Block Detected: 6498
2026-Sep-11 16:50:10.950944 INFO    [protocol] New Top Block Detected: 6499
2026-Sep-11 16:51:18.332302 INFO    [protocol] New Top Block Detected: 6500
2026-Sep-11 16:52:05.580517 INFO    [protocol] New Top Block Detected: 6501
2026-Sep-11 16:52:05.595700 INFO    [Core] Block 6500 (97f1d8317eea84d4f79a81ca3bd278fcdd96296426b4a04f2d11a5fe600e54c2) added to main chain
2026-Sep-11 16:52:08.521735 INFO    [protocol] New Top Block Detected: 6502
2026-Sep-11 16:52:12.540593 INFO    [protocol] New Top Block Detected: 6503
2026-Sep-11 16:52:22.282047 INFO    [protocol] New Top Block Detected: 6504
2026-Sep-11 16:52:39.799645 INFO    [protocol] New Top Block Detected: 6505
2026-Sep-11 16:52:46.680377 INFO    [protocol] New Top Block Detected: 6506
2026-Sep-11 16:52:51.170340 INFO    [protocol] New Top Block Detected: 6507
2026-Sep-11 16:53:10.768057 INFO    [protocol] New Top Block Detected: 6508
2026-Sep-11 16:53:28.526340 INFO    [protocol] New Top Block Detected: 6509
2026-Sep-11 16:53:34.015264 INFO    [protocol] New Top Block Detected: 6510
2026-Sep-11 16:53:52.845413 INFO    [protocol] New Top Block Detected: 6511
2026-Sep-11 16:53:55.218215 INFO    [protocol] New Top Block Detected: 6512
2026-Sep-11 16:54:06.090325 INFO    [protocol] New Top Block Detected: 6513
2026-Sep-11 16:54:18.131572 INFO    [protocol] New Top Block Detected: 6514
2026-Sep-11 16:54:46.411600 INFO    [protocol] New Top Block Detected: 6515
2026-Sep-11 16:56:22.590106 INFO    [protocol] New Top Block Detected: 6516
2026-Sep-11 16:57:00.951685 INFO    [protocol] New Top Block Detected: 6517
2026-Sep-11 16:57:53.381590 INFO    [protocol] New Top Block Detected: 6518
2026-Sep-11 16:59:06.570400 INFO    [protocol] New Top Block Detected: 6519
2026-Sep-11 16:59:18.887891 INFO    [protocol] New Top Block Detected: 6520
2026-Sep-11 16:59:31.141162 INFO    [protocol] New Top Block Detected: 6521
2026-Sep-11 16:59:42.704858 INFO    [protocol] New Top Block Detected: 6522
2026-Sep-11 17:01:08.817841 INFO    [protocol] New Top Block Detected: 6523
2026-Sep-11 17:02:08.232860 INFO    [protocol] New Top Block Detected: 6524
2026-Sep-11 17:02:34.559410 INFO    [protocol] New Top Block Detected: 6526
2026-Sep-11 17:03:42.579158 INFO    [protocol] New Top Block Detected: 6527
2026-Sep-11 17:04:32.036705 INFO    [protocol] New Top Block Detected: 6528
2026-Sep-11 17:04:47.018767 INFO    [protocol] New Top Block Detected: 6529
2026-Sep-11 17:05:09.816666 INFO    [protocol] New Top Block Detected: 6530
2026-Sep-11 17:05:58.754800 INFO    [protocol] New Top Block Detected: 6531
2026-Sep-11 17:06:29.657579 INFO    [protocol] New Top Block Detected: 6532
2026-Sep-11 17:06:44.744233 INFO    [protocol] New Top Block Detected: 6533
2026-Sep-11 17:06:55.354006 INFO    [protocol] New Top Block Detected: 6534
2026-Sep-11 17:07:15.852705 INFO    [protocol] New Top Block Detected: 6535
2026-Sep-11 17:07:19.870968 INFO    [protocol] New Top Block Detected: 6536
2026-Sep-11 17:09:01.972002 INFO    [protocol] New Top Block Detected: 6537
2026-Sep-11 17:09:05.371687 INFO    [protocol] New Top Block Detected: 6538
2026-Sep-11 17:09:30.845345 INFO    [protocol] New Top Block Detected: 6539
2026-Sep-11 17:09:54.613406 INFO    [protocol] New Top Block Detected: 6540
2026-Sep-11 17:10:14.690312 INFO    [protocol] New Top Block Detected: 6541
2026-Sep-11 17:10:16.957994 INFO    [protocol] New Top Block Detected: 6542
2026-Sep-11 17:10:19.195477 INFO    [protocol] New Top Block Detected: 6543
2026-Sep-11 17:10:28.855463 INFO    [protocol] New Top Block Detected: 6544
2026-Sep-11 17:10:36.771586 INFO    [protocol] New Top Block Detected: 6545
2026-Sep-11 17:11:43.047659 INFO    [protocol] New Top Block Detected: 6546
2026-Sep-11 17:12:11.166853 INFO    [protocol] New Top Block Detected: 6547
2026-Sep-11 17:12:36.909123 INFO    [protocol] New Top Block Detected: 6548
2026-Sep-11 17:14:05.660253 INFO    [protocol] New Top Block Detected: 6549
2026-Sep-11 17:14:08.817087 INFO    [protocol] New Top Block Detected: 6550
2026-Sep-11 17:14:22.116019 INFO    [protocol] New Top Block Detected: 6551
2026-Sep-11 17:15:01.892665 INFO    [protocol] New Top Block Detected: 6552
2026-Sep-11 17:15:15.945811 INFO    [protocol] New Top Block Detected: 6553
2026-Sep-11 17:17:53.229740 INFO    [protocol] New Top Block Detected: 6554
2026-Sep-11 17:18:32.725508 INFO    [protocol] New Top Block Detected: 6555
2026-Sep-11 17:19:06.610478 INFO    [protocol] New Top Block Detected: 6556
2026-Sep-11 17:19:08.507297 INFO    [protocol] New Top Block Detected: 6557
2026-Sep-11 17:20:11.091460 INFO    [protocol] New Top Block Detected: 6558
2026-Sep-11 17:20:58.265914 INFO    [protocol] New Top Block Detected: 6559
2026-Sep-11 17:21:47.481610 INFO    [protocol] New Top Block Detected: 6560
2026-Sep-11 17:22:25.821556 INFO    [protocol] New Top Block Detected: 6561
2026-Sep-11 17:22:26.828769 INFO    [protocol] New Top Block Detected: 6562
2026-Sep-11 17:22:31.843681 INFO    [protocol] New Top Block Detected: 6563
2026-Sep-11 17:22:55.931676 INFO    [protocol] New Top Block Detected: 6564
2026-Sep-11 17:24:04.302064 INFO    [protocol] New Top Block Detected: 6565
2026-Sep-11 17:24:17.324693 INFO    [protocol] New Top Block Detected: 6566
2026-Sep-11 17:24:32.413453 INFO    [protocol] New Top Block Detected: 6567
2026-Sep-11 17:24:34.052120 INFO    [protocol] New Top Block Detected: 6568
2026-Sep-11 17:24:52.623938 INFO    [protocol] New Top Block Detected: 6569
2026-Sep-11 17:25:02.644127 INFO    [protocol] New Top Block Detected: 6570
2026-Sep-11 17:25:04.653523 INFO    [protocol] New Top Block Detected: 6571
2026-Sep-11 17:25:17.922299 INFO    [protocol] New Top Block Detected: 6572
2026-Sep-11 17:26:24.969740 INFO    [protocol] New Top Block Detected: 6573
2026-Sep-11 17:27:01.265603 INFO    [protocol] New Top Block Detected: 6574
2026-Sep-11 17:28:18.403885 INFO    [protocol] New Top Block Detected: 6575
2026-Sep-11 17:28:49.520646 INFO    [protocol] New Top Block Detected: 6576
2026-Sep-11 17:29:08.827058 INFO    [protocol] New Top Block Detected: 6577
2026-Sep-11 17:29:31.766878 INFO    [protocol] New Top Block Detected: 6578
2026-Sep-11 17:30:01.881311 INFO    [protocol] New Top Block Detected: 6579
2026-Sep-11 17:30:07.294436 INFO    [protocol] New Top Block Detected: 6580
2026-Sep-11 17:31:32.234350 INFO    [protocol] New Top Block Detected: 6581
2026-Sep-11 17:31:42.631329 INFO    [protocol] New Top Block Detected: 6582
2026-Sep-11 17:32:34.642346 INFO    [protocol] New Top Block Detected: 6583
2026-Sep-11 17:32:40.663025 INFO    [protocol] New Top Block Detected: 6584
2026-Sep-11 17:32:43.071154 INFO    [protocol] New Top Block Detected: 6585
2026-Sep-11 17:32:51.724437 INFO    [protocol] New Top Block Detected: 6586
2026-Sep-11 17:33:34.861589 INFO    [protocol] New Top Block Detected: 6587
2026-Sep-11 17:34:00.962396 INFO    [protocol] New Top Block Detected: 6588
2026-Sep-11 17:34:10.996407 INFO    [protocol] New Top Block Detected: 6589
2026-Sep-11 17:34:42.981323 INFO    [protocol] New Top Block Detected: 6590
2026-Sep-11 17:34:57.159231 INFO    [protocol] New Top Block Detected: 6591
2026-Sep-11 17:36:25.491018 INFO    [protocol] New Top Block Detected: 6592
2026-Sep-11 17:39:36.210043 INFO    [protocol] New Top Block Detected: 6593
2026-Sep-11 17:39:48.256997 INFO    [protocol] New Top Block Detected: 6594
2026-Sep-11 17:39:53.832838 INFO    [protocol] New Top Block Detected: 6595
2026-Sep-11 17:40:36.326620 INFO    [protocol] New Top Block Detected: 6596
2026-Sep-11 17:40:40.269163 INFO    [protocol] New Top Block Detected: 6597
2026-Sep-11 17:40:50.732214 INFO    [protocol] New Top Block Detected: 6598
2026-Sep-11 17:40:59.293876 INFO    [protocol] New Top Block Detected: 6599
2026-Sep-11 17:41:14.696535 INFO    [protocol] New Top Block Detected: 6600
2026-Sep-11 17:41:14.810015 INFO    [Core] Block 6600 (2e05222146ce61093165cc5e410de11b4f5ec1539b80d1b214b1dbab99709a60) added to main chain
2026-Sep-11 17:41:16.702340 INFO    [protocol] New Top Block Detected: 6601
2026-Sep-11 17:42:14.555589 INFO    [protocol] New Top Block Detected: 6602
2026-Sep-11 17:43:25.180557 INFO    [protocol] New Top Block Detected: 6603
2026-Sep-11 17:43:29.193970 INFO    [protocol] New Top Block Detected: 6604
2026-Sep-11 17:43:53.277432 INFO    [protocol] New Top Block Detected: 6605
2026-Sep-11 17:44:20.621608 INFO    [protocol] New Top Block Detected: 6606
2026-Sep-11 17:45:07.716906 INFO    [protocol] New Top Block Detected: 6607
2026-Sep-11 17:45:18.730937 INFO    [protocol] New Top Block Detected: 6608
2026-Sep-11 17:45:27.876082 INFO    [protocol] New Top Block Detected: 6609
2026-Sep-11 17:47:11.360096 INFO    [protocol] New Top Block Detected: 6610
2026-Sep-11 17:47:50.379434 INFO    [protocol] New Top Block Detected: 6611
2026-Sep-11 17:47:52.237408 INFO    [protocol] New Top Block Detected: 6612
2026-Sep-11 17:48:36.542004 INFO    [protocol] New Top Block Detected: 6613
2026-Sep-11 17:48:48.612727 INFO    [protocol] New Top Block Detected: 6614
2026-Sep-11 17:49:01.885580 INFO    [protocol] New Top Block Detected: 6615
2026-Sep-11 17:49:42.938787 INFO    [protocol] New Top Block Detected: 6616
2026-Sep-11 17:50:17.077811 INFO    [protocol] New Top Block Detected: 6617
2026-Sep-11 17:50:43.694099 INFO    [protocol] New Top Block Detected: 6618
2026-Sep-11 17:51:31.325446 INFO    [protocol] New Top Block Detected: 6619
2026-Sep-11 17:53:11.677970 INFO    [protocol] New Top Block Detected: 6620
2026-Sep-11 17:53:39.847605 INFO    [protocol] New Top Block Detected: 6621
2026-Sep-11 17:54:22.785621 INFO    [protocol] New Top Block Detected: 6622
2026-Sep-11 17:54:47.569002 INFO    [protocol] New Top Block Detected: 6623
2026-Sep-11 17:55:21.184541 INFO    [protocol] New Top Block Detected: 6624
2026-Sep-11 17:56:19.803978 INFO    [protocol] New Top Block Detected: 6625
2026-Sep-11 17:57:50.731903 INFO    [protocol] New Top Block Detected: 6626
2026-Sep-11 17:58:04.868166 INFO    [protocol] New Top Block Detected: 6627
2026-Sep-11 17:58:14.818569 INFO    [protocol] New Top Block Detected: 6628
2026-Sep-11 17:58:16.907820 INFO    [protocol] New Top Block Detected: 6629
2026-Sep-11 17:59:05.090946 INFO    [protocol] New Top Block Detected: 6630
2026-Sep-11 17:59:50.516784 INFO    [protocol] New Top Block Detected: 6631
2026-Sep-11 17:59:59.712516 INFO    [protocol] New Top Block Detected: 6632
2026-Sep-11 18:00:05.298890 INFO    [protocol] New Top Block Detected: 6633
2026-Sep-11 18:00:19.344168 INFO    [protocol] New Top Block Detected: 6634
2026-Sep-11 18:01:11.540170 INFO    [protocol] New Top Block Detected: 6635
2026-Sep-11 18:01:27.751544 INFO    [protocol] New Top Block Detected: 6636
2026-Sep-11 18:01:36.081930 INFO    [protocol] New Top Block Detected: 6637
2026-Sep-11 18:01:39.493615 INFO    [protocol] New Top Block Detected: 6638
2026-Sep-11 18:01:47.937026 INFO    [protocol] New Top Block Detected: 6639
2026-Sep-11 18:01:48.782913 INFO    [protocol] New Top Block Detected: 6640
2026-Sep-11 18:02:04.213484 INFO    [protocol] New Top Block Detected: 6641
2026-Sep-11 18:02:06.390380 INFO    [protocol] New Top Block Detected: 6642
2026-Sep-11 18:02:26.931945 INFO    [protocol] New Top Block Detected: 6643
2026-Sep-11 18:02:48.152525 INFO    [protocol] New Top Block Detected: 6644
2026-Sep-11 18:03:18.266983 INFO    [protocol] New Top Block Detected: 6645
2026-Sep-11 18:03:20.170008 INFO    [protocol] New Top Block Detected: 6646
2026-Sep-11 18:03:22.786084 INFO    [protocol] New Top Block Detected: 6647
2026-Sep-11 18:04:43.373177 INFO    [protocol] New Top Block Detected: 6648
2026-Sep-11 18:05:59.015002 INFO    [protocol] New Top Block Detected: 6649
2026-Sep-11 18:06:05.275127 INFO    [protocol] New Top Block Detected: 6650
2026-Sep-11 18:06:41.787404 INFO    [protocol] New Top Block Detected: 6651
2026-Sep-11 18:07:13.293959 INFO    [protocol] New Top Block Detected: 6652
2026-Sep-11 18:07:45.715634 INFO    [protocol] New Top Block Detected: 6653
2026-Sep-11 18:09:05.361237 INFO    [protocol] New Top Block Detected: 6654
2026-Sep-11 18:10:58.850315 INFO    [protocol] New Top Block Detected: 6655
2026-Sep-11 18:11:46.321398 INFO    [protocol] New Top Block Detected: 6656
2026-Sep-11 18:11:48.221608 INFO    [protocol] New Top Block Detected: 6657
2026-Sep-11 18:12:07.045462 INFO    [protocol] New Top Block Detected: 6658
2026-Sep-11 18:13:30.781960 INFO    [protocol] New Top Block Detected: 6659
2026-Sep-11 18:13:32.883769 INFO    [protocol] New Top Block Detected: 6660
2026-Sep-11 18:13:44.844828 INFO    [protocol] New Top Block Detected: 6661
2026-Sep-11 18:14:04.903163 INFO    [protocol] New Top Block Detected: 6662
2026-Sep-11 18:14:37.079325 INFO    [protocol] New Top Block Detected: 6663
2026-Sep-11 18:14:45.105069 INFO    [protocol] New Top Block Detected: 6664
2026-Sep-11 18:15:41.350586 INFO    [protocol] New Top Block Detected: 6665
2026-Sep-11 18:16:15.484896 INFO    [protocol] New Top Block Detected: 6666
2026-Sep-11 18:16:55.857750 INFO    [protocol] New Top Block Detected: 6667
2026-Sep-11 18:17:29.242684 INFO    [protocol] New Top Block Detected: 6668
2026-Sep-11 18:17:35.808339 INFO    [protocol] New Top Block Detected: 6669
2026-Sep-11 18:18:27.408667 INFO    [protocol] New Top Block Detected: 6670
2026-Sep-11 18:18:38.136843 INFO    [protocol] New Top Block Detected: 6671
2026-Sep-11 18:18:54.092154 INFO    [protocol] New Top Block Detected: 6672
2026-Sep-11 18:18:55.286318 INFO    [protocol] New Top Block Detected: 6673
2026-Sep-11 18:18:57.705753 INFO    [protocol] New Top Block Detected: 6674
2026-Sep-11 18:19:00.116513 INFO    [protocol] New Top Block Detected: 6676
2026-Sep-11 18:19:05.187981 INFO    [protocol] New Top Block Detected: 6677
2026-Sep-11 18:19:12.170707 INFO    [protocol] New Top Block Detected: 6678
2026-Sep-11 18:19:22.206250 INFO    [protocol] New Top Block Detected: 6679
2026-Sep-11 18:19:34.778993 INFO    [protocol] New Top Block Detected: 6680
2026-Sep-11 18:22:48.973033 INFO    [protocol] New Top Block Detected: 6681
2026-Sep-11 18:22:53.487858 INFO    [protocol] New Top Block Detected: 6682
2026-Sep-11 18:24:01.530370 INFO    [protocol] New Top Block Detected: 6683
2026-Sep-11 18:24:12.401175 INFO    [protocol] New Top Block Detected: 6684
2026-Sep-11 18:27:02.574426 INFO    [protocol] New Top Block Detected: 6685
2026-Sep-11 18:27:31.222383 INFO    [protocol] New Top Block Detected: 6686
2026-Sep-11 18:27:39.258800 INFO    [protocol] New Top Block Detected: 6687
2026-Sep-11 18:27:42.992837 INFO    [protocol] New Top Block Detected: 6688
2026-Sep-11 18:28:47.515217 INFO    [protocol] New Top Block Detected: 6689
2026-Sep-11 18:30:29.913424 INFO    [protocol] New Top Block Detected: 6690
2026-Sep-11 18:31:26.145084 INFO    [protocol] New Top Block Detected: 6691
2026-Sep-11 18:31:38.224091 INFO    [protocol] New Top Block Detected: 6692
2026-Sep-11 18:31:41.580934 INFO    [protocol] New Top Block Detected: 6693
2026-Sep-11 18:32:28.411729 INFO    [protocol] New Top Block Detected: 6694
2026-Sep-11 18:32:32.428148 INFO    [protocol] New Top Block Detected: 6695
2026-Sep-11 18:33:34.678116 INFO    [protocol] New Top Block Detected: 6696
2026-Sep-11 18:34:10.916900 INFO    [protocol] New Top Block Detected: 6697
2026-Sep-11 18:34:12.770880 INFO    [protocol] New Top Block Detected: 6699
2026-Sep-11 18:34:45.800303 INFO    [protocol] New Top Block Detected: 6700
2026-Sep-11 18:34:54.277623 INFO    [Core] Block 6700 (e14568f4770c7597ab1693224500feea9dfdf01b4e29f58bcfa7588df6730ff1) added to main chain
2026-Sep-11 18:34:55.182937 INFO    [protocol] New Top Block Detected: 6701
2026-Sep-11 18:35:32.442410 INFO    [protocol] New Top Block Detected: 6702
2026-Sep-11 18:36:09.146990 INFO    [protocol] New Top Block Detected: 6703
2026-Sep-11 18:36:09.624516 INFO    [protocol] New Top Block Detected: 6704
2026-Sep-11 18:36:11.508151 INFO    [protocol] New Top Block Detected: 6705
2026-Sep-11 18:37:11.850453 INFO    [protocol] New Top Block Detected: 6706
2026-Sep-11 18:37:26.813159 INFO    [protocol] New Top Block Detected: 6707
2026-Sep-11 18:38:03.278198 INFO    [protocol] New Top Block Detected: 6708
2026-Sep-11 18:38:44.176828 INFO    [protocol] New Top Block Detected: 6709
2026-Sep-11 18:39:00.235556 INFO    [protocol] New Top Block Detected: 6710
2026-Sep-11 18:39:22.322962 INFO    [protocol] New Top Block Detected: 6711
2026-Sep-11 18:39:30.351430 INFO    [protocol] New Top Block Detected: 6712
2026-Sep-11 18:40:42.639484 INFO    [protocol] New Top Block Detected: 6713
2026-Sep-11 18:41:10.754019 INFO    [protocol] New Top Block Detected: 6714
2026-Sep-11 18:41:53.248923 INFO    [protocol] New Top Block Detected: 6715
2026-Sep-11 18:42:11.972048 INFO    [protocol] New Top Block Detected: 6716
2026-Sep-11 18:43:39.055909 INFO    [protocol] New Top Block Detected: 6717
2026-Sep-11 18:43:47.564759 INFO    [protocol] New Top Block Detected: 6718
2026-Sep-11 18:43:51.747803 INFO    [protocol] New Top Block Detected: 6719
2026-Sep-11 18:44:19.700215 INFO    [protocol] New Top Block Detected: 6720
2026-Sep-11 18:45:31.755657 INFO    [protocol] New Top Block Detected: 6721
2026-Sep-11 18:45:46.089188 INFO    [protocol] New Top Block Detected: 6722
2026-Sep-11 18:45:54.121893 INFO    [protocol] New Top Block Detected: 6723
2026-Sep-11 18:46:00.525926 INFO    [protocol] New Top Block Detected: 6724
2026-Sep-11 18:46:21.853736 INFO    [protocol] New Top Block Detected: 6725
2026-Sep-11 18:46:50.414258 INFO    [protocol] New Top Block Detected: 6726
2026-Sep-11 18:47:38.619056 INFO    [protocol] New Top Block Detected: 6727
2026-Sep-11 18:47:42.220222 INFO    [protocol] New Top Block Detected: 6728
2026-Sep-11 18:47:44.547607 INFO    [protocol] New Top Block Detected: 6729
2026-Sep-11 18:48:24.822224 INFO    [protocol] New Top Block Detected: 6730
2026-Sep-11 18:49:38.052260 INFO    [protocol] New Top Block Detected: 6731
2026-Sep-11 18:50:39.465662 INFO    [protocol] New Top Block Detected: 6732
2026-Sep-11 18:50:43.480845 INFO    [protocol] New Top Block Detected: 6733
2026-Sep-11 18:51:41.056543 INFO    [protocol] New Top Block Detected: 6734
2026-Sep-11 18:52:27.900994 INFO    [protocol] New Top Block Detected: 6735
2026-Sep-11 18:52:32.485205 INFO    [protocol] New Top Block Detected: 6736
2026-Sep-11 18:53:00.082839 INFO    [protocol] New Top Block Detected: 6737
2026-Sep-11 18:53:02.090920 INFO    [protocol] New Top Block Detected: 6738
2026-Sep-11 18:53:42.249746 INFO    [protocol] New Top Block Detected: 6739
2026-Sep-11 18:54:26.451640 INFO    [protocol] New Top Block Detected: 6740
2026-Sep-11 18:55:41.687298 INFO    [daemon] 

                                              
███╗   ███╗███████╗██████╗ ██╗   ██╗███████╗
████╗ ████║██╔════╝██╔══██╗██║   ██║╚══███╔╝
██╔████╔██║█████╗  ██║  ██║██║   ██║  ███╔╝ 
██║╚██╔╝██║██╔══╝  ██║  ██║██║   ██║ ███╔╝  
██║ ╚═╝ ██║███████╗██████╔╝╚██████╔╝███████╗
╚═╝     ╚═╝╚══════╝╚═════╝  ╚═════╝ ╚══════╝

 Meduz v0.14.6.1286 ()
 This software is distributed under the General Public License v3.0

 Copyright 2018-2019, The TurtleCoin Developers

 Additional Copyright(s) may apply, please see the included LICENSE file for more information.
 If you did not receive a copy of the LICENSE, please visit:
 https://github.com/meduztrade-maker/meduzcoin/blob/main/LICENSE


2026-Sep-11 18:55:41.688902 INFO    [daemon] Program Working Directory: "/"
2026-Sep-11 18:55:41.688959 INFO    [daemon] Loading Checkpoints for faster initial sync...
2026-Sep-11 18:55:41.688970 INFO    [daemon] Loaded 0 default checkpoints
2026-Sep-11 18:55:41.688991 INFO    [RocksDBWrapper] Opening DB in /data/DB
2026-Sep-11 18:55:41.722571 INFO    [RocksDBWrapper] DB opened in /data/DB
2026-Sep-11 18:55:41.728757 INFO    [daemon] Initializing core...
2026-Sep-11 18:55:41.730665 INFO    [Core] Importing blocks from blockchain storage
2026-Sep-11 18:55:41.814894 INFO    [Core] Imported block with index 6000 / 6738
2026-Sep-11 18:55:41.870574 INFO    [daemon] Core initialized OK
2026-Sep-11 18:55:41.870632 INFO    [daemon] Initializing p2p server...
2026-Sep-11 18:55:41.876759 INFO    [node_server] Priority peers configured: 0
2026-Sep-11 18:55:41.877223 INFO    [node_server] Binding on 0.0.0.0:27897
2026-Sep-11 18:55:41.877274 INFO    [node_server] Net service binded on 0.0.0.0:27897
2026-Sep-11 18:55:41.877286 INFO    [node_server] Attempting to add IGD port mapping.
2026-Sep-11 18:55:45.881695 INFO    [node_server] No IGD was found.
2026-Sep-11 18:55:45.881775 INFO    [daemon] P2p server initialized OK
2026-Sep-11 18:55:45.881787 INFO    [daemon] Starting core rpc server on address 0.0.0.0:27898
2026-Sep-11 18:55:45.881873 INFO    [daemon] Core rpc server started ok
2026-Sep-11 18:55:45.881888 INFO    [daemon] Starting p2p net loop...
2026-Sep-11 18:55:45.881899 INFO    [node_server] Starting node_server
2026-Sep-11 18:55:45.886121 INFO    [protocol] 
2026-Sep-11 18:55:45.886168 INFO    [protocol] ===[ Meduz Tip! ]=============================
2026-Sep-11 18:55:45.886184 INFO    [protocol]  Always exit meduzd and meduz-wallet with the "exit" command to preserve your chain and wallet data.
2026-Sep-11 18:55:45.886212 INFO    [protocol]  Use the "help" command to see a list of available commands.
2026-Sep-11 18:55:45.886228 INFO    [protocol]  Use the "backup" command in meduz-wallet to display your keys/seed for restoring a corrupted wallet.
2026-Sep-11 18:55:45.886246 INFO    [protocol]  If you need more assistance, you can contact us for support at https://t.me/REPLACE_WITH_YOUR_CHANNEL
2026-Sep-11 18:55:45.886263 INFO    [protocol] ===================================================
2026-Sep-11 18:55:45.886263 INFO    [protocol] 
2026-Sep-11 18:55:45.886291 INFO    [protocol] 
                                              
███╗   ███╗███████╗██████╗ ██╗   ██╗███████╗
████╗ ████║██╔════╝██╔══██╗██║   ██║╚══███╔╝
██╔████╔██║█████╗  ██║  ██║██║   ██║  ███╔╝ 
██║╚██╔╝██║██╔══╝  ██║  ██║██║   ██║ ███╔╝  
██║ ╚═╝ ██║███████╗██████╔╝╚██████╔╝███████╗
╚═╝     ╚═╝╚══════╝╚═════╝  ╚═════╝ ╚══════╝

2026-Sep-11 18:55:45.886339 INFO    [protocol] New Top Block Detected: 6739
2026-Sep-11 18:55:47.881243 INFO    [protocol] [100.64.0.4:50358 INC] Your Meduz node is syncing with the network (99.99% complete) You are 1 blocks (0 days) behind the current peer you're connected to. Slow and steady wins the race! 
2026-Sep-11 18:55:47.881314 INFO    [protocol] New Top Block Detected: 6740
2026-Sep-11 18:55:48.326623 INFO    [protocol] [100.64.0.4:50358 INC] Successfully synchronized with the Meduz Network.
2026-Sep-11 18:55:51.549907 INFO    [protocol] New Top Block Detected: 6741
2026-Sep-11 18:56:28.162740 INFO    [protocol] New Top Block Detected: 6742
2026-Sep-11 18:56:37.943043 INFO    [protocol] New Top Block Detected: 6743
2026-Sep-11 18:56:58.147895 INFO    [protocol] New Top Block Detected: 6744
2026-Sep-11 18:58:11.887214 INFO    [protocol] New Top Block Detected: 6745
2026-Sep-11 18:58:39.983739 INFO    [protocol] New Top Block Detected: 6746
2026-Sep-11 18:59:45.179154 INFO    [protocol] New Top Block Detected: 6747
2026-Sep-11 19:00:16.047197 INFO    [protocol] New Top Block Detected: 6748
2026-Sep-11 19:01:17.845486 INFO    [daemon] 

                                              
███╗   ███╗███████╗██████╗ ██╗   ██╗███████╗
████╗ ████║██╔════╝██╔══██╗██║   ██║╚══███╔╝
██╔████╔██║█████╗  ██║  ██║██║   ██║  ███╔╝ 
██║╚██╔╝██║██╔══╝  ██║  ██║██║   ██║ ███╔╝  
██║ ╚═╝ ██║███████╗██████╔╝╚██████╔╝███████╗
╚═╝     ╚═╝╚══════╝╚═════╝  ╚═════╝ ╚══════╝

 Meduz v0.14.6.1286 ()
 This software is distributed under the General Public License v3.0

 Copyright 2018-2019, The TurtleCoin Developers

 Additional Copyright(s) may apply, please see the included LICENSE file for more information.
 If you did not receive a copy of the LICENSE, please visit:
 https://github.com/meduztrade-maker/meduzcoin/blob/main/LICENSE


2026-Sep-11 19:01:17.846972 INFO    [daemon] Program Working Directory: "/"
2026-Sep-11 19:01:17.847028 INFO    [daemon] Loading Checkpoints for faster initial sync...
2026-Sep-11 19:01:17.847037 INFO    [daemon] Loaded 0 default checkpoints
2026-Sep-11 19:01:17.847054 INFO    [RocksDBWrapper] Opening DB in /data/DB
2026-Sep-11 19:01:17.917196 INFO    [RocksDBWrapper] DB opened in /data/DB
2026-Sep-11 19:01:17.918252 INFO    [daemon] Initializing core...
2026-Sep-11 19:01:17.940486 INFO    [Core] DB has more blocks than blockchain storage, cutting from block index: 6747
2026-Sep-11 19:01:17.940539 INFO    [Core] Cutting root segment from index 6747
2026-Sep-11 19:01:17.947138 INFO    [daemon] Core initialized OK
2026-Sep-11 19:01:17.947189 INFO    [daemon] Initializing p2p server...
2026-Sep-11 19:01:17.952822 INFO    [node_server] Priority peers configured: 0
2026-Sep-11 19:01:17.954180 INFO    [node_server] Binding on 0.0.0.0:27897
2026-Sep-11 19:01:17.954264 INFO    [node_server] Net service binded on 0.0.0.0:27897
2026-Sep-11 19:01:17.954277 INFO    [node_server] Attempting to add IGD port mapping.
2026-Sep-11 19:01:21.958667 INFO    [node_server] No IGD was found.
2026-Sep-11 19:01:21.958761 INFO    [daemon] P2p server initialized OK
2026-Sep-11 19:01:21.958771 INFO    [daemon] Starting core rpc server on address 0.0.0.0:27898
2026-Sep-11 19:01:21.958876 INFO    [daemon] Core rpc server started ok
2026-Sep-11 19:01:21.958910 INFO    [daemon] Starting p2p net loop...
2026-Sep-11 19:01:21.958922 INFO    [node_server] Starting node_server
2026-Sep-11 19:01:21.963989 INFO    [protocol] 
2026-Sep-11 19:01:21.964029 INFO    [protocol] ===[ Meduz Tip! ]=============================
2026-Sep-11 19:01:21.964041 INFO    [protocol]  Always exit meduzd and meduz-wallet with the "exit" command to preserve your chain and wallet data.
2026-Sep-11 19:01:21.964054 INFO    [protocol]  Use the "help" command to see a list of available commands.
2026-Sep-11 19:01:21.964063 INFO    [protocol]  Use the "backup" command in meduz-wallet to display your keys/seed for restoring a corrupted wallet.
2026-Sep-11 19:01:21.964076 INFO    [protocol]  If you need more assistance, you can contact us for support at https://t.me/REPLACE_WITH_YOUR_CHANNEL
2026-Sep-11 19:01:21.964088 INFO    [protocol] ===================================================
2026-Sep-11 19:01:21.964088 INFO    [protocol] 
2026-Sep-11 19:01:21.964109 INFO    [protocol] 
                                              
███╗   ███╗███████╗██████╗ ██╗   ██╗███████╗
████╗ ████║██╔════╝██╔══██╗██║   ██║╚══███╔╝
██╔████╔██║█████╗  ██║  ██║██║   ██║  ███╔╝ 
██║╚██╔╝██║██╔══╝  ██║  ██║██║   ██║ ███╔╝  
██║ ╚═╝ ██║███████╗██████╔╝╚██████╔╝███████╗
╚═╝     ╚═╝╚══════╝╚═════╝  ╚═════╝ ╚══════╝

2026-Sep-11 19:01:21.964140 INFO    [protocol] New Top Block Detected: 6747
2026-Sep-11 19:01:25.362240 INFO    [protocol] [100.64.0.5:44658 INC] Your Meduz node is syncing with the network (99.99% complete) You are 1 blocks (0 days) behind the current peer you're connected to. Slow and steady wins the race! 
2026-Sep-11 19:01:25.362318 INFO    [protocol] New Top Block Detected: 6748
2026-Sep-11 19:01:25.390526 INFO    [protocol] [100.64.0.5:44658 INC] Successfully synchronized with the Meduz Network.
2026-Sep-11 19:01:43.339227 INFO    [protocol] New Top Block Detected: 6749
2026-Sep-11 19:01:44.696758 INFO    [protocol] New Top Block Detected: 6750
2026-Sep-11 19:01:58.469200 INFO    [protocol] New Top Block Detected: 6751
2026-Sep-11 19:02:16.529149 INFO    [protocol] New Top Block Detected: 6752
2026-Sep-11 19:02:51.955908 INFO    [protocol] New Top Block Detected: 6753
2026-Sep-11 19:03:48.923175 INFO    [protocol] New Top Block Detected: 6754
2026-Sep-11 19:04:13.653646 INFO    [protocol] New Top Block Detected: 6755
2026-Sep-11 19:04:21.139354 INFO    [protocol] New Top Block Detected: 6756
2026-Sep-11 19:04:26.192377 INFO    [protocol] New Top Block Detected: 6757
2026-Sep-11 19:05:28.328546 INFO    [protocol] New Top Block Detected: 6758
2026-Sep-11 19:05:30.329243 INFO    [protocol] New Top Block Detected: 6759
2026-Sep-11 19:06:07.445646 INFO    [protocol] New Top Block Detected: 6760
2026-Sep-11 19:06:11.601779 INFO    [protocol] New Top Block Detected: 6761
2026-Sep-11 19:06:20.297975 INFO    [protocol] New Top Block Detected: 6762
2026-Sep-11 19:06:23.645187 INFO    [protocol] New Top Block Detected: 6763
2026-Sep-11 19:06:29.910946 INFO    [protocol] New Top Block Detected: 6764
2026-Sep-11 19:06:47.884732 INFO    [protocol] New Top Block Detected: 6765
2026-Sep-11 19:06:49.891122 INFO    [protocol] New Top Block Detected: 6766
2026-Sep-11 19:07:25.238850 INFO    [protocol] New Top Block Detected: 6767
2026-Sep-11 19:07:27.592801 INFO    [protocol] New Top Block Detected: 6768
2026-Sep-11 19:07:48.726258 INFO    [protocol] New Top Block Detected: 6769
2026-Sep-11 19:09:03.886190 INFO    [protocol] New Top Block Detected: 6770
2026-Sep-11 19:09:06.242026 INFO    [daemon] 

                                              
███╗   ███╗███████╗██████╗ ██╗   ██╗███████╗
████╗ ████║██╔════╝██╔══██╗██║   ██║╚══███╔╝
██╔████╔██║█████╗  ██║  ██║██║   ██║  ███╔╝ 
██║╚██╔╝██║██╔══╝  ██║  ██║██║   ██║ ███╔╝  
██║ ╚═╝ ██║███████╗██████╔╝╚██████╔╝███████╗
╚═╝     ╚═╝╚══════╝╚═════╝  ╚═════╝ ╚══════╝

 Meduz v0.14.6.1286 ()
 This software is distributed under the General Public License v3.0

 Copyright 2018-2019, The TurtleCoin Developers

 Additional Copyright(s) may apply, please see the included LICENSE file for more information.
 If you did not receive a copy of the LICENSE, please visit:
 https://github.com/meduztrade-maker/meduzcoin/blob/main/LICENSE


2026-Sep-11 19:09:06.244616 INFO    [daemon] Program Working Directory: "/"
2026-Sep-11 19:09:06.244687 INFO    [daemon] Loading Checkpoints for faster initial sync...
2026-Sep-11 19:09:06.244698 INFO    [daemon] Loaded 0 default checkpoints
2026-Sep-11 19:09:06.244713 INFO    [RocksDBWrapper] Opening DB in /data/DB
2026-Sep-11 19:09:06.269428 INFO    [RocksDBWrapper] DB opened in /data/DB
2026-Sep-11 19:09:06.275421 INFO    [daemon] Initializing core...
2026-Sep-11 19:09:06.311062 INFO    [Core] DB has more blocks than blockchain storage, cutting from block index: 6769
2026-Sep-11 19:09:06.311127 INFO    [Core] Cutting root segment from index 6769
2026-Sep-11 19:09:06.324692 INFO    [daemon] Core initialized OK
2026-Sep-11 19:09:06.324749 INFO    [daemon] Initializing p2p server...
2026-Sep-11 19:09:06.330845 INFO    [node_server] Priority peers configured: 0
2026-Sep-11 19:09:06.331353 INFO    [node_server] Binding on 0.0.0.0:27897
2026-Sep-11 19:09:06.331431 INFO    [node_server] Net service binded on 0.0.0.0:27897
2026-Sep-11 19:09:06.331443 INFO    [node_server] Attempting to add IGD port mapping.
2026-Sep-11 19:09:10.335890 INFO    [node_server] No IGD was found.
2026-Sep-11 19:09:10.335966 INFO    [daemon] P2p server initialized OK
2026-Sep-11 19:09:10.335978 INFO    [daemon] Starting core rpc server on address 0.0.0.0:27898
2026-Sep-11 19:09:10.336057 INFO    [daemon] Core rpc server started ok
2026-Sep-11 19:09:10.336074 INFO    [daemon] Starting p2p net loop...
2026-Sep-11 19:09:10.336082 INFO    [node_server] Starting node_server
2026-Sep-11 19:09:10.341859 INFO    [protocol] 
2026-Sep-11 19:09:10.341895 INFO    [protocol] ===[ Meduz Tip! ]=============================
2026-Sep-11 19:09:10.341907 INFO    [protocol]  Always exit meduzd and meduz-wallet with the "exit" command to preserve your chain and wallet data.
2026-Sep-11 19:09:10.341920 INFO    [protocol]  Use the "help" command to see a list of available commands.
2026-Sep-11 19:09:10.341942 INFO    [protocol]  Use the "backup" command in meduz-wallet to display your keys/seed for restoring a corrupted wallet.
2026-Sep-11 19:09:10.341953 INFO    [protocol]  If you need more assistance, you can contact us for support at https://t.me/REPLACE_WITH_YOUR_CHANNEL
2026-Sep-11 19:09:10.341966 INFO    [protocol] ===================================================
2026-Sep-11 19:09:10.341966 INFO    [protocol] 
2026-Sep-11 19:09:10.341983 INFO    [protocol] 
                                              
███╗   ███╗███████╗██████╗ ██╗   ██╗███████╗
████╗ ████║██╔════╝██╔══██╗██║   ██║╚══███╔╝
██╔████╔██║█████╗  ██║  ██║██║   ██║  ███╔╝ 
██║╚██╔╝██║██╔══╝  ██║  ██║██║   ██║ ███╔╝  
██║ ╚═╝ ██║███████╗██████╔╝╚██████╔╝███████╗
╚═╝     ╚═╝╚══════╝╚═════╝  ╚═════╝ ╚══════╝

2026-Sep-11 19:09:10.342014 INFO    [protocol] New Top Block Detected: 6769
2026-Sep-11 19:09:12.543939 INFO    [protocol] [100.64.0.4:10904 INC] Your Meduz node is syncing with the network (99.99% complete) You are 1 blocks (0 days) behind the current peer you're connected to. Slow and steady wins the race! 
2026-Sep-11 19:09:12.544005 INFO    [protocol] New Top Block Detected: 6770
2026-Sep-11 19:09:12.771044 INFO    [protocol] [100.64.0.4:10904 INC] Successfully synchronized with the Meduz Network.
2026-Sep-11 19:09:43.756497 INFO    [protocol] New Top Block Detected: 6771
2026-Sep-11 19:10:07.932602 INFO    [protocol] New Top Block Detected: 6772
2026-Sep-11 19:12:50.838457 INFO    [protocol] New Top Block Detected: 6773
2026-Sep-11 19:12:58.742304 INFO    [protocol] New Top Block Detected: 6774
2026-Sep-11 19:13:32.496568 INFO    [protocol] New Top Block Detected: 6775
2026-Sep-11 19:13:48.115513 INFO    [protocol] New Top Block Detected: 6776
2026-Sep-11 19:15:09.865423 INFO    [protocol] New Top Block Detected: 6777
2026-Sep-11 19:16:37.838716 INFO    [daemon] 

                                              
███╗   ███╗███████╗██████╗ ██╗   ██╗███████╗
████╗ ████║██╔════╝██╔══██╗██║   ██║╚══███╔╝
██╔████╔██║█████╗  ██║  ██║██║   ██║  ███╔╝ 
██║╚██╔╝██║██╔══╝  ██║  ██║██║   ██║ ███╔╝  
██║ ╚═╝ ██║███████╗██████╔╝╚██████╔╝███████╗
╚═╝     ╚═╝╚══════╝╚═════╝  ╚═════╝ ╚══════╝

 Meduz v0.14.6.1286 ()
 This software is distributed under the General Public License v3.0

 Copyright 2018-2019, The TurtleCoin Developers

 Additional Copyright(s) may apply, please see the included LICENSE file for more information.
 If you did not receive a copy of the LICENSE, please visit:
 https://github.com/meduztrade-maker/meduzcoin/blob/main/LICENSE


2026-Sep-11 19:16:37.839932 INFO    [daemon] Program Working Directory: "/"
2026-Sep-11 19:16:37.839981 INFO    [daemon] Loading Checkpoints for faster initial sync...
2026-Sep-11 19:16:37.839990 INFO    [daemon] Loaded 0 default checkpoints
2026-Sep-11 19:16:37.840008 INFO    [RocksDBWrapper] Opening DB in /data/DB
2026-Sep-11 19:16:37.861766 INFO    [RocksDBWrapper] DB opened in /data/DB
2026-Sep-11 19:16:37.865353 INFO    [daemon] Initializing core...
2026-Sep-11 19:16:37.896536 INFO    [Core] DB has more blocks than blockchain storage, cutting from block index: 6776
2026-Sep-11 19:16:37.896609 INFO    [Core] Cutting root segment from index 6776
2026-Sep-11 19:16:37.904742 INFO    [daemon] Core initialized OK
2026-Sep-11 19:16:37.904787 INFO    [daemon] Initializing p2p server...
2026-Sep-11 19:16:37.906446 INFO    [node_server] Priority peers configured: 0
2026-Sep-11 19:16:37.906813 INFO    [node_server] Binding on 0.0.0.0:27897
2026-Sep-11 19:16:37.906865 INFO    [node_server] Net service binded on 0.0.0.0:27897
2026-Sep-11 19:16:37.906877 INFO    [node_server] Attempting to add IGD port mapping.
2026-Sep-11 19:16:41.911251 INFO    [node_server] No IGD was found.
2026-Sep-11 19:16:41.911328 INFO    [daemon] P2p server initialized OK
2026-Sep-11 19:16:41.911339 INFO    [daemon] Starting core rpc server on address 0.0.0.0:27898
2026-Sep-11 19:16:41.911424 INFO    [daemon] Core rpc server started ok
2026-Sep-11 19:16:41.911439 INFO    [daemon] Starting p2p net loop...
2026-Sep-11 19:16:41.911448 INFO    [node_server] Starting node_server
2026-Sep-11 19:16:41.917245 INFO    [protocol] 
2026-Sep-11 19:16:41.917280 INFO    [protocol] ===[ Meduz Tip! ]=============================
2026-Sep-11 19:16:41.917291 INFO    [protocol]  Always exit meduzd and meduz-wallet with the "exit" command to preserve your chain and wallet data.
2026-Sep-11 19:16:41.917304 INFO    [protocol]  Use the "help" command to see a list of available commands.
2026-Sep-11 19:16:41.917316 INFO    [protocol]  Use the "backup" command in meduz-wallet to display your keys/seed for restoring a corrupted wallet.
2026-Sep-11 19:16:41.917328 INFO    [protocol]  If you need more assistance, you can contact us for support at https://t.me/REPLACE_WITH_YOUR_CHANNEL
2026-Sep-11 19:16:41.917338 INFO    [protocol] ===================================================
2026-Sep-11 19:16:41.917338 INFO    [protocol] 
2026-Sep-11 19:16:41.917363 INFO    [protocol] 
                                              
███╗   ███╗███████╗██████╗ ██╗   ██╗███████╗
████╗ ████║██╔════╝██╔══██╗██║   ██║╚══███╔╝
██╔████╔██║█████╗  ██║  ██║██║   ██║  ███╔╝ 
██║╚██╔╝██║██╔══╝  ██║  ██║██║   ██║ ███╔╝  
██║ ╚═╝ ██║███████╗██████╔╝╚██████╔╝███████╗
╚═╝     ╚═╝╚══════╝╚═════╝  ╚═════╝ ╚══════╝

2026-Sep-11 19:16:41.917409 INFO    [protocol] New Top Block Detected: 6776
2026-Sep-11 19:16:59.498358 INFO    [protocol] New Top Block Detected: 6777
2026-Sep-11 19:17:08.635314 INFO    [protocol] New Top Block Detected: 6778
2026-Sep-11 19:17:18.667203 INFO    [protocol] New Top Block Detected: 6779
2026-Sep-11 19:17:50.772497 INFO    [protocol] New Top Block Detected: 6780
2026-Sep-11 19:18:12.969135 INFO    [protocol] New Top Block Detected: 6781
2026-Sep-11 19:18:27.024672 INFO    [protocol] New Top Block Detected: 6782
2026-Sep-11 19:18:40.198432 INFO    [protocol] New Top Block Detected: 6783
2026-Sep-11 19:18:45.087071 INFO    [protocol] New Top Block Detected: 6784
2026-Sep-11 19:19:00.422060 INFO    [protocol] New Top Block Detected: 6785
2026-Sep-11 19:19:41.296680 INFO    [protocol] New Top Block Detected: 6786
2026-Sep-11 19:20:11.259402 INFO    [protocol] New Top Block Detected: 6787
2026-Sep-11 19:21:13.783175 INFO    [protocol] New Top Block Detected: 6788
2026-Sep-11 19:21:15.391871 INFO    [protocol] New Top Block Detected: 6789
2026-Sep-11 19:21:29.856667 INFO    [protocol] New Top Block Detected: 6790
2026-Sep-11 19:21:30.807789 INFO    [protocol] New Top Block Detected: 6791
2026-Sep-11 19:21:48.074816 INFO    [protocol] New Top Block Detected: 6792
2026-Sep-11 19:22:29.120049 INFO    [protocol] New Top Block Detected: 6793
2026-Sep-11 19:23:01.148946 INFO    [protocol] New Top Block Detected: 6794
2026-Sep-11 19:23:04.336465 INFO    [protocol] New Top Block Detected: 6795
2026-Sep-11 19:23:06.344157 INFO    [protocol] New Top Block Detected: 6796
2026-Sep-11 19:24:00.535652 INFO    [protocol] New Top Block Detected: 6797
2026-Sep-11 19:24:41.958389 INFO    [protocol] New Top Block Detected: 6798
2026-Sep-11 19:25:04.927248 INFO    [protocol] New Top Block Detected: 6799
2026-Sep-11 19:26:17.258070 INFO    [protocol] New Top Block Detected: 6800
2026-Sep-11 19:26:36.881866 INFO    [Core] Block 6800 (4951fb6c196251566424b436bc6d36829f574e8589c4c1083a94ea3e4c5cef27) added to main chain
2026-Sep-11 19:26:37.254210 INFO    [protocol] New Top Block Detected: 6801
2026-Sep-11 19:26:38.410510 INFO    [protocol] New Top Block Detected: 6802
2026-Sep-11 19:26:57.346502 INFO    [protocol] New Top Block Detected: 6803
2026-Sep-11 19:27:15.532593 INFO    [protocol] New Top Block Detected: 6804
2026-Sep-11 19:29:33.836535 INFO    [protocol] New Top Block Detected: 6805
2026-Sep-11 19:29:54.725384 INFO    [protocol] New Top Block Detected: 6806
2026-Sep-11 19:30:20.569360 INFO    [protocol] New Top Block Detected: 6807
2026-Sep-11 19:30:26.581063 INFO    [protocol] New Top Block Detected: 6808
2026-Sep-11 19:31:55.290389 INFO    [protocol] New Top Block Detected: 6809
2026-Sep-11 19:32:11.951164 INFO    [protocol] New Top Block Detected: 6810
2026-Sep-11 19:32:25.820984 INFO    [protocol] New Top Block Detected: 6811
2026-Sep-11 19:32:41.900728 INFO    [protocol] New Top Block Detected: 6812
2026-Sep-11 19:33:31.006617 INFO    [protocol] New Top Block Detected: 6813
2026-Sep-11 19:33:42.347285 INFO    [protocol] New Top Block Detected: 6814
2026-Sep-11 19:34:31.285669 INFO    [protocol] New Top Block Detected: 6815
2026-Sep-11 19:35:11.522998 INFO    [protocol] New Top Block Detected: 6816
2026-Sep-11 19:35:41.632233 INFO    [protocol] New Top Block Detected: 6817
2026-Sep-11 19:35:55.607409 INFO    [protocol] New Top Block Detected: 6818
2026-Sep-11 19:36:00.949311 INFO    [protocol] New Top Block Detected: 6819
2026-Sep-11 19:36:15.742635 INFO    [protocol] New Top Block Detected: 6820
2026-Sep-11 19:37:12.499163 INFO    [protocol] New Top Block Detected: 6821
2026-Sep-11 19:37:56.691078 INFO    [protocol] New Top Block Detected: 6822
2026-Sep-11 19:38:07.240218 INFO    [protocol] New Top Block Detected: 6823
2026-Sep-11 19:39:22.208129 INFO    [protocol] New Top Block Detected: 6824
2026-Sep-11 19:39:24.502068 INFO    [protocol] New Top Block Detected: 6825
2026-Sep-11 19:39:31.822139 INFO    [protocol] New Top Block Detected: 6826
2026-Sep-11 19:40:06.814755 INFO    [protocol] New Top Block Detected: 6827
2026-Sep-11 19:40:08.421462 INFO    [protocol] New Top Block Detected: 6828
2026-Sep-11 19:40:50.814426 INFO    [protocol] New Top Block Detected: 6829
2026-Sep-11 19:41:24.939697 INFO    [protocol] New Top Block Detected: 6830
2026-Sep-11 19:43:09.172929 INFO    [protocol] New Top Block Detected: 6831
2026-Sep-11 19:43:16.934048 INFO    [protocol] New Top Block Detected: 6832
2026-Sep-11 19:43:53.178589 INFO    [protocol] New Top Block Detected: 6834
2026-Sep-11 19:43:55.301534 INFO    [protocol] New Top Block Detected: 6835
2026-Sep-11 19:44:07.342127 INFO    [protocol] New Top Block Detected: 6836
2026-Sep-11 19:44:23.393469 INFO    [protocol] New Top Block Detected: 6837
2026-Sep-11 19:44:27.561493 INFO    [protocol] New Top Block Detected: 6838
2026-Sep-11 19:44:28.189112 INFO    [protocol] New Top Block Detected: 6839
2026-Sep-11 19:44:50.370198 INFO    [protocol] New Top Block Detected: 6840
2026-Sep-11 19:45:27.830552 INFO    [protocol] New Top Block Detected: 6841
2026-Sep-11 19:45:35.204556 INFO    [protocol] New Top Block Detected: 6842
2026-Sep-11 19:46:38.562026 INFO    [protocol] New Top Block Detected: 6843
2026-Sep-11 19:47:20.223221 INFO    [protocol] New Top Block Detected: 6844
2026-Sep-11 19:47:36.833865 INFO    [protocol] New Top Block Detected: 6846
2026-Sep-11 19:47:41.855960 INFO    [protocol] New Top Block Detected: 6847
2026-Sep-11 19:47:46.894271 INFO    [protocol] New Top Block Detected: 6848
2026-Sep-11 19:49:13.209618 INFO    [protocol] New Top Block Detected: 6849
2026-Sep-11 19:50:33.472790 INFO    [protocol] New Top Block Detected: 6850
2026-Sep-11 19:50:56.829072 INFO    [protocol] New Top Block Detected: 6851
2026-Sep-11 19:51:17.834410 INFO    [protocol] New Top Block Detected: 6852
2026-Sep-11 19:52:07.947744 INFO    [protocol] New Top Block Detected: 6853
2026-Sep-11 19:52:40.964684 INFO    [protocol] New Top Block Detected: 6854
2026-Sep-11 19:53:18.644955 INFO    [protocol] New Top Block Detected: 6855
2026-Sep-11 19:53:20.281378 INFO    [protocol] New Top Block Detected: 6856
2026-Sep-11 19:54:04.933043 INFO    [protocol] New Top Block Detected: 6857
2026-Sep-11 19:56:00.873496 INFO    [protocol] New Top Block Detected: 6858
2026-Sep-11 19:56:25.825007 INFO    [protocol] New Top Block Detected: 6859
2026-Sep-11 19:56:47.769169 INFO    [protocol] New Top Block Detected: 6860
2026-Sep-11 19:58:10.181666 INFO    [protocol] New Top Block Detected: 6861
2026-Sep-11 20:00:05.145328 INFO    [protocol] New Top Block Detected: 6862
2026-Sep-11 20:00:12.628818 INFO    [protocol] New Top Block Detected: 6863
2026-Sep-11 20:01:10.831292 INFO    [protocol] New Top Block Detected: 6864
2026-Sep-11 20:01:21.450332 INFO    [protocol] New Top Block Detected: 6865
2026-Sep-11 20:01:47.045155 INFO    [protocol] New Top Block Detected: 6866
2026-Sep-11 20:01:48.561746 INFO    [protocol] New Top Block Detected: 6867
2026-Sep-11 20:01:51.818836 INFO    [protocol] New Top Block Detected: 6868
2026-Sep-11 20:02:39.256721 INFO    [protocol] New Top Block Detected: 6869
2026-Sep-11 20:02:42.410860 INFO    [protocol] New Top Block Detected: 6870
2026-Sep-11 20:02:53.304695 INFO    [protocol] New Top Block Detected: 6871
2026-Sep-11 20:04:17.611543 INFO    [protocol] New Top Block Detected: 6872
2026-Sep-11 20:04:50.254000 INFO    [protocol] New Top Block Detected: 6873
2026-Sep-11 20:05:41.836967 INFO    [protocol] New Top Block Detected: 6874
2026-Sep-11 20:06:00.605155 INFO    [protocol] New Top Block Detected: 6875
2026-Sep-11 20:06:28.264284 INFO    [protocol] New Top Block Detected: 6876
2026-Sep-11 20:06:44.482935 INFO    [protocol] New Top Block Detected: 6877
2026-Sep-11 20:06:56.237870 INFO    [protocol] New Top Block Detected: 6878
2026-Sep-11 20:07:04.520338 INFO    [protocol] New Top Block Detected: 6879
2026-Sep-11 20:07:17.419490 INFO    [protocol] New Top Block Detected: 6880
2026-Sep-11 20:08:46.755286 INFO    [protocol] New Top Block Detected: 6881
2026-Sep-11 20:08:50.849326 INFO    [protocol] New Top Block Detected: 6882
2026-Sep-11 20:08:52.010504 INFO    [protocol] New Top Block Detected: 6883
2026-Sep-11 20:09:24.967810 INFO    [protocol] New Top Block Detected: 6884
2026-Sep-11 20:09:32.787139 INFO    [protocol] New Top Block Detected: 6885
2026-Sep-11 20:09:41.572952 INFO    [protocol] New Top Block Detected: 6886
2026-Sep-11 20:09:41.952553 INFO    [protocol] New Top Block Detected: 6887
2026-Sep-11 20:09:47.043377 INFO    [protocol] New Top Block Detected: 6888
2026-Sep-11 20:10:25.173875 INFO    [protocol] New Top Block Detected: 6889
2026-Sep-11 20:10:53.273419 INFO    [protocol] New Top Block Detected: 6890
2026-Sep-11 20:11:53.487715 INFO    [protocol] New Top Block Detected: 6891
2026-Sep-11 20:12:27.598673 INFO    [protocol] New Top Block Detected: 6892
2026-Sep-11 20:12:37.076740 INFO    [protocol] New Top Block Detected: 6893
2026-Sep-11 20:12:53.573229 INFO    [protocol] New Top Block Detected: 6894
2026-Sep-11 20:12:55.360122 INFO    [protocol] New Top Block Detected: 6895
2026-Sep-11 20:13:18.083369 INFO    [protocol] New Top Block Detected: 6896
2026-Sep-11 20:13:35.896260 INFO    [protocol] New Top Block Detected: 6897
2026-Sep-11 20:14:54.440235 INFO    [protocol] New Top Block Detected: 6898
2026-Sep-11 20:16:15.441700 INFO    [protocol] New Top Block Detected: 6899
2026-Sep-11 20:17:02.272209 INFO    [protocol] New Top Block Detected: 6900
2026-Sep-11 20:18:11.683744 INFO    [Core] Block 6900 (41065be128c86c0906792fb13a4233b6a2e7116a8bb73512e12b98a395e0888b) added to main chain
2026-Sep-11 20:18:13.366298 INFO    [protocol] New Top Block Detected: 6901
2026-Sep-11 20:18:33.446421 INFO    [protocol] New Top Block Detected: 6902
2026-Sep-11 20:19:45.111509 INFO    [protocol] New Top Block Detected: 6903
2026-Sep-11 20:20:02.164000 INFO    [protocol] New Top Block Detected: 6904
2026-Sep-11 20:20:18.792385 INFO    [protocol] New Top Block Detected: 6905
2026-Sep-11 20:20:40.147060 INFO    [protocol] New Top Block Detected: 6906
2026-Sep-11 20:21:26.323839 INFO    [protocol] New Top Block Detected: 6907
2026-Sep-11 20:23:02.747387 INFO    [protocol] New Top Block Detected: 6908
2026-Sep-11 20:23:18.855632 INFO    [protocol] New Top Block Detected: 6909
2026-Sep-11 20:23:53.569365 INFO    [protocol] New Top Block Detected: 6910
2026-Sep-11 20:24:35.239421 INFO    [protocol] New Top Block Detected: 6911
2026-Sep-11 20:25:45.507404 INFO    [protocol] New Top Block Detected: 6912
2026-Sep-11 20:26:13.150086 INFO    [protocol] New Top Block Detected: 6913
2026-Sep-11 20:27:17.917363 INFO    [protocol] New Top Block Detected: 6914
2026-Sep-11 20:27:44.209727 INFO    [protocol] New Top Block Detected: 6915
2026-Sep-11 20:27:48.584377 INFO    [protocol] New Top Block Detected: 6916
2026-Sep-11 20:28:22.288670 INFO    [protocol] New Top Block Detected: 6917
2026-Sep-11 20:28:29.491605 INFO    [protocol] New Top Block Detected: 6918
2026-Sep-11 20:28:58.735076 INFO    [protocol] New Top Block Detected: 6919
2026-Sep-11 20:30:30.862152 INFO    [protocol] New Top Block Detected: 6920
2026-Sep-11 20:30:43.755459 INFO    [protocol] New Top Block Detected: 6921
2026-Sep-11 20:30:46.926050 INFO    [protocol] New Top Block Detected: 6922
2026-Sep-11 20:31:00.012153 INFO    [protocol] New Top Block Detected: 6923
2026-Sep-11 20:31:25.410758 INFO    [protocol] New Top Block Detected: 6924
2026-Sep-11 20:31:28.807380 INFO    [protocol] New Top Block Detected: 6925
2026-Sep-11 20:31:30.127135 INFO    [protocol] New Top Block Detected: 6926
2026-Sep-11 20:31:35.420069 INFO    [protocol] New Top Block Detected: 6927
2026-Sep-11 20:32:04.646041 INFO    [protocol] New Top Block Detected: 6928
2026-Sep-11 20:32:27.647159 INFO    [protocol] New Top Block Detected: 6929
2026-Sep-11 20:33:09.953765 INFO    [protocol] New Top Block Detected: 6931
2026-Sep-11 20:34:41.922595 INFO    [protocol] New Top Block Detected: 6932
2026-Sep-11 20:34:46.359659 INFO    [protocol] New Top Block Detected: 6933
2026-Sep-11 20:34:49.909162 INFO    [protocol] New Top Block Detected: 6934
2026-Sep-11 20:35:03.957811 INFO    [protocol] New Top Block Detected: 6936
2026-Sep-11 20:35:20.561857 INFO    [protocol] New Top Block Detected: 6937
2026-Sep-11 20:35:28.591065 INFO    [protocol] New Top Block Detected: 6938
2026-Sep-11 20:37:11.085611 INFO    [protocol] New Top Block Detected: 6939
2026-Sep-11 20:37:15.476917 INFO    [protocol] New Top Block Detected: 6940
2026-Sep-11 20:42:56.538316 INFO    [protocol] New Top Block Detected: 6941
2026-Sep-11 20:43:24.643499 INFO    [protocol] New Top Block Detected: 6942
2026-Sep-11 20:43:34.686054 INFO    [protocol] New Top Block Detected: 6943
2026-Sep-11 20:44:15.325584 INFO    [protocol] New Top Block Detected: 6944
2026-Sep-11 20:44:50.283155 INFO    [protocol] New Top Block Detected: 6945
2026-Sep-11 20:45:46.698974 INFO    [protocol] New Top Block Detected: 6946
2026-Sep-11 20:46:14.706663 INFO    [protocol] New Top Block Detected: 6947
2026-Sep-11 20:46:22.611004 INFO    [protocol] New Top Block Detected: 6948
2026-Sep-11 20:46:32.665628 INFO    [protocol] New Top Block Detected: 6949
2026-Sep-11 20:48:09.015057 INFO    [protocol] New Top Block Detected: 6950
2026-Sep-11 20:48:27.088437 INFO    [protocol] New Top Block Detected: 6951
2026-Sep-11 20:48:30.739309 INFO    [protocol] New Top Block Detected: 6952
2026-Sep-11 20:48:32.785150 INFO    [protocol] New Top Block Detected: 6953
2026-Sep-11 20:48:38.678552 INFO    [protocol] New Top Block Detected: 6954
2026-Sep-11 20:48:56.698873 INFO    [protocol] New Top Block Detected: 6955
2026-Sep-11 20:49:10.653375 INFO    [protocol] New Top Block Detected: 6956
2026-Sep-11 20:49:17.467356 INFO    [protocol] New Top Block Detected: 6957
2026-Sep-11 20:49:35.532804 INFO    [protocol] New Top Block Detected: 6958
2026-Sep-11 20:49:41.554256 INFO    [protocol] New Top Block Detected: 6959
2026-Sep-11 20:50:39.811148 INFO    [protocol] New Top Block Detected: 6960
2026-Sep-11 20:51:03.203167 INFO    [protocol] New Top Block Detected: 6961
2026-Sep-11 20:51:28.478448 INFO    [protocol] New Top Block Detected: 6962
2026-Sep-11 20:52:26.583649 INFO    [protocol] New Top Block Detected: 6963
2026-Sep-11 20:53:43.184030 INFO    [protocol] New Top Block Detected: 6965
2026-Sep-11 20:53:48.515496 INFO    [protocol] New Top Block Detected: 6966
2026-Sep-11 20:54:48.060842 INFO    [protocol] New Top Block Detected: 6967
2026-Sep-11 20:55:26.982290 INFO    [protocol] New Top Block Detected: 6968
2026-Sep-11 20:55:53.761949 INFO    [protocol] New Top Block Detected: 6969
2026-Sep-11 20:56:14.532525 INFO    [protocol] New Top Block Detected: 6970
2026-Sep-11 20:56:35.333733 INFO    [protocol] New Top Block Detected: 6971
2026-Sep-11 20:56:56.677473 INFO    [protocol] New Top Block Detected: 6973
2026-Sep-11 20:57:12.729828 INFO    [protocol] New Top Block Detected: 6974
2026-Sep-11 20:57:55.675146 INFO    [protocol] New Top Block Detected: 6975
2026-Sep-11 20:58:10.937363 INFO    [protocol] New Top Block Detected: 6976
2026-Sep-11 20:58:29.168550 INFO    [protocol] New Top Block Detected: 6977
2026-Sep-11 20:58:38.079325 INFO    [protocol] New Top Block Detected: 6978
2026-Sep-11 20:59:59.679303 INFO    [protocol] New Top Block Detected: 6979
2026-Sep-11 21:00:37.865464 INFO    [protocol] New Top Block Detected: 6980
2026-Sep-11 21:01:01.972466 INFO    [protocol] New Top Block Detected: 6981
2026-Sep-11 21:01:41.269876 INFO    [protocol] New Top Block Detected: 6982
2026-Sep-11 21:02:11.452575 INFO    [protocol] New Top Block Detected: 6983
2026-Sep-11 21:03:53.220641 INFO    [protocol] New Top Block Detected: 6984
2026-Sep-11 21:04:10.416973 INFO    [protocol] New Top Block Detected: 6985
2026-Sep-11 21:04:28.679781 INFO    [protocol] New Top Block Detected: 6986
2026-Sep-11 21:04:44.330907 INFO    [protocol] New Top Block Detected: 6987
2026-Sep-11 21:05:26.408828 INFO    [protocol] New Top Block Detected: 6988
2026-Sep-11 21:05:34.440779 INFO    [protocol] New Top Block Detected: 6989
2026-Sep-11 21:05:59.631286 INFO    [protocol] New Top Block Detected: 6990
2026-Sep-11 21:07:02.778285 INFO    [protocol] New Top Block Detected: 6991
2026-Sep-11 21:07:04.509493 INFO    [protocol] New Top Block Detected: 6992
2026-Sep-11 21:07:38.921110 INFO    [protocol] New Top Block Detected: 6993
2026-Sep-11 21:07:54.979061 INFO    [protocol] New Top Block Detected: 6994
2026-Sep-11 21:08:23.884264 INFO    [protocol] New Top Block Detected: 6995
2026-Sep-11 21:08:47.320518 INFO    [protocol] New Top Block Detected: 6996
2026-Sep-11 21:09:25.625165 INFO    [protocol] New Top Block Detected: 6997
2026-Sep-11 21:09:37.863351 INFO    [protocol] New Top Block Detected: 6998
2026-Sep-11 21:09:46.772318 INFO    [protocol] New Top Block Detected: 6999
2026-Sep-11 21:09:49.928634 INFO    [protocol] New Top Block Detected: 7000
2026-Sep-11 21:10:37.152811 INFO    [protocol] New Top Block Detected: 7001
2026-Sep-11 21:10:37.169710 INFO    [Core] Block 7000 (e911762e19ded4d3e88d237d1aefcf46e6adb3aa17d23712481d78cd5cf68fb6) added to main chain
2026-Sep-11 21:11:23.405722 INFO    [protocol] New Top Block Detected: 7002
2026-Sep-11 21:11:32.233883 INFO    [protocol] New Top Block Detected: 7003
2026-Sep-11 21:11:38.252172 INFO    [protocol] New Top Block Detected: 7004
2026-Sep-11 21:13:27.492249 INFO    [protocol] New Top Block Detected: 7005
2026-Sep-11 21:13:30.721705 INFO    [protocol] New Top Block Detected: 7006
2026-Sep-11 21:13:35.896039 INFO    [protocol] New Top Block Detected: 7007
2026-Sep-11 21:14:32.265237 INFO    [protocol] New Top Block Detected: 7008
2026-Sep-11 21:15:10.610916 INFO    [protocol] New Top Block Detected: 7009
2026-Sep-11 21:15:48.580096 INFO    [protocol] New Top Block Detected: 7010
2026-Sep-11 21:15:59.579654 INFO    [protocol] New Top Block Detected: 7011
2026-Sep-11 21:16:01.587781 INFO    [protocol] New Top Block Detected: 7012
2026-Sep-11 21:16:11.949580 INFO    [protocol] New Top Block Detected: 7013
2026-Sep-11 21:16:39.735343 INFO    [protocol] New Top Block Detected: 7014
2026-Sep-11 21:17:29.216355 INFO    [protocol] New Top Block Detected: 7015
2026-Sep-11 21:17:35.977662 INFO    [protocol] New Top Block Detected: 7016
2026-Sep-11 21:17:42.595120 INFO    [protocol] New Top Block Detected: 7017
2026-Sep-11 21:20:40.729806 INFO    [protocol] New Top Block Detected: 7018
2026-Sep-11 21:20:48.374114 INFO    [protocol] New Top Block Detected: 7019
2026-Sep-11 21:20:52.772748 INFO    [protocol] New Top Block Detected: 7020
2026-Sep-11 21:21:28.901750 INFO    [protocol] New Top Block Detected: 7021
2026-Sep-11 21:21:53.536132 INFO    [protocol] New Top Block Detected: 7022
2026-Sep-11 21:22:47.926732 INFO    [protocol] New Top Block Detected: 7023
2026-Sep-11 21:22:57.347235 INFO    [protocol] New Top Block Detected: 7024
2026-Sep-11 21:23:13.531095 INFO    [protocol] New Top Block Detected: 7025
2026-Sep-11 21:23:36.838521 INFO    [protocol] New Top Block Detected: 7026
2026-Sep-11 21:25:34.109558 INFO    [protocol] New Top Block Detected: 7027
2026-Sep-11 21:25:41.181452 INFO    [protocol] New Top Block Detected: 7028
2026-Sep-11 21:26:12.404826 INFO    [protocol] New Top Block Detected: 7029
2026-Sep-11 21:27:06.139719 INFO    [protocol] New Top Block Detected: 7030
2026-Sep-11 21:28:02.787730 INFO    [protocol] New Top Block Detected: 7031
2026-Sep-11 21:28:40.916112 INFO    [protocol] New Top Block Detected: 7032
2026-Sep-11 21:29:23.081044 INFO    [protocol] New Top Block Detected: 7033
2026-Sep-11 21:29:27.094546 INFO    [protocol] New Top Block Detected: 7034
2026-Sep-11 21:29:43.461769 INFO    [protocol] New Top Block Detected: 7035
2026-Sep-11 21:30:09.248302 INFO    [protocol] New Top Block Detected: 7036
2026-Sep-11 21:30:24.393643 INFO    [protocol] New Top Block Detected: 7037
2026-Sep-11 21:30:31.446795 INFO    [protocol] New Top Block Detected: 7038
2026-Sep-11 21:30:53.661831 INFO    [protocol] New Top Block Detected: 7039
2026-Sep-11 21:31:11.747114 INFO    [protocol] New Top Block Detected: 7040
2026-Sep-11 21:31:27.808020 INFO    [protocol] New Top Block Detected: 7041
2026-Sep-11 21:31:50.565237 INFO    [protocol] New Top Block Detected: 7042
2026-Sep-11 21:32:30.042577 INFO    [protocol] New Top Block Detected: 7043
2026-Sep-11 21:32:46.098537 INFO    [protocol] New Top Block Detected: 7044
2026-Sep-11 21:33:08.175495 INFO    [protocol] New Top Block Detected: 7045
2026-Sep-11 21:33:18.691772 INFO    [protocol] New Top Block Detected: 7046
2026-Sep-11 21:33:33.778026 INFO    [protocol] New Top Block Detected: 7047
2026-Sep-11 21:33:58.515987 INFO    [protocol] New Top Block Detected: 7048
2026-Sep-11 21:34:13.982055 INFO    [protocol] New Top Block Detected: 7049
2026-Sep-11 21:34:16.724742 INFO    [protocol] New Top Block Detected: 7050
2026-Sep-11 21:35:47.092471 INFO    [protocol] New Top Block Detected: 7051
2026-Sep-11 21:35:51.106453 INFO    [protocol] New Top Block Detected: 7052
2026-Sep-11 21:36:06.515794 INFO    [protocol] New Top Block Detected: 7053
2026-Sep-11 21:36:13.191110 INFO    [protocol] New Top Block Detected: 7054
2026-Sep-11 21:38:02.468457 INFO    [protocol] New Top Block Detected: 7055
2026-Sep-11 21:40:23.838243 INFO    [protocol] New Top Block Detected: 7056
2026-Sep-11 21:41:00.432637 INFO    [protocol] New Top Block Detected: 7057
2026-Sep-11 21:42:14.681777 INFO    [protocol] New Top Block Detected: 7058
2026-Sep-11 21:42:54.863826 INFO    [protocol] New Top Block Detected: 7059
2026-Sep-11 21:43:13.883049 INFO    [protocol] New Top Block Detected: 7060
2026-Sep-11 21:43:37.006929 INFO    [protocol] New Top Block Detected: 7061
2026-Sep-11 21:44:39.212483 INFO    [protocol] New Top Block Detected: 7062
2026-Sep-11 21:44:41.172695 INFO    [protocol] New Top Block Detected: 7063
2026-Sep-11 21:45:15.474376 INFO    [protocol] New Top Block Detected: 7064
2026-Sep-11 21:46:03.653323 INFO    [protocol] New Top Block Detected: 7065
2026-Sep-11 21:46:04.871181 INFO    [protocol] New Top Block Detected: 7066
2026-Sep-11 21:46:17.781599 INFO    [protocol] New Top Block Detected: 7067
2026-Sep-11 21:47:11.970083 INFO    [protocol] New Top Block Detected: 7068
2026-Sep-11 21:49:12.426092 INFO    [protocol] New Top Block Detected: 7069
2026-Sep-11 21:49:36.709963 INFO    [protocol] New Top Block Detected: 7070
2026-Sep-11 21:50:00.771373 INFO    [protocol] New Top Block Detected: 7071
2026-Sep-11 21:50:01.985812 INFO    [protocol] New Top Block Detected: 7072
2026-Sep-11 21:50:08.798020 INFO    [protocol] New Top Block Detected: 7073
2026-Sep-11 21:50:11.587937 INFO    [protocol] New Top Block Detected: 7074
2026-Sep-11 21:50:26.228284 INFO    [protocol] New Top Block Detected: 7075
2026-Sep-11 21:50:37.404658 INFO    [protocol] New Top Block Detected: 7076
2026-Sep-11 21:51:27.067317 INFO    [protocol] New Top Block Detected: 7077
2026-Sep-11 21:51:33.455660 INFO    [protocol] New Top Block Detected: 7078
2026-Sep-11 21:51:59.187922 INFO    [protocol] New Top Block Detected: 7079
2026-Sep-11 21:53:47.561015 INFO    [protocol] New Top Block Detected: 7080
2026-Sep-11 21:54:23.688543 INFO    [protocol] New Top Block Detected: 7081
2026-Sep-11 21:54:44.937033 INFO    [protocol] New Top Block Detected: 7082
2026-Sep-11 21:54:57.806405 INFO    [protocol] New Top Block Detected: 7083
2026-Sep-11 21:55:02.102133 INFO    [protocol] New Top Block Detected: 7084
2026-Sep-11 21:55:23.698033 INFO    [protocol] New Top Block Detected: 7085
2026-Sep-11 21:55:34.070721 INFO    [protocol] New Top Block Detected: 7086
2026-Sep-11 21:56:03.217358 INFO    [protocol] New Top Block Detected: 7087
2026-Sep-11 21:57:32.498732 INFO    [protocol] New Top Block Detected: 7088
2026-Sep-11 21:57:52.635750 INFO    [protocol] New Top Block Detected: 7089
2026-Sep-11 21:58:04.018126 INFO    [protocol] New Top Block Detected: 7090
2026-Sep-11 21:58:14.851606 INFO    [protocol] New Top Block Detected: 7091
2026-Sep-11 21:58:28.405878 INFO    [protocol] New Top Block Detected: 7092
2026-Sep-11 21:58:46.962791 INFO    [protocol] New Top Block Detected: 7093
2026-Sep-11 21:58:54.991226 INFO    [protocol] New Top Block Detected: 7094
2026-Sep-11 21:59:47.892512 INFO    [protocol] New Top Block Detected: 7095
2026-Sep-11 21:59:59.237820 INFO    [protocol] New Top Block Detected: 7096
2026-Sep-11 22:00:17.234143 INFO    [protocol] New Top Block Detected: 7097
2026-Sep-11 22:00:38.765775 INFO    [protocol] New Top Block Detected: 7098
2026-Sep-11 22:00:44.226302 INFO    [protocol] New Top Block Detected: 7099
2026-Sep-11 22:01:59.899742 INFO    [protocol] New Top Block Detected: 7100
2026-Sep-11 22:02:31.902476 INFO    [protocol] New Top Block Detected: 7101
2026-Sep-11 22:02:31.917673 INFO    [Core] Block 7100 (9e2a6568bab6c0e4cf33e9ba7e713314257e4abd5d234010485a98b68bb52fd7) added to main chain
2026-Sep-11 22:02:50.141261 INFO    [protocol] New Top Block Detected: 7102
2026-Sep-11 22:04:04.414804 INFO    [protocol] New Top Block Detected: 7103
2026-Sep-11 22:04:17.441133 INFO    [protocol] New Top Block Detected: 7104
2026-Sep-11 22:04:30.232109 INFO    [protocol] New Top Block Detected: 7105
2026-Sep-11 22:04:42.687473 INFO    [protocol] New Top Block Detected: 7106
2026-Sep-11 22:05:48.383555 INFO    [protocol] New Top Block Detected: 7107
2026-Sep-11 22:05:48.452294 INFO    [protocol] [100.64.0.5:56834 INC] Successfully synchronized with the Meduz Network.
2026-Sep-11 22:07:36.957387 INFO    [protocol] New Top Block Detected: 7108
2026-Sep-11 22:07:52.414496 INFO    [protocol] New Top Block Detected: 7109
2026-Sep-11 22:08:25.588806 INFO    [protocol] New Top Block Detected: 7110
2026-Sep-11 22:08:26.893207 INFO    [protocol] New Top Block Detected: 7111
2026-Sep-11 22:08:29.559741 INFO    [protocol] New Top Block Detected: 7112
2026-Sep-11 22:08:54.785514 INFO    [protocol] New Top Block Detected: 7113
2026-Sep-11 22:09:17.048923 INFO    [protocol] New Top Block Detected: 7114
2026-Sep-11 22:11:10.368141 INFO    [protocol] New Top Block Detected: 7115
2026-Sep-11 22:11:16.569264 INFO    [protocol] New Top Block Detected: 7116
2026-Sep-11 22:11:45.322734 INFO    [protocol] New Top Block Detected: 7117
2026-Sep-11 22:12:02.176947 INFO    [protocol] New Top Block Detected: 7118
2026-Sep-11 22:12:11.785172 INFO    [protocol] New Top Block Detected: 7119
2026-Sep-11 22:12:28.278164 INFO    [protocol] New Top Block Detected: 7120
2026-Sep-11 22:13:01.128607 INFO    [protocol] New Top Block Detected: 7121
2026-Sep-11 22:13:23.214523 INFO    [protocol] New Top Block Detected: 7122
2026-Sep-11 22:14:18.456358 INFO    [protocol] New Top Block Detected: 7123
2026-Sep-11 22:14:53.526142 INFO    [protocol] New Top Block Detected: 7124
2026-Sep-11 22:15:01.741536 INFO    [protocol] New Top Block Detected: 7125
2026-Sep-11 22:15:52.104015 INFO    [protocol] New Top Block Detected: 7126
2026-Sep-11 22:16:00.820000 INFO    [protocol] New Top Block Detected: 7127
2026-Sep-11 22:16:04.042897 INFO    [protocol] New Top Block Detected: 7128
2026-Sep-11 22:16:10.085236 INFO    [protocol] New Top Block Detected: 7129
2026-Sep-11 22:16:32.169533 INFO    [protocol] New Top Block Detected: 7130
2026-Sep-11 22:16:48.230656 INFO    [protocol] New Top Block Detected: 7131
2026-Sep-11 22:16:59.249123 INFO    [protocol] New Top Block Detected: 7132
2026-Sep-11 22:18:14.126771 INFO    [protocol] New Top Block Detected: 7133
2026-Sep-11 22:19:43.741567 INFO    [protocol] New Top Block Detected: 7134
2026-Sep-11 22:19:55.202716 INFO    [protocol] New Top Block Detected: 7135
2026-Sep-11 22:20:31.347707 INFO    [protocol] New Top Block Detected: 7136
2026-Sep-11 22:20:39.382382 INFO    [protocol] New Top Block Detected: 7137
2026-Sep-11 22:20:59.474085 INFO    [protocol] New Top Block Detected: 7138
2026-Sep-11 22:21:19.943522 INFO    [protocol] New Top Block Detected: 7139
2026-Sep-11 22:22:25.371752 INFO    [protocol] New Top Block Detected: 7140
2026-Sep-11 22:23:12.137094 INFO    [protocol] New Top Block Detected: 7141
2026-Sep-11 22:24:44.421615 INFO    [protocol] New Top Block Detected: 7142
2026-Sep-11 22:25:22.564513 INFO    [protocol] New Top Block Detected: 7143
2026-Sep-11 22:25:26.580473 INFO    [protocol] New Top Block Detected: 7144
2026-Sep-11 22:25:50.801290 INFO    [protocol] New Top Block Detected: 7145
2026-Sep-11 22:26:24.924988 INFO    [protocol] New Top Block Detected: 7146
2026-Sep-11 22:27:04.225666 INFO    [protocol] New Top Block Detected: 7147
2026-Sep-11 22:27:56.548121 INFO    [protocol] New Top Block Detected: 7148
2026-Sep-11 22:28:18.164742 INFO    [protocol] New Top Block Detected: 7149
2026-Sep-11 22:29:10.832324 INFO    [protocol] New Top Block Detected: 7150
2026-Sep-11 22:30:41.174588 INFO    [protocol] New Top Block Detected: 7151
2026-Sep-11 22:30:51.482536 INFO    [protocol] New Top Block Detected: 7152
2026-Sep-11 22:31:10.513974 INFO    [protocol] New Top Block Detected: 7153
2026-Sep-11 22:31:27.361105 INFO    [protocol] New Top Block Detected: 7154
2026-Sep-11 22:31:41.411510 INFO    [protocol] New Top Block Detected: 7155
2026-Sep-11 22:31:51.445455 INFO    [protocol] New Top Block Detected: 7156
2026-Sep-11 22:32:04.903872 INFO    [protocol] New Top Block Detected: 7157
2026-Sep-11 22:32:10.543112 INFO    [protocol] New Top Block Detected: 7158
2026-Sep-11 22:32:18.522294 INFO    [protocol] New Top Block Detected: 7159
2026-Sep-11 22:32:35.602141 INFO    [protocol] New Top Block Detected: 7160
2026-Sep-11 22:32:37.214360 INFO    [protocol] New Top Block Detected: 7161
2026-Sep-11 22:32:53.672934 INFO    [protocol] New Top Block Detected: 7162
2026-Sep-11 22:33:28.530236 INFO    [protocol] New Top Block Detected: 7163
2026-Sep-11 22:34:14.039871 INFO    [protocol] New Top Block Detected: 7164
2026-Sep-11 22:34:42.743253 INFO    [protocol] New Top Block Detected: 7165
2026-Sep-11 22:37:14.855565 INFO    [protocol] New Top Block Detected: 7166
2026-Sep-11 22:38:21.190248 INFO    [protocol] New Top Block Detected: 7167
2026-Sep-11 22:39:21.673844 INFO    [protocol] New Top Block Detected: 7168
2026-Sep-11 22:40:09.614682 INFO    [protocol] New Top Block Detected: 7169
2026-Sep-11 22:40:13.630161 INFO    [protocol] New Top Block Detected: 7170
2026-Sep-11 22:40:30.152905 INFO    [protocol] New Top Block Detected: 7171
2026-Sep-11 22:40:58.348711 INFO    [protocol] New Top Block Detected: 7172
2026-Sep-11 22:41:46.144262 INFO    [protocol] New Top Block Detected: 7173
2026-Sep-11 22:42:22.339787 INFO    [protocol] New Top Block Detected: 7174
2026-Sep-11 22:44:35.712286 INFO    [protocol] New Top Block Detected: 7175
2026-Sep-11 22:44:40.174540 INFO    [protocol] New Top Block Detected: 7176
2026-Sep-11 22:44:47.018969 INFO    [protocol] New Top Block Detected: 7177
2026-Sep-11 22:45:20.092510 INFO    [protocol] New Top Block Detected: 7178
2026-Sep-11 22:45:31.353261 INFO    [protocol] New Top Block Detected: 7179
2026-Sep-11 22:45:34.916746 INFO    [protocol] New Top Block Detected: 7180
2026-Sep-11 22:45:42.063442 INFO    [protocol] New Top Block Detected: 7181
2026-Sep-11 22:45:49.425675 INFO    [protocol] New Top Block Detected: 7182
2026-Sep-11 22:46:05.909143 INFO    [protocol] New Top Block Detected: 7183
2026-Sep-11 22:46:14.459461 INFO    [protocol] New Top Block Detected: 7184
2026-Sep-11 22:46:31.936096 INFO    [protocol] New Top Block Detected: 7185
2026-Sep-11 22:46:33.579959 INFO    [protocol] New Top Block Detected: 7186
2026-Sep-11 22:46:45.626004 INFO    [protocol] New Top Block Detected: 7187
2026-Sep-11 22:47:35.810761 INFO    [protocol] New Top Block Detected: 7188
2026-Sep-11 22:48:09.926224 INFO    [protocol] New Top Block Detected: 7189
2026-Sep-11 22:48:21.047593 INFO    [protocol] New Top Block Detected: 7190
2026-Sep-11 22:48:22.065065 INFO    [protocol] New Top Block Detected: 7191
2026-Sep-11 22:49:17.254209 INFO    [protocol] New Top Block Detected: 7192
2026-Sep-11 22:49:35.381299 INFO    [protocol] New Top Block Detected: 7193
2026-Sep-11 22:50:09.449390 INFO    [protocol] New Top Block Detected: 7194
2026-Sep-11 22:50:50.949955 INFO    [protocol] New Top Block Detected: 7195
2026-Sep-11 22:51:24.105631 INFO    [protocol] New Top Block Detected: 7196
2026-Sep-11 22:51:42.807803 INFO    [protocol] New Top Block Detected: 7197
2026-Sep-11 22:52:28.055022 INFO    [protocol] New Top Block Detected: 7198
2026-Sep-11 22:53:58.372960 INFO    [protocol] New Top Block Detected: 7199
2026-Sep-11 22:54:24.469161 INFO    [protocol] New Top Block Detected: 7200
2026-Sep-11 22:54:39.547169 INFO    [Core] Block 7200 (1b62e22f59c525f419357f49453f07148978e2437ebb5bd531fb67ab97d6666e) added to main chain
2026-Sep-11 22:54:40.521948 INFO    [protocol] New Top Block Detected: 7201
2026-Sep-11 22:55:53.311035 INFO    [protocol] New Top Block Detected: 7202
2026-Sep-11 22:56:23.728815 INFO    [protocol] New Top Block Detected: 7203
2026-Sep-11 22:57:00.057541 INFO    [protocol] New Top Block Detected: 7204
2026-Sep-11 22:57:32.505271 INFO    [protocol] New Top Block Detected: 7205
2026-Sep-11 22:57:34.511669 INFO    [protocol] New Top Block Detected: 7206
2026-Sep-11 22:57:44.548687 INFO    [protocol] New Top Block Detected: 7207
2026-Sep-11 23:00:00.320578 INFO    [protocol] New Top Block Detected: 7208
2026-Sep-11 23:00:07.179249 INFO    [protocol] New Top Block Detected: 7209
2026-Sep-11 23:00:55.533100 INFO    [protocol] New Top Block Detected: 7210
2026-Sep-11 23:01:08.674618 INFO    [protocol] New Top Block Detected: 7211
2026-Sep-11 23:02:09.593746 INFO    [protocol] New Top Block Detected: 7212
2026-Sep-11 23:02:41.912308 INFO    [protocol] New Top Block Detected: 7213
2026-Sep-11 23:02:49.886107 INFO    [protocol] New Top Block Detected: 7214
2026-Sep-11 23:03:35.369373 INFO    [protocol] New Top Block Detected: 7216
2026-Sep-11 23:04:37.041911 INFO    [protocol] New Top Block Detected: 7217
2026-Sep-11 23:04:41.937289 INFO    [protocol] New Top Block Detected: 7218
2026-Sep-11 23:05:00.462474 INFO    [protocol] New Top Block Detected: 7219
2026-Sep-11 23:05:06.551204 INFO    [protocol] New Top Block Detected: 7220
2026-Sep-11 23:05:10.563439 INFO    [protocol] New Top Block Detected: 7221
2026-Sep-11 23:05:22.602587 INFO    [protocol] New Top Block Detected: 7222
2026-Sep-11 23:05:45.206140 INFO    [protocol] New Top Block Detected: 7223
2026-Sep-11 23:07:02.944723 INFO    [protocol] New Top Block Detected: 7224
2026-Sep-11 23:07:25.022549 INFO    [protocol] New Top Block Detected: 7225
2026-Sep-11 23:07:46.556483 INFO    [protocol] New Top Block Detected: 7226
2026-Sep-11 23:08:43.430783 INFO    [protocol] New Top Block Detected: 7227
2026-Sep-11 23:09:07.906850 INFO    [protocol] New Top Block Detected: 7228
2026-Sep-11 23:09:11.460363 INFO    [protocol] New Top Block Detected: 7229
2026-Sep-11 23:09:45.862880 INFO    [protocol] New Top Block Detected: 7230
2026-Sep-11 23:10:34.060761 INFO    [protocol] New Top Block Detected: 7231
2026-Sep-11 23:10:45.220807 INFO    [protocol] New Top Block Detected: 7232
2026-Sep-11 23:10:56.517443 INFO    [protocol] New Top Block Detected: 7233
2026-Sep-11 23:11:30.640888 INFO    [protocol] New Top Block Detected: 7234
2026-Sep-11 23:12:36.884374 INFO    [protocol] New Top Block Detected: 7235
2026-Sep-11 23:12:44.908972 INFO    [protocol] New Top Block Detected: 7236
2026-Sep-11 23:12:50.952512 INFO    [protocol] New Top Block Detected: 7237
2026-Sep-11 23:13:08.181681 INFO    [protocol] New Top Block Detected: 7238
2026-Sep-11 23:13:09.688281 INFO    [protocol] New Top Block Detected: 7239
2026-Sep-11 23:14:03.990439 INFO    [protocol] New Top Block Detected: 7240
2026-Sep-11 23:14:57.494025 INFO    [protocol] New Top Block Detected: 7241
2026-Sep-11 23:15:04.016869 INFO    [protocol] New Top Block Detected: 7242
2026-Sep-11 23:15:13.555836 INFO    [protocol] New Top Block Detected: 7243
2026-Sep-11 23:15:43.676581 INFO    [protocol] New Top Block Detected: 7244
2026-Sep-11 23:16:47.919529 INFO    [protocol] New Top Block Detected: 7245
2026-Sep-11 23:18:22.286312 INFO    [protocol] New Top Block Detected: 7246
2026-Sep-11 23:19:07.009064 INFO    [protocol] New Top Block Detected: 7247
2026-Sep-11 23:19:52.457958 INFO    [protocol] New Top Block Detected: 7248
2026-Sep-11 23:20:04.747131 INFO    [protocol] New Top Block Detected: 7249
2026-Sep-11 23:20:16.626489 INFO    [protocol] New Top Block Detected: 7250
2026-Sep-11 23:21:11.046644 INFO    [protocol] New Top Block Detected: 7251
2026-Sep-11 23:21:12.360511 INFO    [protocol] New Top Block Detected: 7252
2026-Sep-11 23:22:08.999718 INFO    [protocol] New Top Block Detected: 7253
2026-Sep-11 23:22:09.211000 INFO    [protocol] New Top Block Detected: 7254
2026-Sep-11 23:22:14.307410 INFO    [protocol] New Top Block Detected: 7255
2026-Sep-11 23:22:23.009113 INFO    [protocol] New Top Block Detected: 7256
2026-Sep-11 23:22:25.379652 INFO    [protocol] New Top Block Detected: 7257
2026-Sep-11 23:22:52.099380 INFO    [protocol] New Top Block Detected: 7258
2026-Sep-11 23:24:02.564967 INFO    [protocol] New Top Block Detected: 7259
2026-Sep-11 23:25:18.107432 INFO    [protocol] New Top Block Detected: 7260
2026-Sep-11 23:25:28.143173 INFO    [protocol] New Top Block Detected: 7261
2026-Sep-11 23:25:49.353133 INFO    [protocol] New Top Block Detected: 7262
2026-Sep-11 23:26:55.777856 INFO    [protocol] New Top Block Detected: 7263
2026-Sep-11 23:27:25.224178 INFO    [protocol] New Top Block Detected: 7264
2026-Sep-11 23:28:08.728193 INFO    [protocol] New Top Block Detected: 7265
2026-Sep-11 23:28:18.992792 INFO    [protocol] New Top Block Detected: 7266
2026-Sep-11 23:29:38.297710 INFO    [protocol] New Top Block Detected: 7267
2026-Sep-11 23:31:00.350018 INFO    [protocol] New Top Block Detected: 7268
2026-Sep-11 23:31:26.770664 INFO    [protocol] New Top Block Detected: 7269
2026-Sep-11 23:31:56.886242 INFO    [protocol] New Top Block Detected: 7270
2026-Sep-11 23:32:43.080545 INFO    [protocol] New Top Block Detected: 7271
2026-Sep-11 23:33:05.162440 INFO    [protocol] New Top Block Detected: 7272
2026-Sep-11 23:33:41.403019 INFO    [protocol] New Top Block Detected: 7273
2026-Sep-11 23:33:51.441794 INFO    [protocol] New Top Block Detected: 7274
2026-Sep-11 23:34:01.577782 INFO    [protocol] New Top Block Detected: 7275
2026-Sep-11 23:34:33.761196 INFO    [protocol] New Top Block Detected: 7276
2026-Sep-11 23:35:13.905543 INFO    [protocol] New Top Block Detected: 7277
2026-Sep-11 23:35:48.022156 INFO    [protocol] New Top Block Detected: 7278
2026-Sep-11 23:36:18.127512 INFO    [protocol] New Top Block Detected: 7279
2026-Sep-11 23:36:29.578972 INFO    [protocol] New Top Block Detected: 7280
2026-Sep-11 23:36:37.015790 INFO    [protocol] New Top Block Detected: 7281
2026-Sep-11 23:38:50.552044 INFO    [protocol] New Top Block Detected: 7282
2026-Sep-11 23:39:23.313306 INFO    [protocol] New Top Block Detected: 7283
2026-Sep-11 23:39:31.087811 INFO    [protocol] New Top Block Detected: 7284
2026-Sep-11 23:40:26.249221 INFO    [protocol] New Top Block Detected: 7285
2026-Sep-11 23:40:49.243583 INFO    [protocol] New Top Block Detected: 7286
2026-Sep-11 23:41:11.179663 INFO    [protocol] New Top Block Detected: 7287
2026-Sep-11 23:41:21.217369 INFO    [protocol] New Top Block Detected: 7288
2026-Sep-11 23:41:23.369950 INFO    [protocol] New Top Block Detected: 7289
2026-Sep-11 23:41:35.502842 INFO    [protocol] New Top Block Detected: 7290
2026-Sep-11 23:42:00.355227 INFO    [protocol] New Top Block Detected: 7291
2026-Sep-11 23:42:56.046797 INFO    [protocol] New Top Block Detected: 7292
2026-Sep-11 23:43:18.049262 INFO    [protocol] New Top Block Detected: 7293
2026-Sep-11 23:43:55.578207 INFO    [protocol] New Top Block Detected: 7294
2026-Sep-11 23:44:08.242169 INFO    [protocol] New Top Block Detected: 7295
2026-Sep-11 23:44:14.593155 INFO    [protocol] New Top Block Detected: 7296
2026-Sep-11 23:44:26.314790 INFO    [protocol] New Top Block Detected: 7297
2026-Sep-11 23:44:38.904752 INFO    [protocol] New Top Block Detected: 7298
2026-Sep-11 23:45:20.651943 INFO    [protocol] New Top Block Detected: 7299
2026-Sep-11 23:45:44.211715 INFO    [protocol] New Top Block Detected: 7300
2026-Sep-11 23:45:52.733343 INFO    [protocol] New Top Block Detected: 7301
2026-Sep-11 23:45:52.748358 INFO    [Core] Block 7300 (81a5ed9f09a49b3eea2eb4f0b8d7a55088df10aca0d9918e1e6a8909c800316d) added to main chain
2026-Sep-11 23:46:59.101589 INFO    [protocol] New Top Block Detected: 7302
2026-Sep-11 23:47:32.956876 INFO    [protocol] New Top Block Detected: 7303
2026-Sep-11 23:48:25.426664 INFO    [protocol] New Top Block Detected: 7304
2026-Sep-11 23:49:47.073801 INFO    [protocol] New Top Block Detected: 7305
2026-Sep-11 23:49:57.848410 INFO    [protocol] New Top Block Detected: 7306
2026-Sep-11 23:50:17.918264 INFO    [protocol] New Top Block Detected: 7307
2026-Sep-11 23:50:51.048864 INFO    [protocol] New Top Block Detected: 7308
2026-Sep-11 23:50:58.077183 INFO    [protocol] New Top Block Detected: 7309
2026-Sep-11 23:51:18.583170 INFO    [protocol] New Top Block Detected: 7310
2026-Sep-11 23:51:22.815348 INFO    [protocol] New Top Block Detected: 7311
2026-Sep-11 23:51:26.182314 INFO    [protocol] New Top Block Detected: 7312
2026-Sep-11 23:52:04.342354 INFO    [protocol] New Top Block Detected: 7313
2026-Sep-11 23:52:09.220975 INFO    [protocol] New Top Block Detected: 7314
2026-Sep-11 23:52:26.599271 INFO    [protocol] New Top Block Detected: 7315
2026-Sep-11 23:52:53.216686 INFO    [protocol] New Top Block Detected: 7316
2026-Sep-11 23:53:00.800415 INFO    [protocol] New Top Block Detected: 7317
2026-Sep-11 23:53:05.585275 INFO    [protocol] New Top Block Detected: 7318
2026-Sep-11 23:53:22.879563 INFO    [protocol] New Top Block Detected: 7319
2026-Sep-11 23:55:05.400374 INFO    [protocol] New Top Block Detected: 7320
2026-Sep-11 23:55:33.746759 INFO    [protocol] New Top Block Detected: 7321
2026-Sep-11 23:55:59.468361 INFO    [protocol] New Top Block Detected: 7322
2026-Sep-11 23:56:19.452123 INFO    [protocol] New Top Block Detected: 7323
2026-Sep-11 23:59:08.975048 INFO    [protocol] New Top Block Detected: 7324
2026-Sep-11 23:59:32.658161 INFO    [protocol] New Top Block Detected: 7325
2026-Sep-11 23:59:59.829278 INFO    [protocol] New Top Block Detected: 7326
2026-Sep-12 00:00:12.999920 INFO    [protocol] New Top Block Detected: 7327
2026-Sep-12 00:01:49.408742 INFO    [protocol] New Top Block Detected: 7328
2026-Sep-12 00:02:31.621625 INFO    [protocol] New Top Block Detected: 7329
2026-Sep-12 00:03:47.899680 INFO    [protocol] New Top Block Detected: 7330
2026-Sep-12 00:04:08.784806 INFO    [protocol] New Top Block Detected: 7331
2026-Sep-12 00:04:32.066487 INFO    [protocol] New Top Block Detected: 7332
2026-Sep-12 00:04:39.203984 INFO    [protocol] New Top Block Detected: 7333
2026-Sep-12 00:04:58.157169 INFO    [protocol] New Top Block Detected: 7334
2026-Sep-12 00:05:17.567074 INFO    [protocol] New Top Block Detected: 7335
2026-Sep-12 00:05:20.182108 INFO    [protocol] New Top Block Detected: 7336
2026-Sep-12 00:05:24.250541 INFO    [protocol] New Top Block Detected: 7337
2026-Sep-12 00:05:24.398609 INFO    [protocol] New Top Block Detected: 7338
2026-Sep-12 00:05:26.257043 INFO    [protocol] New Top Block Detected: 7339
2026-Sep-12 00:05:32.279148 INFO    [protocol] New Top Block Detected: 7340
2026-Sep-12 00:05:43.151784 INFO    [protocol] New Top Block Detected: 7341
2026-Sep-12 00:06:35.294025 INFO    [protocol] New Top Block Detected: 7342
2026-Sep-12 00:06:40.660188 INFO    [protocol] New Top Block Detected: 7343
2026-Sep-12 00:06:58.728746 INFO    [protocol] New Top Block Detected: 7344
2026-Sep-12 00:06:59.012696 INFO    [protocol] New Top Block Detected: 7345
2026-Sep-12 00:07:33.191860 INFO    [protocol] New Top Block Detected: 7346
2026-Sep-12 00:08:11.083911 INFO    [protocol] New Top Block Detected: 7347
2026-Sep-12 00:08:23.612154 INFO    [protocol] New Top Block Detected: 7348
2026-Sep-12 00:08:53.238411 INFO    [protocol] New Top Block Detected: 7349
2026-Sep-12 00:09:33.409107 INFO    [protocol] New Top Block Detected: 7350
2026-Sep-12 00:10:02.704114 INFO    [protocol] New Top Block Detected: 7351
2026-Sep-12 00:10:10.497607 INFO    [protocol] New Top Block Detected: 7352
2026-Sep-12 00:11:42.035824 INFO    [protocol] New Top Block Detected: 7353
2026-Sep-12 00:12:42.035651 INFO    [protocol] New Top Block Detected: 7354
2026-Sep-12 00:14:50.770291 INFO    [protocol] New Top Block Detected: 7355
2026-Sep-12 00:15:06.416713 INFO    [protocol] New Top Block Detected: 7356
2026-Sep-12 00:15:07.178831 INFO    [protocol] New Top Block Detected: 7357
2026-Sep-12 00:15:07.897353 INFO    [protocol] New Top Block Detected: 7358
2026-Sep-12 00:16:10.583165 INFO    [protocol] New Top Block Detected: 7359
2026-Sep-12 00:17:08.529464 INFO    [protocol] New Top Block Detected: 7360
2026-Sep-12 00:17:28.536489 INFO    [protocol] New Top Block Detected: 7361
2026-Sep-12 00:18:52.896103 INFO    [protocol] New Top Block Detected: 7362
2026-Sep-12 00:19:27.375100 INFO    [protocol] New Top Block Detected: 7363
2026-Sep-12 00:20:37.462115 INFO    [protocol] New Top Block Detected: 7364
2026-Sep-12 00:21:19.647308 INFO    [protocol] New Top Block Detected: 7365
2026-Sep-12 00:21:47.872277 INFO    [protocol] New Top Block Detected: 7366
2026-Sep-12 00:22:24.219099 INFO    [protocol] New Top Block Detected: 7367
2026-Sep-12 00:22:48.317169 INFO    [protocol] New Top Block Detected: 7368
2026-Sep-12 00:23:15.930501 INFO    [protocol] New Top Block Detected: 7369
2026-Sep-12 00:23:26.478839 INFO    [protocol] New Top Block Detected: 7370
2026-Sep-12 00:24:26.587616 INFO    [protocol] New Top Block Detected: 7371
2026-Sep-12 00:24:54.699149 INFO    [protocol] New Top Block Detected: 7372
2026-Sep-12 00:25:00.268725 INFO    [protocol] New Top Block Detected: 7373
2026-Sep-12 00:25:12.415755 INFO    [protocol] New Top Block Detected: 7374
2026-Sep-12 00:25:48.239710 INFO    [protocol] New Top Block Detected: 7375
2026-Sep-12 00:26:40.463640 INFO    [protocol] New Top Block Detected: 7376
2026-Sep-12 00:26:44.465362 INFO    [protocol] New Top Block Detected: 7377
2026-Sep-12 00:27:08.564483 INFO    [protocol] New Top Block Detected: 7378
2026-Sep-12 00:27:20.885768 INFO    [protocol] New Top Block Detected: 7379
2026-Sep-12 00:27:35.050545 INFO    [protocol] New Top Block Detected: 7380
2026-Sep-12 00:27:52.865147 INFO    [protocol] New Top Block Detected: 7381
2026-Sep-12 00:28:24.994257 INFO    [protocol] New Top Block Detected: 7382
2026-Sep-12 00:28:37.110800 INFO    [protocol] New Top Block Detected: 7383
2026-Sep-12 00:29:05.221279 INFO    [protocol] New Top Block Detected: 7384
2026-Sep-12 00:29:09.236720 INFO    [protocol] New Top Block Detected: 7385
2026-Sep-12 00:29:39.354713 INFO    [protocol] New Top Block Detected: 7386
2026-Sep-12 00:30:20.794074 INFO    [protocol] New Top Block Detected: 7387
2026-Sep-12 00:30:27.703869 INFO    [protocol] New Top Block Detected: 7388
2026-Sep-12 00:31:01.832123 INFO    [protocol] New Top Block Detected: 7389
2026-Sep-12 00:31:45.917733 INFO    [protocol] New Top Block Detected: 7390
2026-Sep-12 00:31:51.125528 INFO    [protocol] New Top Block Detected: 7391
2026-Sep-12 00:32:07.181901 INFO    [protocol] New Top Block Detected: 7392
2026-Sep-12 00:32:11.196458 INFO    [protocol] New Top Block Detected: 7393
2026-Sep-12 00:32:31.263144 INFO    [protocol] New Top Block Detected: 7394
2026-Sep-12 00:32:37.282898 INFO    [protocol] New Top Block Detected: 7395
2026-Sep-12 00:34:35.712127 INFO    [protocol] New Top Block Detected: 7396
2026-Sep-12 00:35:19.769172 INFO    [daemon] 

                                              
███╗   ███╗███████╗██████╗ ██╗   ██╗███████╗
████╗ ████║██╔════╝██╔══██╗██║   ██║╚══███╔╝
██╔████╔██║█████╗  ██║  ██║██║   ██║  ███╔╝ 
██║╚██╔╝██║██╔══╝  ██║  ██║██║   ██║ ███╔╝  
██║ ╚═╝ ██║███████╗██████╔╝╚██████╔╝███████╗
╚═╝     ╚═╝╚══════╝╚═════╝  ╚═════╝ ╚══════╝

 Meduz v0.14.6.1286 ()
 This software is distributed under the General Public License v3.0

 Copyright 2018-2019, The TurtleCoin Developers

 Additional Copyright(s) may apply, please see the included LICENSE file for more information.
 If you did not receive a copy of the LICENSE, please visit:
 https://github.com/meduztrade-maker/meduzcoin/blob/main/LICENSE


2026-Sep-12 00:35:19.770731 INFO    [daemon] Program Working Directory: "/"
2026-Sep-12 00:35:19.770791 INFO    [daemon] Loading Checkpoints for faster initial sync...
2026-Sep-12 00:35:19.770801 INFO    [daemon] Loaded 0 default checkpoints
2026-Sep-12 00:35:19.770820 INFO    [RocksDBWrapper] Opening DB in /data/DB
2026-Sep-12 00:35:19.798668 INFO    [RocksDBWrapper] DB opened in /data/DB
2026-Sep-12 00:35:19.802024 INFO    [daemon] Initializing core...
2026-Sep-12 00:35:19.804225 INFO    [Core] Importing blocks from blockchain storage
2026-Sep-12 00:35:19.902599 INFO    [Core] Imported block with index 7000 / 7394
2026-Sep-12 00:35:19.955391 INFO    [daemon] Core initialized OK
2026-Sep-12 00:35:19.955450 INFO    [daemon] Initializing p2p server...
2026-Sep-12 00:35:19.961949 INFO    [node_server] Priority peers configured: 0
2026-Sep-12 00:35:19.962616 INFO    [node_server] Binding on 0.0.0.0:27897
2026-Sep-12 00:35:19.962707 INFO    [node_server] Net service binded on 0.0.0.0:27897
2026-Sep-12 00:35:19.962721 INFO    [node_server] Attempting to add IGD port mapping.
2026-Sep-12 00:35:23.967147 INFO    [node_server] No IGD was found.
2026-Sep-12 00:35:23.967230 INFO    [daemon] P2p server initialized OK
2026-Sep-12 00:35:23.967245 INFO    [daemon] Starting core rpc server on address 0.0.0.0:27898
2026-Sep-12 00:35:23.967327 INFO    [daemon] Core rpc server started ok
2026-Sep-12 00:35:23.967346 INFO    [daemon] Starting p2p net loop...
2026-Sep-12 00:35:23.967361 INFO    [node_server] Starting node_server
2026-Sep-12 00:35:23.974523 INFO    [protocol] 
2026-Sep-12 00:35:23.974577 INFO    [protocol] ===[ Meduz Tip! ]=============================
2026-Sep-12 00:35:23.974591 INFO    [protocol]  Always exit meduzd and meduz-wallet with the "exit" command to preserve your chain and wallet data.
2026-Sep-12 00:35:23.974625 INFO    [protocol]  Use the "help" command to see a list of available commands.
2026-Sep-12 00:35:23.974640 INFO    [protocol]  Use the "backup" command in meduz-wallet to display your keys/seed for restoring a corrupted wallet.
2026-Sep-12 00:35:23.974656 INFO    [protocol]  If you need more assistance, you can contact us for support at https://t.me/REPLACE_WITH_YOUR_CHANNEL
2026-Sep-12 00:35:23.974671 INFO    [protocol] ===================================================
2026-Sep-12 00:35:23.974671 INFO    [protocol] 
2026-Sep-12 00:35:23.974698 INFO    [protocol] 
                                              
███╗   ███╗███████╗██████╗ ██╗   ██╗███████╗
████╗ ████║██╔════╝██╔══██╗██║   ██║╚══███╔╝
██╔████╔██║█████╗  ██║  ██║██║   ██║  ███╔╝ 
██║╚██╔╝██║██╔══╝  ██║  ██║██║   ██║ ███╔╝  
██║ ╚═╝ ██║███████╗██████╔╝╚██████╔╝███████╗
╚═╝     ╚═╝╚══════╝╚═════╝  ╚═════╝ ╚══════╝

2026-Sep-12 00:35:23.974743 INFO    [protocol] New Top Block Detected: 7395
2026-Sep-12 00:36:58.699777 INFO    [protocol] New Top Block Detected: 7396
2026-Sep-12 00:39:33.469718 INFO    [protocol] New Top Block Detected: 7397
2026-Sep-12 00:39:52.506158 INFO    [protocol] New Top Block Detected: 7398
2026-Sep-12 00:40:24.679491 INFO    [protocol] New Top Block Detected: 7399
2026-Sep-12 00:40:36.548942 INFO    [protocol] New Top Block Detected: 7400
2026-Sep-12 00:41:01.484508 INFO    [protocol] New Top Block Detected: 7401
2026-Sep-12 00:41:01.497693 INFO    [Core] Block 7400 (52f07cb4bad894bb129389d8e605d65eedf74461c6804d12c85c9f03c3001b37) added to main chain
2026-Sep-12 00:41:28.428299 INFO    [daemon] 

                                              
███╗   ███╗███████╗██████╗ ██╗   ██╗███████╗
████╗ ████║██╔════╝██╔══██╗██║   ██║╚══███╔╝
██╔████╔██║█████╗  ██║  ██║██║   ██║  ███╔╝ 
██║╚██╔╝██║██╔══╝  ██║  ██║██║   ██║ ███╔╝  
██║ ╚═╝ ██║███████╗██████╔╝╚██████╔╝███████╗
╚═╝     ╚═╝╚══════╝╚═════╝  ╚═════╝ ╚══════╝

 Meduz v0.14.6.1286 ()
 This software is distributed under the General Public License v3.0

 Copyright 2018-2019, The TurtleCoin Developers

 Additional Copyright(s) may apply, please see the included LICENSE file for more information.
 If you did not receive a copy of the LICENSE, please visit:
 https://github.com/meduztrade-maker/meduzcoin/blob/main/LICENSE


2026-Sep-12 00:41:28.429751 INFO    [daemon] Program Working Directory: "/"
2026-Sep-12 00:41:28.429805 INFO    [daemon] Loading Checkpoints for faster initial sync...
2026-Sep-12 00:41:28.429816 INFO    [daemon] Loaded 0 default checkpoints
2026-Sep-12 00:41:28.429834 INFO    [RocksDBWrapper] Opening DB in /data/DB
2026-Sep-12 00:41:28.470956 INFO    [RocksDBWrapper] DB opened in /data/DB
2026-Sep-12 00:41:28.475391 INFO    [daemon] Initializing core...
2026-Sep-12 00:41:28.505017 INFO    [Core] DB has more blocks than blockchain storage, cutting from block index: 7400
2026-Sep-12 00:41:28.505096 INFO    [Core] Cutting root segment from index 7400
2026-Sep-12 00:41:28.511486 INFO    [daemon] Core initialized OK
2026-Sep-12 00:41:28.511550 INFO    [daemon] Initializing p2p server...
2026-Sep-12 00:41:28.513598 INFO    [node_server] Priority peers configured: 0
2026-Sep-12 00:41:28.514202 INFO    [node_server] Binding on 0.0.0.0:27897
2026-Sep-12 00:41:28.514279 INFO    [node_server] Net service binded on 0.0.0.0:27897
2026-Sep-12 00:41:28.514290 INFO    [node_server] Attempting to add IGD port mapping.
2026-Sep-12 00:41:32.517759 INFO    [node_server] No IGD was found.
2026-Sep-12 00:41:32.517852 INFO    [daemon] P2p server initialized OK
2026-Sep-12 00:41:32.517866 INFO    [daemon] Starting core rpc server on address 0.0.0.0:27898
2026-Sep-12 00:41:32.517972 INFO    [daemon] Core rpc server started ok
2026-Sep-12 00:41:32.517993 INFO    [daemon] Starting p2p net loop...
2026-Sep-12 00:41:32.518005 INFO    [node_server] Starting node_server
2026-Sep-12 00:41:32.525043 INFO    [protocol] 
2026-Sep-12 00:41:32.525097 INFO    [protocol] ===[ Meduz Tip! ]=============================
2026-Sep-12 00:41:32.525111 INFO    [protocol]  Always exit meduzd and meduz-wallet with the "exit" command to preserve your chain and wallet data.
2026-Sep-12 00:41:32.525128 INFO    [protocol]  Use the "help" command to see a list of available commands.
2026-Sep-12 00:41:32.525142 INFO    [protocol]  Use the "backup" command in meduz-wallet to display your keys/seed for restoring a corrupted wallet.
2026-Sep-12 00:41:32.525156 INFO    [protocol]  If you need more assistance, you can contact us for support at https://t.me/REPLACE_WITH_YOUR_CHANNEL
2026-Sep-12 00:41:32.525171 INFO    [protocol] ===================================================
2026-Sep-12 00:41:32.525171 INFO    [protocol] 
2026-Sep-12 00:41:32.525196 INFO    [protocol] 
                                              
███╗   ███╗███████╗██████╗ ██╗   ██╗███████╗
████╗ ████║██╔════╝██╔══██╗██║   ██║╚══███╔╝
██╔████╔██║█████╗  ██║  ██║██║   ██║  ███╔╝ 
██║╚██╔╝██║██╔══╝  ██║  ██║██║   ██║ ███╔╝  
██║ ╚═╝ ██║███████╗██████╔╝╚██████╔╝███████╗
╚═╝     ╚═╝╚══════╝╚═════╝  ╚═════╝ ╚══════╝

2026-Sep-12 00:41:32.525237 INFO    [protocol] New Top Block Detected: 7400
2026-Sep-12 00:42:03.939577 INFO    [Core] Block 7400 (f9da614937836bb98314525f4ae03b9ebd44b31a0d2bff82301489a62b8946e6) added to main chain
2026-Sep-12 00:42:05.743222 INFO    [protocol] New Top Block Detected: 7401
2026-Sep-12 00:42:11.765738 INFO    [protocol] New Top Block Detected: 7402
2026-Sep-12 00:42:30.536915 INFO    [protocol] New Top Block Detected: 7403
2026-Sep-12 00:43:12.122650 INFO    [protocol] New Top Block Detected: 7404
2026-Sep-12 00:44:26.396268 INFO    [protocol] New Top Block Detected: 7405
2026-Sep-12 00:44:32.867893 INFO    [protocol] New Top Block Detected: 7406
2026-Sep-12 00:45:50.636516 INFO    [protocol] New Top Block Detected: 7407
2026-Sep-12 00:46:20.838615 INFO    [protocol] New Top Block Detected: 7408
2026-Sep-12 00:46:22.800819 INFO    [protocol] New Top Block Detected: 7409
2026-Sep-12 00:46:24.854586 INFO    [protocol] New Top Block Detected: 7410
2026-Sep-12 00:46:57.892992 INFO    [protocol] New Top Block Detected: 7411
2026-Sep-12 00:47:22.165175 INFO    [protocol] New Top Block Detected: 7412
2026-Sep-12 00:47:34.208056 INFO    [protocol] New Top Block Detected: 7413
2026-Sep-12 00:47:51.950092 INFO    [protocol] New Top Block Detected: 7414
2026-Sep-12 00:48:02.590205 INFO    [daemon] 

                                              
███╗   ███╗███████╗██████╗ ██╗   ██╗███████╗
████╗ ████║██╔════╝██╔══██╗██║   ██║╚══███╔╝
██╔████╔██║█████╗  ██║  ██║██║   ██║  ███╔╝ 
██║╚██╔╝██║██╔══╝  ██║  ██║██║   ██║ ███╔╝  
██║ ╚═╝ ██║███████╗██████╔╝╚██████╔╝███████╗
╚═╝     ╚═╝╚══════╝╚═════╝  ╚═════╝ ╚══════╝

 Meduz v0.14.6.1286 ()
 This software is distributed under the General Public License v3.0

 Copyright 2018-2019, The TurtleCoin Developers

 Additional Copyright(s) may apply, please see the included LICENSE file for more information.
 If you did not receive a copy of the LICENSE, please visit:
 https://github.com/meduztrade-maker/meduzcoin/blob/main/LICENSE


2026-Sep-12 00:48:02.591360 INFO    [daemon] Program Working Directory: "/"
2026-Sep-12 00:48:02.591410 INFO    [daemon] Loading Checkpoints for faster initial sync...
2026-Sep-12 00:48:02.591419 INFO    [daemon] Loaded 0 default checkpoints
2026-Sep-12 00:48:02.591433 INFO    [RocksDBWrapper] Opening DB in /data/DB
2026-Sep-12 00:48:02.617438 INFO    [RocksDBWrapper] DB opened in /data/DB
2026-Sep-12 00:48:02.618362 INFO    [daemon] Initializing core...
2026-Sep-12 00:48:02.650945 INFO    [Core] DB has more blocks than blockchain storage, cutting from block index: 7413
2026-Sep-12 00:48:02.650997 INFO    [Core] Cutting root segment from index 7413
2026-Sep-12 00:48:02.656841 INFO    [daemon] Core initialized OK
2026-Sep-12 00:48:02.656884 INFO    [daemon] Initializing p2p server...
2026-Sep-12 00:48:02.658738 INFO    [node_server] Priority peers configured: 0
2026-Sep-12 00:48:02.659267 INFO    [node_server] Binding on 0.0.0.0:27897
2026-Sep-12 00:48:02.659313 INFO    [node_server] Net service binded on 0.0.0.0:27897
2026-Sep-12 00:48:02.659323 INFO    [node_server] Attempting to add IGD port mapping.
2026-Sep-12 00:48:06.663690 INFO    [node_server] No IGD was found.
2026-Sep-12 00:48:06.663765 INFO    [daemon] P2p server initialized OK
2026-Sep-12 00:48:06.663775 INFO    [daemon] Starting core rpc server on address 0.0.0.0:27898
2026-Sep-12 00:48:06.663875 INFO    [daemon] Core rpc server started ok
2026-Sep-12 00:48:06.663897 INFO    [daemon] Starting p2p net loop...
2026-Sep-12 00:48:06.663910 INFO    [node_server] Starting node_server
2026-Sep-12 00:48:06.668436 INFO    [protocol] 
2026-Sep-12 00:48:06.668480 INFO    [protocol] ===[ Meduz Tip! ]=============================
2026-Sep-12 00:48:06.668492 INFO    [protocol]  Always exit meduzd and meduz-wallet with the "exit" command to preserve your chain and wallet data.
2026-Sep-12 00:48:06.668505 INFO    [protocol]  Use the "help" command to see a list of available commands.
2026-Sep-12 00:48:06.668516 INFO    [protocol]  Use the "backup" command in meduz-wallet to display your keys/seed for restoring a corrupted wallet.
2026-Sep-12 00:48:06.668528 INFO    [protocol]  If you need more assistance, you can contact us for support at https://t.me/REPLACE_WITH_YOUR_CHANNEL
2026-Sep-12 00:48:06.668540 INFO    [protocol] ===================================================
2026-Sep-12 00:48:06.668540 INFO    [protocol] 
2026-Sep-12 00:48:06.668559 INFO    [protocol] 
                                              
███╗   ███╗███████╗██████╗ ██╗   ██╗███████╗
████╗ ████║██╔════╝██╔══██╗██║   ██║╚══███╔╝
██╔████╔██║█████╗  ██║  ██║██║   ██║  ███╔╝ 
██║╚██╔╝██║██╔══╝  ██║  ██║██║   ██║ ███╔╝  
██║ ╚═╝ ██║███████╗██████╔╝╚██████╔╝███████╗
╚═╝     ╚═╝╚══════╝╚═════╝  ╚═════╝ ╚══════╝

2026-Sep-12 00:48:06.668588 INFO    [protocol] New Top Block Detected: 7413
2026-Sep-12 00:48:09.734962 INFO    [protocol] [100.64.0.4:35714 INC] Your Meduz node is syncing with the network (99.97% complete) You are 2 blocks (0 days) behind the current peer you're connected to. Slow and steady wins the race! 
2026-Sep-12 00:48:09.735034 INFO    [protocol] New Top Block Detected: 7415
2026-Sep-12 00:48:09.787760 INFO    [protocol] [100.64.0.4:35714 INC] Successfully synchronized with the Meduz Network.
2026-Sep-12 00:48:20.160978 INFO    [protocol] New Top Block Detected: 7416
2026-Sep-12 00:48:37.697882 INFO    [protocol] New Top Block Detected: 7417
2026-Sep-12 00:49:14.577106 INFO    [protocol] New Top Block Detected: 7418
2026-Sep-12 00:50:03.574540 INFO    [protocol] New Top Block Detected: 7419
2026-Sep-12 00:50:07.451886 INFO    [protocol] New Top Block Detected: 7420
2026-Sep-12 00:50:18.117451 INFO    [protocol] New Top Block Detected: 7421
2026-Sep-12 00:50:31.688906 INFO    [protocol] New Top Block Detected: 7422
2026-Sep-12 00:50:39.719210 INFO    [protocol] New Top Block Detected: 7423
2026-Sep-12 00:51:05.980836 INFO    [protocol] New Top Block Detected: 7424
2026-Sep-12 00:51:29.930144 INFO    [protocol] New Top Block Detected: 7425
2026-Sep-12 00:52:12.092380 INFO    [protocol] New Top Block Detected: 7426
2026-Sep-12 00:52:16.108189 INFO    [protocol] New Top Block Detected: 7427
2026-Sep-12 00:52:24.494534 INFO    [protocol] New Top Block Detected: 7428
2026-Sep-12 00:53:06.307915 INFO    [protocol] New Top Block Detected: 7429
2026-Sep-12 00:54:46.744704 INFO    [protocol] New Top Block Detected: 7430
2026-Sep-12 00:55:02.735664 INFO    [protocol] New Top Block Detected: 7431
2026-Sep-12 00:56:38.040921 INFO    [protocol] New Top Block Detected: 7432
2026-Sep-12 00:57:03.516907 INFO    [protocol] New Top Block Detected: 7433
2026-Sep-12 00:57:49.693132 INFO    [protocol] New Top Block Detected: 7434
2026-Sep-12 00:57:59.846184 INFO    [protocol] New Top Block Detected: 7435
2026-Sep-12 01:00:20.208789 INFO    [protocol] New Top Block Detected: 7436
2026-Sep-12 01:00:56.556987 INFO    [protocol] New Top Block Detected: 7437
2026-Sep-12 01:01:31.000378 INFO    [protocol] New Top Block Detected: 7438
2026-Sep-12 01:01:39.037186 INFO    [protocol] New Top Block Detected: 7440
2026-Sep-12 01:01:59.513830 INFO    [protocol] New Top Block Detected: 7441
2026-Sep-12 01:02:00.530182 INFO    [protocol] New Top Block Detected: 7442
2026-Sep-12 01:03:07.868946 INFO    [protocol] New Top Block Detected: 7443
2026-Sep-12 01:04:33.691586 INFO    [protocol] New Top Block Detected: 7444
2026-Sep-12 01:04:35.697263 INFO    [protocol] New Top Block Detected: 7445
2026-Sep-12 01:04:47.740473 INFO    [protocol] New Top Block Detected: 7446
2026-Sep-12 01:04:48.227552 INFO    [protocol] New Top Block Detected: 7447
2026-Sep-12 01:04:54.125463 INFO    [protocol] New Top Block Detected: 7448
2026-Sep-12 01:05:08.025685 INFO    [protocol] New Top Block Detected: 7449
2026-Sep-12 01:06:03.786117 INFO    [protocol] New Top Block Detected: 7450
2026-Sep-12 01:06:39.913747 INFO    [protocol] New Top Block Detected: 7451
2026-Sep-12 01:06:44.574733 INFO    [protocol] New Top Block Detected: 7452
2026-Sep-12 01:07:09.411336 INFO    [protocol] New Top Block Detected: 7453
2026-Sep-12 01:07:18.279150 INFO    [protocol] New Top Block Detected: 7454
2026-Sep-12 01:07:47.155592 INFO    [protocol] New Top Block Detected: 7455
2026-Sep-12 01:09:05.468147 INFO    [protocol] New Top Block Detected: 7456
2026-Sep-12 01:10:14.215581 INFO    [protocol] New Top Block Detected: 7457
2026-Sep-12 01:11:15.766064 INFO    [protocol] New Top Block Detected: 7458
2026-Sep-12 01:11:30.141023 INFO    [protocol] New Top Block Detected: 7459
2026-Sep-12 01:11:58.239872 INFO    [protocol] New Top Block Detected: 7460
2026-Sep-12 01:12:02.985934 INFO    [protocol] New Top Block Detected: 7461
2026-Sep-12 01:12:06.273139 INFO    [protocol] New Top Block Detected: 7462
2026-Sep-12 01:13:22.926924 INFO    [protocol] New Top Block Detected: 7463
2026-Sep-12 01:13:46.643612 INFO    [protocol] New Top Block Detected: 7464
2026-Sep-12 01:14:23.189976 INFO    [protocol] New Top Block Detected: 7465
2026-Sep-12 01:14:32.930795 INFO    [protocol] New Top Block Detected: 7466
2026-Sep-12 01:15:15.633323 INFO    [protocol] New Top Block Detected: 7467
2026-Sep-12 01:15:28.750124 INFO    [protocol] New Top Block Detected: 7468
2026-Sep-12 01:15:51.302047 INFO    [protocol] New Top Block Detected: 7469
2026-Sep-12 01:16:17.555780 INFO    [protocol] New Top Block Detected: 7470
2026-Sep-12 01:16:59.803836 INFO    [protocol] New Top Block Detected: 7472
2026-Sep-12 01:17:17.123393 INFO    [protocol] New Top Block Detected: 7473
2026-Sep-12 01:17:46.366515 INFO    [protocol] New Top Block Detected: 7474
2026-Sep-12 01:17:54.242996 INFO    [protocol] New Top Block Detected: 7475
2026-Sep-12 01:18:30.397994 INFO    [protocol] New Top Block Detected: 7476
2026-Sep-12 01:19:18.580580 INFO    [protocol] New Top Block Detected: 7477
2026-Sep-12 01:19:28.456683 INFO    [protocol] New Top Block Detected: 7478
2026-Sep-12 01:20:52.927088 INFO    [protocol] New Top Block Detected: 7479
2026-Sep-12 01:21:46.209671 INFO    [protocol] New Top Block Detected: 7480
2026-Sep-12 01:22:02.343839 INFO    [protocol] New Top Block Detected: 7481
2026-Sep-12 01:22:06.358344 INFO    [protocol] New Top Block Detected: 7482
2026-Sep-12 01:22:23.323999 INFO    [protocol] New Top Block Detected: 7483
2026-Sep-12 01:22:30.435625 INFO    [protocol] New Top Block Detected: 7485
2026-Sep-12 01:22:36.458975 INFO    [protocol] New Top Block Detected: 7486
2026-Sep-12 01:23:22.623326 INFO    [protocol] New Top Block Detected: 7487
2026-Sep-12 01:24:44.527591 INFO    [protocol] New Top Block Detected: 7488
2026-Sep-12 01:26:15.384302 INFO    [protocol] New Top Block Detected: 7489
2026-Sep-12 01:26:43.554382 INFO    [protocol] New Top Block Detected: 7490
2026-Sep-12 01:26:55.598359 INFO    [protocol] New Top Block Detected: 7491
2026-Sep-12 01:27:01.617858 INFO    [protocol] New Top Block Detected: 7492
2026-Sep-12 01:27:17.669486 INFO    [protocol] New Top Block Detected: 7493
2026-Sep-12 01:28:02.551116 INFO    [protocol] New Top Block Detected: 7494
2026-Sep-12 01:28:05.840844 INFO    [protocol] New Top Block Detected: 7495
2026-Sep-12 01:28:13.867902 INFO    [protocol] New Top Block Detected: 7496
2026-Sep-12 01:28:14.422615 INFO    [protocol] New Top Block Detected: 7497
2026-Sep-12 01:28:33.122659 INFO    [protocol] New Top Block Detected: 7498
2026-Sep-12 01:28:46.036174 INFO    [protocol] New Top Block Detected: 7499
2026-Sep-12 01:29:19.514566 INFO    [protocol] New Top Block Detected: 7500
2026-Sep-12 01:30:22.458958 INFO    [protocol] New Top Block Detected: 7501
2026-Sep-12 01:30:22.477064 INFO    [Core] Block 7500 (443b0bf613c6edd83db36c60cd6bebf053da0433fe8eee6ccf220ff0c0ac64a1) added to main chain
2026-Sep-12 01:30:59.391012 INFO    [protocol] New Top Block Detected: 7502
2026-Sep-12 01:31:46.091756 INFO    [protocol] New Top Block Detected: 7503
2026-Sep-12 01:32:44.467096 INFO    [protocol] New Top Block Detected: 7504
2026-Sep-12 01:33:02.539647 INFO    [protocol] New Top Block Detected: 7505
2026-Sep-12 01:33:05.459881 INFO    [protocol] New Top Block Detected: 7506
2026-Sep-12 01:33:54.132580 INFO    [protocol] New Top Block Detected: 7507
2026-Sep-12 01:34:54.985419 INFO    [protocol] New Top Block Detected: 7508
2026-Sep-12 01:36:14.005590 INFO    [protocol] New Top Block Detected: 7509
2026-Sep-12 01:36:33.373519 INFO    [protocol] New Top Block Detected: 7510
2026-Sep-12 01:36:50.191727 INFO    [protocol] New Top Block Detected: 7511
2026-Sep-12 01:37:25.795954 INFO    [protocol] New Top Block Detected: 7512
2026-Sep-12 01:38:55.600066 INFO    [protocol] New Top Block Detected: 7513
2026-Sep-12 01:38:57.714727 INFO    [protocol] New Top Block Detected: 7514
2026-Sep-12 01:39:20.332132 INFO    [protocol] New Top Block Detected: 7515
2026-Sep-12 01:39:52.444880 INFO    [protocol] New Top Block Detected: 7516
2026-Sep-12 01:40:08.662575 INFO    [protocol] New Top Block Detected: 7517
2026-Sep-12 01:40:43.593067 INFO    [protocol] New Top Block Detected: 7518
2026-Sep-12 01:40:46.810525 INFO    [protocol] New Top Block Detected: 7519
2026-Sep-12 01:40:56.272706 INFO    [protocol] New Top Block Detected: 7520
2026-Sep-12 01:41:08.886511 INFO    [protocol] New Top Block Detected: 7521
2026-Sep-12 01:41:45.133561 INFO    [protocol] New Top Block Detected: 7522
2026-Sep-12 01:42:15.281190 INFO    [protocol] New Top Block Detected: 7523
2026-Sep-12 01:42:22.362728 INFO    [protocol] New Top Block Detected: 7524
2026-Sep-12 01:42:41.384164 INFO    [protocol] New Top Block Detected: 7525
2026-Sep-12 01:42:54.209379 INFO    [protocol] New Top Block Detected: 7526
2026-Sep-12 01:45:22.207648 INFO    [protocol] New Top Block Detected: 7527
2026-Sep-12 01:46:16.555034 INFO    [protocol] New Top Block Detected: 7528
2026-Sep-12 01:46:40.218324 INFO    [protocol] New Top Block Detected: 7529
2026-Sep-12 01:47:51.001318 INFO    [protocol] New Top Block Detected: 7530
2026-Sep-12 01:47:53.006987 INFO    [protocol] New Top Block Detected: 7531
2026-Sep-12 01:48:54.561653 INFO    [protocol] New Top Block Detected: 7532
2026-Sep-12 01:49:09.345218 INFO    [protocol] New Top Block Detected: 7533
2026-Sep-12 01:49:21.673171 INFO    [protocol] New Top Block Detected: 7534
2026-Sep-12 01:49:34.113877 INFO    [protocol] New Top Block Detected: 7535
2026-Sep-12 01:49:53.609586 INFO    [protocol] New Top Block Detected: 7536
2026-Sep-12 01:50:42.398220 INFO    [protocol] New Top Block Detected: 7537
2026-Sep-12 01:51:00.045492 INFO    [protocol] New Top Block Detected: 7538
2026-Sep-12 01:51:04.075406 INFO    [protocol] New Top Block Detected: 7539
2026-Sep-12 01:51:32.172893 INFO    [protocol] New Top Block Detected: 7540
2026-Sep-12 01:51:36.185074 INFO    [protocol] New Top Block Detected: 7541
2026-Sep-12 01:51:44.398021 INFO    [protocol] New Top Block Detected: 7542
2026-Sep-12 01:51:54.433364 INFO    [protocol] New Top Block Detected: 7543
2026-Sep-12 01:52:39.806594 INFO    [protocol] New Top Block Detected: 7544
2026-Sep-12 01:52:45.951472 INFO    [protocol] New Top Block Detected: 7545
2026-Sep-12 01:52:56.750077 INFO    [protocol] New Top Block Detected: 7546
2026-Sep-12 01:53:12.809948 INFO    [protocol] New Top Block Detected: 7547
2026-Sep-12 01:53:32.876751 INFO    [protocol] New Top Block Detected: 7548
2026-Sep-12 01:54:04.988729 INFO    [protocol] New Top Block Detected: 7549
2026-Sep-12 01:54:51.147255 INFO    [protocol] New Top Block Detected: 7550
2026-Sep-12 01:55:13.225140 INFO    [protocol] New Top Block Detected: 7551
2026-Sep-12 01:55:47.720296 INFO    [protocol] New Top Block Detected: 7552
2026-Sep-12 01:57:25.569979 INFO    [protocol] New Top Block Detected: 7553
2026-Sep-12 01:57:55.886041 INFO    [protocol] New Top Block Detected: 7554
2026-Sep-12 01:58:05.932233 INFO    [protocol] New Top Block Detected: 7555
2026-Sep-12 01:58:46.067846 INFO    [protocol] New Top Block Detected: 7556
2026-Sep-12 02:00:40.242601 INFO    [protocol] New Top Block Detected: 7557
2026-Sep-12 02:01:02.566399 INFO    [protocol] New Top Block Detected: 7558
2026-Sep-12 02:01:34.746458 INFO    [protocol] New Top Block Detected: 7559
2026-Sep-12 02:01:50.901651 INFO    [protocol] New Top Block Detected: 7560
2026-Sep-12 02:02:55.144928 INFO    [protocol] New Top Block Detected: 7561
2026-Sep-12 02:03:17.231494 INFO    [protocol] New Top Block Detected: 7562
2026-Sep-12 02:03:31.615632 INFO    [protocol] New Top Block Detected: 7563
2026-Sep-12 02:04:38.144456 INFO    [protocol] New Top Block Detected: 7564
2026-Sep-12 02:04:43.610110 INFO    [protocol] New Top Block Detected: 7565
2026-Sep-12 02:04:45.615724 INFO    [protocol] New Top Block Detected: 7566
2026-Sep-12 02:05:08.420290 INFO    [protocol] New Top Block Detected: 7567
2026-Sep-12 02:05:19.085092 INFO    [protocol] New Top Block Detected: 7568
2026-Sep-12 02:05:34.983021 INFO    [protocol] New Top Block Detected: 7569
2026-Sep-12 02:06:57.179717 INFO    [protocol] New Top Block Detected: 7570
2026-Sep-12 02:10:14.770648 INFO    [protocol] New Top Block Detected: 7571
2026-Sep-12 02:10:29.109962 INFO    [protocol] New Top Block Detected: 7572
2026-Sep-12 02:11:20.497782 INFO    [protocol] New Top Block Detected: 7573
2026-Sep-12 02:11:21.105615 INFO    [protocol] New Top Block Detected: 7574
2026-Sep-12 02:12:00.411518 INFO    [protocol] New Top Block Detected: 7575
2026-Sep-12 02:12:18.597589 INFO    [protocol] New Top Block Detected: 7576
2026-Sep-12 02:13:30.181998 INFO    [protocol] New Top Block Detected: 7577
2026-Sep-12 02:14:05.244799 INFO    [protocol] New Top Block Detected: 7578
2026-Sep-12 02:14:18.413424 INFO    [protocol] New Top Block Detected: 7579
2026-Sep-12 02:14:48.525712 INFO    [protocol] New Top Block Detected: 7580
2026-Sep-12 02:14:56.739682 INFO    [protocol] New Top Block Detected: 7581
2026-Sep-12 02:15:08.786437 INFO    [protocol] New Top Block Detected: 7582
2026-Sep-12 02:15:28.862662 INFO    [protocol] New Top Block Detected: 7583
2026-Sep-12 02:16:13.159756 INFO    [protocol] New Top Block Detected: 7584
2026-Sep-12 02:16:27.205857 INFO    [protocol] New Top Block Detected: 7585
2026-Sep-12 02:16:35.252723 INFO    [protocol] New Top Block Detected: 7586
2026-Sep-12 02:16:41.715788 INFO    [protocol] New Top Block Detected: 7587
2026-Sep-12 02:16:59.339540 INFO    [protocol] New Top Block Detected: 7588
2026-Sep-12 02:17:08.409224 INFO    [protocol] New Top Block Detected: 7589
2026-Sep-12 02:17:37.495802 INFO    [protocol] New Top Block Detected: 7590
2026-Sep-12 02:17:43.515643 INFO    [protocol] New Top Block Detected: 7591
2026-Sep-12 02:17:46.422345 INFO    [protocol] New Top Block Detected: 7592
2026-Sep-12 02:18:17.840864 INFO    [protocol] New Top Block Detected: 7593
2026-Sep-12 02:19:10.035029 INFO    [protocol] New Top Block Detected: 7594
2026-Sep-12 02:19:17.505942 INFO    [protocol] New Top Block Detected: 7595
2026-Sep-12 02:20:18.280148 INFO    [protocol] New Top Block Detected: 7596
2026-Sep-12 02:21:04.435797 INFO    [protocol] New Top Block Detected: 7597
2026-Sep-12 02:22:21.613080 INFO    [protocol] New Top Block Detected: 7598
2026-Sep-12 02:25:17.096033 INFO    [protocol] New Top Block Detected: 7599
2026-Sep-12 02:25:18.782857 INFO    [protocol] New Top Block Detected: 7600
2026-Sep-12 02:26:14.264994 INFO    [protocol] New Top Block Detected: 7601
2026-Sep-12 02:26:14.278064 INFO    [Core] Block 7600 (de627a7a7c3d5725c9f41d3966072f01492ee53ec00d70f09dcb46f0e395f8e2) added to main chain
2026-Sep-12 02:26:21.605705 INFO    [protocol] New Top Block Detected: 7602
2026-Sep-12 02:26:33.645995 INFO    [protocol] New Top Block Detected: 7603
2026-Sep-12 02:26:45.526391 INFO    [protocol] New Top Block Detected: 7604
2026-Sep-12 02:26:49.869373 INFO    [protocol] New Top Block Detected: 7605
2026-Sep-12 02:26:54.418123 INFO    [protocol] New Top Block Detected: 7606
2026-Sep-12 02:27:06.695360 INFO    [protocol] New Top Block Detected: 7607
2026-Sep-12 02:27:06.759715 INFO    [protocol] [100.64.0.4:35714 INC] Successfully synchronized with the Meduz Network.
2026-Sep-12 02:27:16.160648 INFO    [protocol] New Top Block Detected: 7608
2026-Sep-12 02:28:54.521715 INFO    [protocol] New Top Block Detected: 7609
2026-Sep-12 02:29:13.495090 INFO    [protocol] New Top Block Detected: 7610
2026-Sep-12 02:29:22.630962 INFO    [protocol] New Top Block Detected: 7611
2026-Sep-12 02:29:42.713033 INFO    [protocol] New Top Block Detected: 7612
2026-Sep-12 02:29:44.874601 INFO    [protocol] New Top Block Detected: 7614
2026-Sep-12 02:30:14.165254 INFO    [protocol] New Top Block Detected: 7615
2026-Sep-12 02:31:32.458349 INFO    [protocol] New Top Block Detected: 7616
2026-Sep-12 02:31:44.425286 INFO    [protocol] New Top Block Detected: 7617
2026-Sep-12 02:32:05.482612 INFO    [protocol] New Top Block Detected: 7618
2026-Sep-12 02:32:32.170802 INFO    [protocol] New Top Block Detected: 7619
2026-Sep-12 02:32:38.892658 INFO    [protocol] New Top Block Detected: 7620
2026-Sep-12 02:33:40.527064 INFO    [protocol] New Top Block Detected: 7621
2026-Sep-12 02:34:41.172580 INFO    [protocol] New Top Block Detected: 7622
2026-Sep-12 02:35:42.803206 INFO    [protocol] New Top Block Detected: 7623
2026-Sep-12 02:35:59.959943 INFO    [protocol] New Top Block Detected: 7624
2026-Sep-12 02:36:16.018695 INFO    [protocol] New Top Block Detected: 7625
2026-Sep-12 02:38:01.104253 INFO    [protocol] New Top Block Detected: 7626
2026-Sep-12 02:38:59.967359 INFO    [protocol] New Top Block Detected: 7627
2026-Sep-12 02:39:26.374685 INFO    [protocol] New Top Block Detected: 7628
2026-Sep-12 02:39:57.387318 INFO    [protocol] New Top Block Detected: 7629
2026-Sep-12 02:40:17.453561 INFO    [protocol] New Top Block Detected: 7630
2026-Sep-12 02:40:33.528770 INFO    [protocol] New Top Block Detected: 7631
2026-Sep-12 02:40:43.569142 INFO    [protocol] New Top Block Detected: 7632
2026-Sep-12 02:41:11.917897 INFO    [protocol] New Top Block Detected: 7633
2026-Sep-12 02:41:14.042161 INFO    [protocol] New Top Block Detected: 7635
2026-Sep-12 02:41:23.311126 INFO    [protocol] New Top Block Detected: 7636
2026-Sep-12 02:41:50.026205 INFO    [protocol] New Top Block Detected: 7637
2026-Sep-12 02:42:07.283913 INFO    [protocol] New Top Block Detected: 7638
2026-Sep-12 02:42:26.160858 INFO    [protocol] New Top Block Detected: 7639
2026-Sep-12 02:42:27.279635 INFO    [protocol] New Top Block Detected: 7640
2026-Sep-12 02:42:34.289325 INFO    [protocol] New Top Block Detected: 7641
2026-Sep-12 02:42:46.339321 INFO    [protocol] New Top Block Detected: 7642
2026-Sep-12 02:42:58.386367 INFO    [protocol] New Top Block Detected: 7643
2026-Sep-12 02:43:29.202659 INFO    [protocol] New Top Block Detected: 7644
2026-Sep-12 02:43:50.575113 INFO    [protocol] New Top Block Detected: 7645
2026-Sep-12 02:44:58.032780 INFO    [protocol] New Top Block Detected: 7646
2026-Sep-12 02:47:10.547040 INFO    [protocol] New Top Block Detected: 7647
2026-Sep-12 02:48:26.816671 INFO    [protocol] New Top Block Detected: 7649
2026-Sep-12 02:48:35.937487 INFO    [protocol] New Top Block Detected: 7650
2026-Sep-12 02:49:37.503143 INFO    [protocol] New Top Block Detected: 7651
2026-Sep-12 02:51:19.779563 INFO    [protocol] New Top Block Detected: 7652
2026-Sep-12 02:51:37.850021 INFO    [protocol] New Top Block Detected: 7653
2026-Sep-12 02:51:43.873170 INFO    [protocol] New Top Block Detected: 7654
2026-Sep-12 02:51:48.131212 INFO    [protocol] New Top Block Detected: 7655
2026-Sep-12 02:51:48.622284 INFO    [protocol] New Top Block Detected: 7656
2026-Sep-12 02:53:28.501720 INFO    [protocol] New Top Block Detected: 7657
2026-Sep-12 02:54:02.627881 INFO    [protocol] New Top Block Detected: 7658
2026-Sep-12 02:54:37.301242 INFO    [protocol] New Top Block Detected: 7659
2026-Sep-12 02:54:48.790689 INFO    [protocol] New Top Block Detected: 7660
2026-Sep-12 02:54:49.131344 INFO    [protocol] New Top Block Detected: 7661
2026-Sep-12 02:55:06.681970 INFO    [protocol] New Top Block Detected: 7662
2026-Sep-12 02:55:38.587739 INFO    [protocol] New Top Block Detected: 7663
2026-Sep-12 02:55:59.195782 INFO    [protocol] New Top Block Detected: 7664
2026-Sep-12 02:58:26.539142 INFO    [protocol] New Top Block Detected: 7665
2026-Sep-12 02:59:03.339870 INFO    [protocol] New Top Block Detected: 7666
2026-Sep-12 02:59:08.930559 INFO    [protocol] New Top Block Detected: 7667
2026-Sep-12 02:59:14.956036 INFO    [protocol] New Top Block Detected: 7668
2026-Sep-12 03:00:00.105464 INFO    [protocol] New Top Block Detected: 7669
2026-Sep-12 03:00:06.681619 INFO    [protocol] New Top Block Detected: 7670
2026-Sep-12 03:00:09.113802 INFO    [protocol] New Top Block Detected: 7671
2026-Sep-12 03:00:50.733535 INFO    [protocol] New Top Block Detected: 7672
2026-Sep-12 03:01:27.633142 INFO    [protocol] New Top Block Detected: 7673
2026-Sep-12 03:01:54.332111 INFO    [protocol] New Top Block Detected: 7674
2026-Sep-12 03:02:03.850318 INFO    [protocol] New Top Block Detected: 7675
2026-Sep-12 03:02:25.852968 INFO    [protocol] New Top Block Detected: 7676
2026-Sep-12 03:02:35.889913 INFO    [protocol] New Top Block Detected: 7677
2026-Sep-12 03:03:01.989338 INFO    [protocol] New Top Block Detected: 7678
2026-Sep-12 03:03:31.186250 INFO    [protocol] New Top Block Detected: 7679
2026-Sep-12 03:03:43.862619 INFO    [protocol] New Top Block Detected: 7680
2026-Sep-12 03:03:46.080076 INFO    [protocol] New Top Block Detected: 7681
2026-Sep-12 03:04:20.439416 INFO    [protocol] New Top Block Detected: 7682
2026-Sep-12 03:04:24.449561 INFO    [protocol] New Top Block Detected: 7683
2026-Sep-12 03:06:14.992227 INFO    [protocol] New Top Block Detected: 7684
2026-Sep-12 03:06:39.080101 INFO    [protocol] New Top Block Detected: 7685
2026-Sep-12 03:07:55.641518 INFO    [protocol] New Top Block Detected: 7686
2026-Sep-12 03:10:18.149332 INFO    [protocol] New Top Block Detected: 7687
2026-Sep-12 03:10:20.613217 INFO    [protocol] New Top Block Detected: 7688
2026-Sep-12 03:10:46.737170 INFO    [protocol] New Top Block Detected: 7689
2026-Sep-12 03:11:30.792864 INFO    [protocol] New Top Block Detected: 7690
2026-Sep-12 03:13:21.907119 INFO    [protocol] New Top Block Detected: 7691
2026-Sep-12 03:14:05.079005 INFO    [protocol] New Top Block Detected: 7692
2026-Sep-12 03:14:23.904060 INFO    [protocol] New Top Block Detected: 7693
2026-Sep-12 03:15:27.275497 INFO    [protocol] New Top Block Detected: 7694
2026-Sep-12 03:15:34.027406 INFO    [protocol] New Top Block Detected: 7695
2026-Sep-12 03:15:36.035060 INFO    [protocol] New Top Block Detected: 7696
2026-Sep-12 03:15:38.531583 INFO    [protocol] New Top Block Detected: 7697
2026-Sep-12 03:16:12.177854 INFO    [protocol] New Top Block Detected: 7698
2026-Sep-12 03:16:14.186165 INFO    [protocol] New Top Block Detected: 7699
2026-Sep-12 03:16:28.421940 INFO    [protocol] New Top Block Detected: 7700
2026-Sep-12 03:16:36.454442 INFO    [Core] Block 7700 (762e4a87ac0f1c839e8ba2df8ce3a980efc549e1d492fbfcec5194ee51b6bf82) added to main chain
2026-Sep-12 03:16:36.461362 INFO    [protocol] New Top Block Detected: 7701
2026-Sep-12 03:16:46.495487 INFO    [protocol] New Top Block Detected: 7702
2026-Sep-12 03:16:50.414827 INFO    [protocol] New Top Block Detected: 7703
2026-Sep-12 03:16:51.163049 INFO    [protocol] New Top Block Detected: 7704
2026-Sep-12 03:16:58.670683 INFO    [protocol] New Top Block Detected: 7705
2026-Sep-12 03:17:30.779463 INFO    [protocol] New Top Block Detected: 7706
2026-Sep-12 03:18:47.119634 INFO    [protocol] New Top Block Detected: 7707
2026-Sep-12 03:19:39.615235 INFO    [protocol] New Top Block Detected: 7708
2026-Sep-12 03:19:43.556013 INFO    [protocol] New Top Block Detected: 7709
2026-Sep-12 03:20:12.817722 INFO    [protocol] New Top Block Detected: 7710
2026-Sep-12 03:20:14.011953 INFO    [protocol] New Top Block Detected: 7711
2026-Sep-12 03:21:50.172718 INFO    [protocol] New Top Block Detected: 7712
2026-Sep-12 03:22:01.564345 INFO    [protocol] New Top Block Detected: 7713
2026-Sep-12 03:22:17.260183 INFO    [protocol] New Top Block Detected: 7714
2026-Sep-12 03:23:02.920295 INFO    [protocol] New Top Block Detected: 7715
2026-Sep-12 03:23:55.120431 INFO    [protocol] New Top Block Detected: 7716
2026-Sep-12 03:24:27.239316 INFO    [protocol] New Top Block Detected: 7717
2026-Sep-12 03:24:32.633360 INFO    [protocol] New Top Block Detected: 7718
2026-Sep-12 03:24:44.374101 INFO    [protocol] New Top Block Detected: 7719
2026-Sep-12 03:26:38.914414 INFO    [protocol] New Top Block Detected: 7720
2026-Sep-12 03:28:26.553706 INFO    [protocol] New Top Block Detected: 7721
2026-Sep-12 03:28:59.082913 INFO    [protocol] New Top Block Detected: 7722
2026-Sep-12 03:30:11.082039 INFO    [protocol] New Top Block Detected: 7723
2026-Sep-12 03:30:57.258209 INFO    [protocol] New Top Block Detected: 7724
2026-Sep-12 03:31:55.551999 INFO    [protocol] New Top Block Detected: 7725
2026-Sep-12 03:32:03.581154 INFO    [protocol] New Top Block Detected: 7726
2026-Sep-12 03:32:39.726392 INFO    [protocol] New Top Block Detected: 7727
2026-Sep-12 03:32:43.811428 INFO    [protocol] New Top Block Detected: 7728
2026-Sep-12 03:32:59.996602 INFO    [protocol] New Top Block Detected: 7729
2026-Sep-12 03:33:10.034674 INFO    [protocol] New Top Block Detected: 7731
2026-Sep-12 03:34:23.463338 INFO    [protocol] New Top Block Detected: 7732
2026-Sep-12 03:34:33.092612 INFO    [protocol] New Top Block Detected: 7733
2026-Sep-12 03:34:46.409664 INFO    [protocol] New Top Block Detected: 7734
2026-Sep-12 03:35:16.698119 INFO    [protocol] New Top Block Detected: 7735
2026-Sep-12 03:36:27.191074 INFO    [protocol] New Top Block Detected: 7736
2026-Sep-12 03:36:53.290036 INFO    [protocol] New Top Block Detected: 7737
2026-Sep-12 03:37:25.674010 INFO    [protocol] New Top Block Detected: 7738
2026-Sep-12 03:37:27.681352 INFO    [protocol] New Top Block Detected: 7739
2026-Sep-12 03:37:53.396128 INFO    [protocol] New Top Block Detected: 7740
2026-Sep-12 03:37:55.933638 INFO    [protocol] New Top Block Detected: 7741
2026-Sep-12 03:38:03.962086 INFO    [protocol] New Top Block Detected: 7742
2026-Sep-12 03:38:57.940945 INFO    [protocol] New Top Block Detected: 7743
2026-Sep-12 03:39:27.196362 INFO    [protocol] New Top Block Detected: 7744
2026-Sep-12 03:39:54.938006 INFO    [protocol] New Top Block Detected: 7745
2026-Sep-12 03:40:06.685333 INFO    [protocol] New Top Block Detected: 7746
2026-Sep-12 03:42:12.900386 INFO    [protocol] New Top Block Detected: 7747
2026-Sep-12 03:42:36.101705 INFO    [protocol] New Top Block Detected: 7748
2026-Sep-12 03:43:26.319588 INFO    [protocol] New Top Block Detected: 7749
2026-Sep-12 03:43:32.321873 INFO    [protocol] New Top Block Detected: 7750
2026-Sep-12 03:43:56.087925 INFO    [protocol] New Top Block Detected: 7751
2026-Sep-12 03:44:25.171999 INFO    [protocol] New Top Block Detected: 7752
2026-Sep-12 03:44:54.842160 INFO    [protocol] New Top Block Detected: 7753
2026-Sep-12 03:45:57.401879 INFO    [protocol] New Top Block Detected: 7754
2026-Sep-12 03:46:28.427369 INFO    [protocol] New Top Block Detected: 7755
2026-Sep-12 03:46:34.931341 INFO    [protocol] New Top Block Detected: 7756
2026-Sep-12 03:46:53.236381 INFO    [protocol] New Top Block Detected: 7757
2026-Sep-12 03:48:06.580056 INFO    [protocol] New Top Block Detected: 7758
2026-Sep-12 03:48:12.819087 INFO    [protocol] New Top Block Detected: 7759
2026-Sep-12 03:48:27.285767 INFO    [protocol] New Top Block Detected: 7760
2026-Sep-12 03:49:24.820340 INFO    [protocol] New Top Block Detected: 7761
2026-Sep-12 03:51:03.498143 INFO    [protocol] New Top Block Detected: 7762
2026-Sep-12 03:51:39.996170 INFO    [protocol] New Top Block Detected: 7763
2026-Sep-12 03:51:41.067227 INFO    [protocol] New Top Block Detected: 7764
2026-Sep-12 03:51:52.915122 INFO    [protocol] New Top Block Detected: 7765
2026-Sep-12 03:52:13.713665 INFO    [protocol] New Top Block Detected: 7766
2026-Sep-12 03:52:29.242665 INFO    [protocol] New Top Block Detected: 7767
2026-Sep-12 03:53:51.574735 INFO    [protocol] New Top Block Detected: 7768
2026-Sep-12 03:54:38.882736 INFO    [protocol] New Top Block Detected: 7769
2026-Sep-12 03:54:53.857348 INFO    [protocol] New Top Block Detected: 7770
2026-Sep-12 03:55:03.413102 INFO    [protocol] New Top Block Detected: 7771
2026-Sep-12 03:55:10.866595 INFO    [protocol] New Top Block Detected: 7772
2026-Sep-12 03:55:48.263328 INFO    [protocol] New Top Block Detected: 7773
2026-Sep-12 03:56:16.367469 INFO    [protocol] New Top Block Detected: 7774
2026-Sep-12 03:56:26.405889 INFO    [protocol] New Top Block Detected: 7775
2026-Sep-12 03:56:27.101744 INFO    [protocol] New Top Block Detected: 7776
2026-Sep-12 03:56:55.940413 INFO    [protocol] New Top Block Detected: 7777
2026-Sep-12 03:57:12.573015 INFO    [protocol] New Top Block Detected: 7778
2026-Sep-12 03:57:22.979765 INFO    [protocol] New Top Block Detected: 7779
2026-Sep-12 03:58:12.886873 INFO    [protocol] New Top Block Detected: 7780
2026-Sep-12 03:58:14.799119 INFO    [protocol] New Top Block Detected: 7781
2026-Sep-12 03:58:16.868480 INFO    [protocol] New Top Block Detected: 7782
2026-Sep-12 03:58:18.876580 INFO    [protocol] New Top Block Detected: 7783
2026-Sep-12 03:58:53.010293 INFO    [protocol] New Top Block Detected: 7784
2026-Sep-12 03:59:38.971638 INFO    [protocol] New Top Block Detected: 7785
2026-Sep-12 04:00:34.569651 INFO    [protocol] New Top Block Detected: 7786
2026-Sep-12 04:00:39.545663 INFO    [protocol] New Top Block Detected: 7787
2026-Sep-12 04:01:38.160697 INFO    [protocol] New Top Block Detected: 7788
2026-Sep-12 04:02:29.423851 INFO    [protocol] New Top Block Detected: 7789
2026-Sep-12 04:02:58.318047 INFO    [protocol] New Top Block Detected: 7790
2026-Sep-12 04:03:16.732944 INFO    [protocol] New Top Block Detected: 7791
2026-Sep-12 04:03:36.470210 INFO    [protocol] New Top Block Detected: 7792
2026-Sep-12 04:04:22.837214 INFO    [protocol] New Top Block Detected: 7793
2026-Sep-12 04:04:38.712727 INFO    [protocol] New Top Block Detected: 7794
2026-Sep-12 04:06:25.544998 INFO    [protocol] New Top Block Detected: 7795
2026-Sep-12 04:06:29.321437 INFO    [protocol] New Top Block Detected: 7796
2026-Sep-12 04:06:36.837947 INFO    [protocol] New Top Block Detected: 7797
2026-Sep-12 04:06:43.369050 INFO    [protocol] New Top Block Detected: 7798
2026-Sep-12 04:07:02.249429 INFO    [protocol] New Top Block Detected: 7799
2026-Sep-12 04:07:06.687436 INFO    [protocol] New Top Block Detected: 7800
2026-Sep-12 04:07:59.428034 INFO    [Core] Block 7800 (f45175b245c30bd558fce18f0bac07b6a7a8b71e4bb806359db2f4524eac1147) added to main chain
2026-Sep-12 04:07:59.651057 INFO    [protocol] New Top Block Detected: 7801
2026-Sep-12 04:08:17.720606 INFO    [protocol] New Top Block Detected: 7802
2026-Sep-12 04:08:39.803898 INFO    [protocol] New Top Block Detected: 7803
2026-Sep-12 04:08:41.918671 INFO    [protocol] New Top Block Detected: 7804
2026-Sep-12 04:09:22.146625 INFO    [protocol] New Top Block Detected: 7805
2026-Sep-12 04:11:08.643500 INFO    [protocol] New Top Block Detected: 7806
2026-Sep-12 04:16:49.979621 INFO    [protocol] New Top Block Detected: 7807
2026-Sep-12 04:16:53.049099 INFO    [protocol] New Top Block Detected: 7808
2026-Sep-12 04:17:27.255494 INFO    [protocol] New Top Block Detected: 7809
2026-Sep-12 04:17:33.363002 INFO    [protocol] New Top Block Detected: 7810
2026-Sep-12 04:17:37.379416 INFO    [protocol] New Top Block Detected: 7811
2026-Sep-12 04:17:55.452585 INFO    [protocol] New Top Block Detected: 7812
2026-Sep-12 04:18:08.436330 INFO    [protocol] New Top Block Detected: 7813
2026-Sep-12 04:18:23.563405 INFO    [protocol] New Top Block Detected: 7814
2026-Sep-12 04:18:39.621995 INFO    [protocol] New Top Block Detected: 7815
2026-Sep-12 04:18:43.032563 INFO    [protocol] New Top Block Detected: 7816
2026-Sep-12 04:19:27.813953 INFO    [protocol] New Top Block Detected: 7817
2026-Sep-12 04:19:30.198397 INFO    [protocol] New Top Block Detected: 7818
2026-Sep-12 04:20:03.959219 INFO    [protocol] New Top Block Detected: 7819
2026-Sep-12 04:20:08.083048 INFO    [protocol] New Top Block Detected: 7820
2026-Sep-12 04:20:20.516063 INFO    [protocol] New Top Block Detected: 7821
2026-Sep-12 04:20:22.286329 INFO    [protocol] New Top Block Detected: 7822
2026-Sep-12 04:20:30.172841 INFO    [protocol] New Top Block Detected: 7823
2026-Sep-12 04:20:32.370230 INFO    [protocol] New Top Block Detected: 7824
2026-Sep-12 04:20:52.124258 INFO    [protocol] New Top Block Detected: 7825
2026-Sep-12 04:21:04.244810 INFO    [protocol] New Top Block Detected: 7826
2026-Sep-12 04:21:30.612572 INFO    [protocol] New Top Block Detected: 7827
2026-Sep-12 04:22:20.817791 INFO    [protocol] New Top Block Detected: 7828
2026-Sep-12 04:23:23.552289 INFO    [protocol] New Top Block Detected: 7829
2026-Sep-12 04:23:37.157397 INFO    [protocol] New Top Block Detected: 7830
2026-Sep-12 04:23:59.246309 INFO    [protocol] New Top Block Detected: 7831
2026-Sep-12 04:24:11.454359 INFO    [protocol] New Top Block Detected: 7832
2026-Sep-12 04:25:11.631185 INFO    [protocol] New Top Block Detected: 7833
2026-Sep-12 04:25:57.872399 INFO    [protocol] New Top Block Detected: 7834
2026-Sep-12 04:26:02.422559 INFO    [protocol] New Top Block Detected: 7835
2026-Sep-12 04:26:41.450735 INFO    [protocol] New Top Block Detected: 7836
2026-Sep-12 04:30:46.219192 INFO    [protocol] New Top Block Detected: 7837
2026-Sep-12 04:31:24.960322 INFO    [protocol] New Top Block Detected: 7838
2026-Sep-12 04:31:30.543589 INFO    [protocol] New Top Block Detected: 7839
2026-Sep-12 04:31:46.153900 INFO    [protocol] New Top Block Detected: 7840
2026-Sep-12 04:31:46.452244 INFO    [protocol] New Top Block Detected: 7841
2026-Sep-12 04:31:48.519404 INFO    [protocol] New Top Block Detected: 7842
2026-Sep-12 04:32:16.705912 INFO    [protocol] New Top Block Detected: 7843
2026-Sep-12 04:32:22.725199 INFO    [protocol] New Top Block Detected: 7844
2026-Sep-12 04:33:11.453793 INFO    [protocol] New Top Block Detected: 7845
2026-Sep-12 04:33:51.255680 INFO    [protocol] New Top Block Detected: 7846
2026-Sep-12 04:34:06.693665 INFO    [protocol] New Top Block Detected: 7847
2026-Sep-12 04:34:37.006637 INFO    [protocol] New Top Block Detected: 7848
2026-Sep-12 04:35:56.063630 INFO    [protocol] New Top Block Detected: 7849
2026-Sep-12 04:36:32.891268 INFO    [protocol] New Top Block Detected: 7850
2026-Sep-12 04:37:12.152481 INFO    [protocol] New Top Block Detected: 7851
2026-Sep-12 04:37:36.051269 INFO    [protocol] New Top Block Detected: 7852
2026-Sep-12 04:37:42.564334 INFO    [protocol] New Top Block Detected: 7853
2026-Sep-12 04:38:22.703892 INFO    [protocol] New Top Block Detected: 7854
2026-Sep-12 04:38:22.829964 INFO    [protocol] New Top Block Detected: 7855
2026-Sep-12 04:38:46.795835 INFO    [protocol] New Top Block Detected: 7856
2026-Sep-12 04:39:24.766030 INFO    [protocol] New Top Block Detected: 7857
2026-Sep-12 04:39:43.481830 INFO    [protocol] New Top Block Detected: 7858
2026-Sep-12 04:39:47.305303 INFO    [protocol] New Top Block Detected: 7859
2026-Sep-12 04:40:27.347234 INFO    [protocol] New Top Block Detected: 7860
2026-Sep-12 04:41:05.487617 INFO    [protocol] New Top Block Detected: 7861
2026-Sep-12 04:41:29.093114 INFO    [protocol] New Top Block Detected: 7862
2026-Sep-12 04:42:21.877854 INFO    [protocol] New Top Block Detected: 7863
2026-Sep-12 04:42:23.883726 INFO    [protocol] New Top Block Detected: 7864
2026-Sep-12 04:42:24.809627 INFO    [protocol] New Top Block Detected: 7865
2026-Sep-12 04:42:31.909831 INFO    [protocol] New Top Block Detected: 7866
2026-Sep-12 04:44:36.366794 INFO    [protocol] New Top Block Detected: 7867
2026-Sep-12 04:44:38.373978 INFO    [protocol] New Top Block Detected: 7868
2026-Sep-12 04:44:40.380396 INFO    [protocol] New Top Block Detected: 7869
2026-Sep-12 04:44:43.407961 INFO    [protocol] New Top Block Detected: 7870
2026-Sep-12 04:44:48.160678 INFO    [protocol] New Top Block Detected: 7871
2026-Sep-12 04:44:54.356553 INFO    [protocol] New Top Block Detected: 7872
2026-Sep-12 04:45:10.496796 INFO    [protocol] New Top Block Detected: 7873
2026-Sep-12 04:45:42.759160 INFO    [protocol] New Top Block Detected: 7874
2026-Sep-12 04:46:11.786860 INFO    [protocol] New Top Block Detected: 7875
2026-Sep-12 04:46:49.008709 INFO    [protocol] New Top Block Detected: 7876
2026-Sep-12 04:47:17.145421 INFO    [protocol] New Top Block Detected: 7877
2026-Sep-12 04:48:25.377464 INFO    [protocol] New Top Block Detected: 7878
2026-Sep-12 04:48:35.484875 INFO    [protocol] New Top Block Detected: 7879
2026-Sep-12 04:48:55.569382 INFO    [protocol] New Top Block Detected: 7880
2026-Sep-12 04:49:19.959693 INFO    [protocol] New Top Block Detected: 7881
2026-Sep-12 04:49:31.877183 INFO    [protocol] New Top Block Detected: 7882
2026-Sep-12 04:50:09.280083 INFO    [protocol] New Top Block Detected: 7883
2026-Sep-12 04:50:41.925948 INFO    [protocol] New Top Block Detected: 7884
2026-Sep-12 04:51:35.172232 INFO    [protocol] New Top Block Detected: 7885
2026-Sep-12 04:52:14.888722 INFO    [protocol] New Top Block Detected: 7886
2026-Sep-12 04:52:36.985076 INFO    [protocol] New Top Block Detected: 7887
2026-Sep-12 04:52:47.030391 INFO    [protocol] New Top Block Detected: 7888
2026-Sep-12 04:52:57.072951 INFO    [protocol] New Top Block Detected: 7889
2026-Sep-12 04:53:15.139536 INFO    [protocol] New Top Block Detected: 7890
2026-Sep-12 04:53:47.423268 INFO    [protocol] New Top Block Detected: 7891
2026-Sep-12 04:54:37.744934 INFO    [protocol] New Top Block Detected: 7892
2026-Sep-12 04:54:45.783163 INFO    [protocol] New Top Block Detected: 7893
2026-Sep-12 04:56:18.130934 INFO    [protocol] New Top Block Detected: 7894
2026-Sep-12 04:56:49.427712 INFO    [protocol] New Top Block Detected: 7895
2026-Sep-12 04:58:10.054831 INFO    [protocol] New Top Block Detected: 7896
2026-Sep-12 05:00:34.579029 INFO    [protocol] New Top Block Detected: 7897
2026-Sep-12 05:01:31.488910 INFO    [protocol] New Top Block Detected: 7898
2026-Sep-12 05:02:55.588785 INFO    [protocol] New Top Block Detected: 7899
2026-Sep-12 05:03:11.813217 INFO    [protocol] New Top Block Detected: 7900
2026-Sep-12 05:03:23.473966 INFO    [protocol] New Top Block Detected: 7901
2026-Sep-12 05:03:23.493209 INFO    [Core] Block 7900 (578ec2a2f7ec665b3408b11da73b9460045122539115d42c4097f9f0f1ef9fbe) added to main chain
2026-Sep-12 05:03:57.773385 INFO    [protocol] New Top Block Detected: 7902
2026-Sep-12 05:05:45.409706 INFO    [protocol] New Top Block Detected: 7903
2026-Sep-12 05:05:46.551052 INFO    [protocol] New Top Block Detected: 7904
2026-Sep-12 05:07:47.048054 INFO    [protocol] New Top Block Detected: 7905
2026-Sep-12 05:08:05.061804 INFO    [protocol] New Top Block Detected: 7906
2026-Sep-12 05:08:11.081196 INFO    [protocol] New Top Block Detected: 7907
2026-Sep-12 05:08:22.718925 INFO    [protocol] New Top Block Detected: 7908
2026-Sep-12 05:08:33.163166 INFO    [protocol] New Top Block Detected: 7909
2026-Sep-12 05:08:48.670622 INFO    [protocol] New Top Block Detected: 7910
2026-Sep-12 05:08:51.630088 INFO    [protocol] New Top Block Detected: 7911
2026-Sep-12 05:09:10.538047 INFO    [protocol] New Top Block Detected: 7912
2026-Sep-12 05:09:11.312691 INFO    [protocol] New Top Block Detected: 7913
2026-Sep-12 05:09:49.500656 INFO    [protocol] New Top Block Detected: 7914
2026-Sep-12 05:10:06.518608 INFO    [protocol] New Top Block Detected: 7915
2026-Sep-12 05:10:09.012011 INFO    [protocol] New Top Block Detected: 7916
2026-Sep-12 05:10:19.716387 INFO    [protocol] New Top Block Detected: 7917
2026-Sep-12 05:10:42.761203 INFO    [protocol] New Top Block Detected: 7918
2026-Sep-12 05:11:14.116822 INFO    [protocol] New Top Block Detected: 7919
2026-Sep-12 05:11:30.181776 INFO    [protocol] New Top Block Detected: 7920
2026-Sep-12 05:12:21.190972 INFO    [protocol] New Top Block Detected: 7921
2026-Sep-12 05:12:38.451579 INFO    [protocol] New Top Block Detected: 7923
2026-Sep-12 05:12:40.458317 INFO    [protocol] New Top Block Detected: 7924
2026-Sep-12 05:12:50.661679 INFO    [protocol] New Top Block Detected: 7925
2026-Sep-12 05:12:58.696161 INFO    [protocol] New Top Block Detected: 7926
2026-Sep-12 05:13:08.734505 INFO    [protocol] New Top Block Detected: 7927
2026-Sep-12 05:16:57.781272 INFO    [protocol] New Top Block Detected: 7928
2026-Sep-12 05:17:49.137513 INFO    [protocol] New Top Block Detected: 7929
2026-Sep-12 05:18:33.304387 INFO    [protocol] New Top Block Detected: 7930
2026-Sep-12 05:18:56.843598 INFO    [protocol] New Top Block Detected: 7931
2026-Sep-12 05:19:17.481365 INFO    [protocol] New Top Block Detected: 7932
2026-Sep-12 05:19:19.231054 INFO    [protocol] New Top Block Detected: 7933
2026-Sep-12 05:22:59.408604 INFO    [protocol] New Top Block Detected: 7934
2026-Sep-12 05:23:51.945732 INFO    [protocol] New Top Block Detected: 7935
2026-Sep-12 05:24:27.065833 INFO    [protocol] New Top Block Detected: 7936
2026-Sep-12 05:24:53.692058 INFO    [protocol] New Top Block Detected: 7937
2026-Sep-12 05:25:01.123575 INFO    [protocol] New Top Block Detected: 7938
2026-Sep-12 05:25:22.826260 INFO    [protocol] New Top Block Detected: 7940
2026-Sep-12 05:26:17.961476 INFO    [protocol] New Top Block Detected: 7941
2026-Sep-12 05:26:29.537238 INFO    [protocol] New Top Block Detected: 7942
2026-Sep-12 05:27:23.741778 INFO    [protocol] New Top Block Detected: 7943
2026-Sep-12 05:28:09.803779 INFO    [daemon] 

                                              
███╗   ███╗███████╗██████╗ ██╗   ██╗███████╗
████╗ ████║██╔════╝██╔══██╗██║   ██║╚══███╔╝
██╔████╔██║█████╗  ██║  ██║██║   ██║  ███╔╝ 
██║╚██╔╝██║██╔══╝  ██║  ██║██║   ██║ ███╔╝  
██║ ╚═╝ ██║███████╗██████╔╝╚██████╔╝███████╗
╚═╝     ╚═╝╚══════╝╚═════╝  ╚═════╝ ╚══════╝

 Meduz v0.14.6.1286 ()
 This software is distributed under the General Public License v3.0

 Copyright 2018-2019, The TurtleCoin Developers

 Additional Copyright(s) may apply, please see the included LICENSE file for more information.
 If you did not receive a copy of the LICENSE, please visit:
 https://github.com/meduztrade-maker/meduzcoin/blob/main/LICENSE


2026-Sep-12 05:28:09.805144 INFO    [daemon] Program Working Directory: "/"
2026-Sep-12 05:28:09.805190 INFO    [daemon] Loading Checkpoints for faster initial sync...
2026-Sep-12 05:28:09.805201 INFO    [daemon] Loaded 0 default checkpoints
2026-Sep-12 05:28:09.805215 INFO    [RocksDBWrapper] Opening DB in /data/DB
2026-Sep-12 05:28:09.848857 INFO    [RocksDBWrapper] DB opened in /data/DB
2026-Sep-12 05:28:09.852487 INFO    [daemon] Initializing core...
2026-Sep-12 05:28:09.854062 INFO    [Core] Importing blocks from blockchain storage
2026-Sep-12 05:28:09.904473 INFO    [daemon] Core initialized OK
2026-Sep-12 05:28:09.904526 INFO    [daemon] Initializing p2p server...
2026-Sep-12 05:28:09.910334 INFO    [node_server] Priority peers configured: 0
2026-Sep-12 05:28:09.910419 INFO    [node_server] Binding on 0.0.0.0:27897
2026-Sep-12 05:28:09.910465 INFO    [node_server] Net service binded on 0.0.0.0:27897
2026-Sep-12 05:28:09.910477 INFO    [node_server] Attempting to add IGD port mapping.
2026-Sep-12 05:28:13.914202 INFO    [node_server] No IGD was found.
2026-Sep-12 05:28:13.914282 INFO    [daemon] P2p server initialized OK
2026-Sep-12 05:28:13.914293 INFO    [daemon] Starting core rpc server on address 0.0.0.0:27898
2026-Sep-12 05:28:13.914377 INFO    [daemon] Core rpc server started ok
2026-Sep-12 05:28:13.914392 INFO    [daemon] Starting p2p net loop...
2026-Sep-12 05:28:13.914400 INFO    [node_server] Starting node_server
2026-Sep-12 05:28:13.920739 INFO    [protocol] 
2026-Sep-12 05:28:13.920790 INFO    [protocol] ===[ Meduz Tip! ]=============================
2026-Sep-12 05:28:13.920801 INFO    [protocol]  Always exit meduzd and meduz-wallet with the "exit" command to preserve your chain and wallet data.
2026-Sep-12 05:28:13.920813 INFO    [protocol]  Use the "help" command to see a list of available commands.
2026-Sep-12 05:28:13.920821 INFO    [protocol]  Use the "backup" command in meduz-wallet to display your keys/seed for restoring a corrupted wallet.
2026-Sep-12 05:28:13.920834 INFO    [protocol]  If you need more assistance, you can contact us for support at https://t.me/REPLACE_WITH_YOUR_CHANNEL
2026-Sep-12 05:28:13.920849 INFO    [protocol] ===================================================
2026-Sep-12 05:28:13.920849 INFO    [protocol] 
2026-Sep-12 05:28:13.920877 INFO    [protocol] 
                                              
███╗   ███╗███████╗██████╗ ██╗   ██╗███████╗
████╗ ████║██╔════╝██╔══██╗██║   ██║╚══███╔╝
██╔████╔██║█████╗  ██║  ██║██║   ██║  ███╔╝ 
██║╚██╔╝██║██╔══╝  ██║  ██║██║   ██║ ███╔╝  
██║ ╚═╝ ██║███████╗██████╔╝╚██████╔╝███████╗
╚═╝     ╚═╝╚══════╝╚═════╝  ╚═════╝ ╚══════╝

2026-Sep-12 05:28:13.920918 INFO    [protocol] New Top Block Detected: 7942
2026-Sep-12 05:28:16.533782 INFO    [protocol] [100.64.0.4:31070 INC] Your Meduz node is syncing with the network (99.99% complete) You are 1 blocks (0 days) behind the current peer you're connected to. Slow and steady wins the race! 
2026-Sep-12 05:28:16.533853 INFO    [protocol] New Top Block Detected: 7943
2026-Sep-12 05:28:16.556948 INFO    [protocol] [100.64.0.4:31070 INC] Successfully synchronized with the Meduz Network.
2026-Sep-12 05:28:58.846980 INFO    [protocol] New Top Block Detected: 7944
2026-Sep-12 05:29:08.887290 INFO    [protocol] New Top Block Detected: 7945
2026-Sep-12 05:29:34.984047 INFO    [protocol] New Top Block Detected: 7946
2026-Sep-12 05:29:49.792125 INFO    [protocol] New Top Block Detected: 7947
2026-Sep-12 05:29:54.223010 INFO    [protocol] New Top Block Detected: 7948
2026-Sep-12 05:30:14.677386 INFO    [protocol] New Top Block Detected: 7949
2026-Sep-12 05:31:03.140066 INFO    [protocol] New Top Block Detected: 7950
2026-Sep-12 05:31:09.434286 INFO    [protocol] New Top Block Detected: 7951
2026-Sep-12 05:31:38.807340 INFO    [protocol] New Top Block Detected: 7952
2026-Sep-12 05:32:04.842271 INFO    [daemon] 

                                              
███╗   ███╗███████╗██████╗ ██╗   ██╗███████╗
████╗ ████║██╔════╝██╔══██╗██║   ██║╚══███╔╝
██╔████╔██║█████╗  ██║  ██║██║   ██║  ███╔╝ 
██║╚██╔╝██║██╔══╝  ██║  ██║██║   ██║ ███╔╝  
██║ ╚═╝ ██║███████╗██████╔╝╚██████╔╝███████╗
╚═╝     ╚═╝╚══════╝╚═════╝  ╚═════╝ ╚══════╝

 Meduz v0.14.6.1286 ()
 This software is distributed under the General Public License v3.0

 Copyright 2018-2019, The TurtleCoin Developers

 Additional Copyright(s) may apply, please see the included LICENSE file for more information.
 If you did not receive a copy of the LICENSE, please visit:
 https://github.com/meduztrade-maker/meduzcoin/blob/main/LICENSE


2026-Sep-12 05:32:04.843372 INFO    [daemon] Program Working Directory: "/"
2026-Sep-12 05:32:04.843417 INFO    [daemon] Loading Checkpoints for faster initial sync...
2026-Sep-12 05:32:04.843427 INFO    [daemon] Loaded 0 default checkpoints
2026-Sep-12 05:32:04.843442 INFO    [RocksDBWrapper] Opening DB in /data/DB
2026-Sep-12 05:32:04.867577 INFO    [RocksDBWrapper] DB opened in /data/DB
2026-Sep-12 05:32:04.868459 INFO    [daemon] Initializing core...
2026-Sep-12 05:32:04.876929 INFO    [Core] Importing blocks from blockchain storage
2026-Sep-12 05:32:04.914420 INFO    [daemon] Core initialized OK
2026-Sep-12 05:32:04.914478 INFO    [daemon] Initializing p2p server...
2026-Sep-12 05:32:04.916401 INFO    [node_server] Priority peers configured: 0
2026-Sep-12 05:32:04.916479 INFO    [node_server] Binding on 0.0.0.0:27897
2026-Sep-12 05:32:04.916525 INFO    [node_server] Net service binded on 0.0.0.0:27897
2026-Sep-12 05:32:04.916537 INFO    [node_server] Attempting to add IGD port mapping.
2026-Sep-12 05:32:08.920022 INFO    [node_server] No IGD was found.
2026-Sep-12 05:32:08.920091 INFO    [daemon] P2p server initialized OK
2026-Sep-12 05:32:08.920102 INFO    [daemon] Starting core rpc server on address 0.0.0.0:27898
2026-Sep-12 05:32:08.920179 INFO    [daemon] Core rpc server started ok
2026-Sep-12 05:32:08.920194 INFO    [daemon] Starting p2p net loop...
2026-Sep-12 05:32:08.920203 INFO    [node_server] Starting node_server
2026-Sep-12 05:32:08.925282 INFO    [protocol] 
2026-Sep-12 05:32:08.925311 INFO    [protocol] ===[ Meduz Tip! ]=============================
2026-Sep-12 05:32:08.925321 INFO    [protocol]  Always exit meduzd and meduz-wallet with the "exit" command to preserve your chain and wallet data.
2026-Sep-12 05:32:08.925335 INFO    [protocol]  Use the "help" command to see a list of available commands.
2026-Sep-12 05:32:08.925346 INFO    [protocol]  Use the "backup" command in meduz-wallet to display your keys/seed for restoring a corrupted wallet.
2026-Sep-12 05:32:08.925369 INFO    [protocol]  If you need more assistance, you can contact us for support at https://t.me/REPLACE_WITH_YOUR_CHANNEL
2026-Sep-12 05:32:08.925381 INFO    [protocol] ===================================================
2026-Sep-12 05:32:08.925381 INFO    [protocol] 
2026-Sep-12 05:32:08.925399 INFO    [protocol] 
                                              
███╗   ███╗███████╗██████╗ ██╗   ██╗███████╗
████╗ ████║██╔════╝██╔══██╗██║   ██║╚══███╔╝
██╔████╔██║█████╗  ██║  ██║██║   ██║  ███╔╝ 
██║╚██╔╝██║██╔══╝  ██║  ██║██║   ██║ ███╔╝  
██║ ╚═╝ ██║███████╗██████╔╝╚██████╔╝███████╗
╚═╝     ╚═╝╚══════╝╚═════╝  ╚═════╝ ╚══════╝

2026-Sep-12 05:32:08.925428 INFO    [protocol] New Top Block Detected: 7951
2026-Sep-12 05:32:10.293234 INFO    [protocol] New Top Block Detected: 7952
2026-Sep-12 05:32:48.869039 INFO    [protocol] New Top Block Detected: 7953
2026-Sep-12 05:32:55.458045 INFO    [protocol] New Top Block Detected: 7954
2026-Sep-12 05:33:19.219376 INFO    [protocol] New Top Block Detected: 7955
2026-Sep-12 05:33:46.137512 INFO    [protocol] New Top Block Detected: 7956
2026-Sep-12 05:33:47.810320 INFO    [protocol] New Top Block Detected: 7957
2026-Sep-12 05:33:53.163894 INFO    [protocol] New Top Block Detected: 7958
2026-Sep-12 05:35:04.289669 INFO    [protocol] New Top Block Detected: 7959
2026-Sep-12 05:36:03.549792 INFO    [protocol] New Top Block Detected: 7960
2026-Sep-12 05:36:30.796131 INFO    [protocol] New Top Block Detected: 7961
2026-Sep-12 05:37:53.090111 INFO    [protocol] New Top Block Detected: 7962
2026-Sep-12 05:38:22.961043 INFO    [protocol] New Top Block Detected: 7963
2026-Sep-12 05:38:35.272424 INFO    [protocol] New Top Block Detected: 7964
2026-Sep-12 05:38:37.280103 INFO    [protocol] New Top Block Detected: 7965
2026-Sep-12 05:39:27.474955 INFO    [protocol] New Top Block Detected: 7966
2026-Sep-12 05:39:43.293553 INFO    [protocol] New Top Block Detected: 7967
2026-Sep-12 05:39:51.558215 INFO    [protocol] New Top Block Detected: 7968
2026-Sep-12 05:40:18.497496 INFO    [protocol] New Top Block Detected: 7969
2026-Sep-12 05:40:29.978793 INFO    [protocol] New Top Block Detected: 7970
2026-Sep-12 05:40:55.998099 INFO    [protocol] New Top Block Detected: 7971
2026-Sep-12 05:41:22.247663 INFO    [protocol] New Top Block Detected: 7972
2026-Sep-12 05:41:44.326459 INFO    [protocol] New Top Block Detected: 7973
2026-Sep-12 05:42:06.254417 INFO    [protocol] New Top Block Detected: 7975
2026-Sep-12 05:42:57.309136 INFO    [protocol] New Top Block Detected: 7976
2026-Sep-12 05:43:19.004798 INFO    [protocol] New Top Block Detected: 7977
2026-Sep-12 05:43:29.038700 INFO    [protocol] New Top Block Detected: 7978
2026-Sep-12 05:44:01.363287 INFO    [protocol] New Top Block Detected: 7979
2026-Sep-12 05:45:45.732164 INFO    [protocol] New Top Block Detected: 7980
2026-Sep-12 05:46:05.590731 INFO    [protocol] New Top Block Detected: 7981
2026-Sep-12 05:46:27.016490 INFO    [protocol] New Top Block Detected: 7982
2026-Sep-12 05:46:56.428507 INFO    [protocol] New Top Block Detected: 7983
2026-Sep-12 05:47:19.146914 INFO    [protocol] New Top Block Detected: 7984
2026-Sep-12 05:47:28.540911 INFO    [protocol] New Top Block Detected: 7985
2026-Sep-12 05:47:50.619443 INFO    [protocol] New Top Block Detected: 7986
2026-Sep-12 05:47:58.648921 INFO    [protocol] New Top Block Detected: 7987
2026-Sep-12 05:48:34.884907 INFO    [protocol] New Top Block Detected: 7988
2026-Sep-12 05:48:36.788055 INFO    [protocol] New Top Block Detected: 7990
2026-Sep-12 05:48:48.829309 INFO    [protocol] New Top Block Detected: 7991
2026-Sep-12 05:48:58.866707 INFO    [protocol] New Top Block Detected: 7992
2026-Sep-12 05:49:03.581022 INFO    [protocol] New Top Block Detected: 7993
2026-Sep-12 05:49:17.174707 INFO    [protocol] New Top Block Detected: 7994
2026-Sep-12 05:51:42.035980 INFO    [protocol] New Top Block Detected: 7995
2026-Sep-12 05:52:20.246589 INFO    [protocol] New Top Block Detected: 7996
2026-Sep-12 05:52:35.526030 INFO    [protocol] New Top Block Detected: 7997
2026-Sep-12 05:54:38.766899 INFO    [daemon] 

                                              
███╗   ███╗███████╗██████╗ ██╗   ██╗███████╗
████╗ ████║██╔════╝██╔══██╗██║   ██║╚══███╔╝
██╔████╔██║█████╗  ██║  ██║██║   ██║  ███╔╝ 
██║╚██╔╝██║██╔══╝  ██║  ██║██║   ██║ ███╔╝  
██║ ╚═╝ ██║███████╗██████╔╝╚██████╔╝███████╗
╚═╝     ╚═╝╚══════╝╚═════╝  ╚═════╝ ╚══════╝

 Meduz v0.14.6.1286 ()
 This software is distributed under the General Public License v3.0

 Copyright 2018-2019, The TurtleCoin Developers

 Additional Copyright(s) may apply, please see the included LICENSE file for more information.
 If you did not receive a copy of the LICENSE, please visit:
 https://github.com/meduztrade-maker/meduzcoin/blob/main/LICENSE


2026-Sep-12 05:54:38.768140 INFO    [daemon] Program Working Directory: "/"
2026-Sep-12 05:54:38.768202 INFO    [daemon] Loading Checkpoints for faster initial sync...
2026-Sep-12 05:54:38.768214 INFO    [daemon] Loaded 0 default checkpoints
2026-Sep-12 05:54:38.768236 INFO    [RocksDBWrapper] Opening DB in /data/DB
2026-Sep-12 05:54:38.795930 INFO    [RocksDBWrapper] DB opened in /data/DB
2026-Sep-12 05:54:38.802307 INFO    [daemon] Initializing core...
2026-Sep-12 05:54:38.851614 INFO    [Core] DB has more blocks than blockchain storage, cutting from block index: 7996
2026-Sep-12 05:54:38.851684 INFO    [Core] Cutting root segment from index 7996
2026-Sep-12 05:54:38.860022 INFO    [daemon] Core initialized OK
2026-Sep-12 05:54:38.860072 INFO    [daemon] Initializing p2p server...
2026-Sep-12 05:54:38.866340 INFO    [node_server] Priority peers configured: 0
2026-Sep-12 05:54:38.866459 INFO    [node_server] Binding on 0.0.0.0:27897
2026-Sep-12 05:54:38.866541 INFO    [node_server] Net service binded on 0.0.0.0:27897
2026-Sep-12 05:54:38.866551 INFO    [node_server] Attempting to add IGD port mapping.
2026-Sep-12 05:54:42.869876 INFO    [node_server] No IGD was found.
2026-Sep-12 05:54:42.869949 INFO    [daemon] P2p server initialized OK
2026-Sep-12 05:54:42.869960 INFO    [daemon] Starting core rpc server on address 0.0.0.0:27898
2026-Sep-12 05:54:42.870026 INFO    [daemon] Core rpc server started ok
2026-Sep-12 05:54:42.870040 INFO    [daemon] Starting p2p net loop...
2026-Sep-12 05:54:42.870049 INFO    [node_server] Starting node_server
2026-Sep-12 05:54:42.875067 INFO    [protocol] 
2026-Sep-12 05:54:42.875109 INFO    [protocol] ===[ Meduz Tip! ]=============================
2026-Sep-12 05:54:42.875120 INFO    [protocol]  Always exit meduzd and meduz-wallet with the "exit" command to preserve your chain and wallet data.
2026-Sep-12 05:54:42.875140 INFO    [protocol]  Use the "help" command to see a list of available commands.
2026-Sep-12 05:54:42.875150 INFO    [protocol]  Use the "backup" command in meduz-wallet to display your keys/seed for restoring a corrupted wallet.
2026-Sep-12 05:54:42.875161 INFO    [protocol]  If you need more assistance, you can contact us for support at https://t.me/REPLACE_WITH_YOUR_CHANNEL
2026-Sep-12 05:54:42.875172 INFO    [protocol] ===================================================
2026-Sep-12 05:54:42.875172 INFO    [protocol] 
2026-Sep-12 05:54:42.875198 INFO    [protocol] 
                                              
███╗   ███╗███████╗██████╗ ██╗   ██╗███████╗
████╗ ████║██╔════╝██╔══██╗██║   ██║╚══███╔╝
██╔████╔██║█████╗  ██║  ██║██║   ██║  ███╔╝ 
██║╚██╔╝██║██╔══╝  ██║  ██║██║   ██║ ███╔╝  
██║ ╚═╝ ██║███████╗██████╔╝╚██████╔╝███████╗
╚═╝     ╚═╝╚══════╝╚═════╝  ╚═════╝ ╚══════╝

2026-Sep-12 05:54:42.875225 INFO    [protocol] New Top Block Detected: 7996
2026-Sep-12 05:54:45.576795 INFO    [protocol] [100.64.0.4:16200 INC] Your Meduz node is syncing with the network (99.99% complete) You are 1 blocks (0 days) behind the current peer you're connected to. Slow and steady wins the race! 
2026-Sep-12 05:54:45.576848 INFO    [protocol] New Top Block Detected: 7997
2026-Sep-12 05:54:45.607179 INFO    [protocol] [100.64.0.4:16200 INC] Successfully synchronized with the Meduz Network.
2026-Sep-12 05:54:52.995256 INFO    [daemon] 

                                              
███╗   ███╗███████╗██████╗ ██╗   ██╗███████╗
████╗ ████║██╔════╝██╔══██╗██║   ██║╚══███╔╝
██╔████╔██║█████╗  ██║  ██║██║   ██║  ███╔╝ 
██║╚██╔╝██║██╔══╝  ██║  ██║██║   ██║ ███╔╝  
██║ ╚═╝ ██║███████╗██████╔╝╚██████╔╝███████╗
╚═╝     ╚═╝╚══════╝╚═════╝  ╚═════╝ ╚══════╝

 Meduz v0.14.6.1286 ()
 This software is distributed under the General Public License v3.0

 Copyright 2018-2019, The TurtleCoin Developers

 Additional Copyright(s) may apply, please see the included LICENSE file for more information.
 If you did not receive a copy of the LICENSE, please visit:
 https://github.com/meduztrade-maker/meduzcoin/blob/main/LICENSE


2026-Sep-12 05:54:52.996305 INFO    [daemon] Program Working Directory: "/"
2026-Sep-12 05:54:52.996349 INFO    [daemon] Loading Checkpoints for faster initial sync...
2026-Sep-12 05:54:52.996359 INFO    [daemon] Loaded 0 default checkpoints
2026-Sep-12 05:54:52.996374 INFO    [RocksDBWrapper] Opening DB in /data/DB
2026-Sep-12 05:54:53.023352 INFO    [RocksDBWrapper] DB opened in /data/DB
2026-Sep-12 05:54:53.024735 INFO    [daemon] Initializing core...
2026-Sep-12 05:54:53.036006 INFO    [Core] DB has more blocks than blockchain storage, cutting from block index: 7996
2026-Sep-12 05:54:53.036044 INFO    [Core] Cutting root segment from index 7996
2026-Sep-12 05:54:53.041639 INFO    [daemon] Core initialized OK
2026-Sep-12 05:54:53.041685 INFO    [daemon] Initializing p2p server...
2026-Sep-12 05:54:53.042086 INFO    [node_server] Priority peers configured: 0
2026-Sep-12 05:54:53.124769 INFO    [node_server] Binding on 0.0.0.0:27897
2026-Sep-12 05:54:53.124886 INFO    [node_server] Net service binded on 0.0.0.0:27897
2026-Sep-12 05:54:53.124897 INFO    [node_server] Attempting to add IGD port mapping.
2026-Sep-12 05:54:57.128478 INFO    [node_server] No IGD was found.
2026-Sep-12 05:54:57.128567 INFO    [daemon] P2p server initialized OK
2026-Sep-12 05:54:57.128583 INFO    [daemon] Starting core rpc server on address 0.0.0.0:27898
2026-Sep-12 05:54:57.128693 INFO    [daemon] Core rpc server started ok
2026-Sep-12 05:54:57.128714 INFO    [daemon] Starting p2p net loop...
2026-Sep-12 05:54:57.128727 INFO    [node_server] Starting node_server
2026-Sep-12 05:54:57.132847 INFO    [protocol] 
2026-Sep-12 05:54:57.132896 INFO    [protocol] ===[ Meduz Tip! ]=============================
2026-Sep-12 05:54:57.132914 INFO    [protocol]  Always exit meduzd and meduz-wallet with the "exit" command to preserve your chain and wallet data.
2026-Sep-12 05:54:57.132932 INFO    [protocol]  Use the "help" command to see a list of available commands.
2026-Sep-12 05:54:57.132946 INFO    [protocol]  Use the "backup" command in meduz-wallet to display your keys/seed for restoring a corrupted wallet.
2026-Sep-12 05:54:57.132961 INFO    [protocol]  If you need more assistance, you can contact us for support at https://t.me/REPLACE_WITH_YOUR_CHANNEL
2026-Sep-12 05:54:57.132976 INFO    [protocol] ===================================================
2026-Sep-12 05:54:57.132976 INFO    [protocol] 
2026-Sep-12 05:54:57.133001 INFO    [protocol] 
                                              
███╗   ███╗███████╗██████╗ ██╗   ██╗███████╗
████╗ ████║██╔════╝██╔══██╗██║   ██║╚══███╔╝
██╔████╔██║█████╗  ██║  ██║██║   ██║  ███╔╝ 
██║╚██╔╝██║██╔══╝  ██║  ██║██║   ██║ ███╔╝  
██║ ╚═╝ ██║███████╗██████╔╝╚██████╔╝███████╗
╚═╝     ╚═╝╚══════╝╚═════╝  ╚═════╝ ╚══════╝

2026-Sep-12 05:54:57.133041 INFO    [protocol] New Top Block Detected: 7996
2026-Sep-12 05:56:29.187963 INFO    [protocol] New Top Block Detected: 7997
2026-Sep-12 05:56:37.482862 INFO    [protocol] New Top Block Detected: 7998
2026-Sep-12 05:57:05.720381 INFO    [protocol] New Top Block Detected: 7999
2026-Sep-12 05:57:06.842735 INFO    [protocol] New Top Block Detected: 8000
2026-Sep-12 05:57:50.071016 INFO    [Core] Block 8000 (ec16bb71c9aff97ae090d4892422be551479be2f48093c557638f917ccafc8c5) added to main chain
2026-Sep-12 05:57:51.875649 INFO    [protocol] New Top Block Detected: 8001
2026-Sep-12 05:58:23.989369 INFO    [protocol] New Top Block Detected: 8002
2026-Sep-12 05:58:24.708000 INFO    [protocol] New Top Block Detected: 8003
2026-Sep-12 05:58:50.562689 INFO    [protocol] New Top Block Detected: 8004
2026-Sep-12 05:59:04.762689 INFO    [protocol] New Top Block Detected: 8005
2026-Sep-12 05:59:50.319348 INFO    [protocol] New Top Block Detected: 8006
2026-Sep-12 06:00:40.214665 INFO    [protocol] New Top Block Detected: 8007
2026-Sep-12 06:01:02.569239 INFO    [protocol] New Top Block Detected: 8008
2026-Sep-12 06:01:42.713334 INFO    [protocol] New Top Block Detected: 8009
2026-Sep-12 06:01:44.719949 INFO    [protocol] New Top Block Detected: 8010
2026-Sep-12 06:02:13.036743 INFO    [protocol] New Top Block Detected: 8011
2026-Sep-12 06:02:31.463958 INFO    [protocol] New Top Block Detected: 8012
2026-Sep-12 06:02:34.943617 INFO    [protocol] New Top Block Detected: 8013
2026-Sep-12 06:02:51.241834 INFO    [protocol] New Top Block Detected: 8014
2026-Sep-12 06:03:01.037474 INFO    [protocol] New Top Block Detected: 8015
2026-Sep-12 06:03:01.313631 INFO    [protocol] New Top Block Detected: 8016
2026-Sep-12 06:03:45.191521 INFO    [protocol] New Top Block Detected: 8017
2026-Sep-12 06:04:13.290560 INFO    [protocol] New Top Block Detected: 8018
2026-Sep-12 06:06:31.775564 INFO    [protocol] New Top Block Detected: 8019
2026-Sep-12 06:07:25.972085 INFO    [protocol] New Top Block Detected: 8020
2026-Sep-12 06:07:41.085701 INFO    [protocol] New Top Block Detected: 8021
2026-Sep-12 06:07:51.108873 INFO    [protocol] New Top Block Detected: 8022
2026-Sep-12 06:08:08.127266 INFO    [protocol] New Top Block Detected: 8023
2026-Sep-12 06:09:32.709067 INFO    [protocol] New Top Block Detected: 8024
2026-Sep-12 06:09:44.267596 INFO    [protocol] New Top Block Detected: 8025
2026-Sep-12 06:10:10.553551 INFO    [protocol] New Top Block Detected: 8026
2026-Sep-12 06:10:28.621197 INFO    [protocol] New Top Block Detected: 8027
2026-Sep-12 06:10:44.681128 INFO    [protocol] New Top Block Detected: 8028
2026-Sep-12 06:11:12.741031 INFO    [protocol] New Top Block Detected: 8029
2026-Sep-12 06:11:30.846119 INFO    [protocol] New Top Block Detected: 8030
2026-Sep-12 06:12:13.297040 INFO    [protocol] New Top Block Detected: 8031
2026-Sep-12 06:12:21.108033 INFO    [protocol] New Top Block Detected: 8032
2026-Sep-12 06:12:27.091230 INFO    [protocol] New Top Block Detected: 8033
2026-Sep-12 06:12:41.917482 INFO    [daemon] 

                                              
███╗   ███╗███████╗██████╗ ██╗   ██╗███████╗
████╗ ████║██╔════╝██╔══██╗██║   ██║╚══███╔╝
██╔████╔██║█████╗  ██║  ██║██║   ██║  ███╔╝ 
██║╚██╔╝██║██╔══╝  ██║  ██║██║   ██║ ███╔╝  
██║ ╚═╝ ██║███████╗██████╔╝╚██████╔╝███████╗
╚═╝     ╚═╝╚══════╝╚═════╝  ╚═════╝ ╚══════╝

 Meduz v0.14.6.1286 ()
 This software is distributed under the General Public License v3.0

 Copyright 2018-2019, The TurtleCoin Developers

 Additional Copyright(s) may apply, please see the included LICENSE file for more information.
 If you did not receive a copy of the LICENSE, please visit:
 https://github.com/meduztrade-maker/meduzcoin/blob/main/LICENSE


2026-Sep-12 06:12:41.918606 INFO    [daemon] Program Working Directory: "/"
2026-Sep-12 06:12:41.918655 INFO    [daemon] Loading Checkpoints for faster initial sync...
2026-Sep-12 06:12:41.918665 INFO    [daemon] Loaded 0 default checkpoints
2026-Sep-12 06:12:41.918680 INFO    [RocksDBWrapper] Opening DB in /data/DB
2026-Sep-12 06:12:41.935237 INFO    [RocksDBWrapper] DB opened in /data/DB
2026-Sep-12 06:12:41.937388 INFO    [daemon] Initializing core...
2026-Sep-12 06:12:41.971045 INFO    [Core] DB has more blocks than blockchain storage, cutting from block index: 8032
2026-Sep-12 06:12:41.971102 INFO    [Core] Cutting root segment from index 8032
2026-Sep-12 06:12:41.984614 INFO    [daemon] Core initialized OK
2026-Sep-12 06:12:41.984672 INFO    [daemon] Initializing p2p server...
2026-Sep-12 06:12:41.990945 INFO    [node_server] Priority peers configured: 0
2026-Sep-12 06:12:41.991460 INFO    [node_server] Binding on 0.0.0.0:27897
2026-Sep-12 06:12:41.991512 INFO    [node_server] Net service binded on 0.0.0.0:27897
2026-Sep-12 06:12:41.991524 INFO    [node_server] Attempting to add IGD port mapping.
2026-Sep-12 06:12:45.995913 INFO    [node_server] No IGD was found.
2026-Sep-12 06:12:45.995994 INFO    [daemon] P2p server initialized OK
2026-Sep-12 06:12:45.996009 INFO    [daemon] Starting core rpc server on address 0.0.0.0:27898
2026-Sep-12 06:12:45.996080 INFO    [daemon] Core rpc server started ok
2026-Sep-12 06:12:45.996098 INFO    [daemon] Starting p2p net loop...
2026-Sep-12 06:12:45.996110 INFO    [node_server] Starting node_server
2026-Sep-12 06:12:46.001612 INFO    [protocol] 
2026-Sep-12 06:12:46.001655 INFO    [protocol] ===[ Meduz Tip! ]=============================
2026-Sep-12 06:12:46.001669 INFO    [protocol]  Always exit meduzd and meduz-wallet with the "exit" command to preserve your chain and wallet data.
2026-Sep-12 06:12:46.001687 INFO    [protocol]  Use the "help" command to see a list of available commands.
2026-Sep-12 06:12:46.001701 INFO    [protocol]  Use the "backup" command in meduz-wallet to display your keys/seed for restoring a corrupted wallet.
2026-Sep-12 06:12:46.001716 INFO    [protocol]  If you need more assistance, you can contact us for support at https://t.me/REPLACE_WITH_YOUR_CHANNEL
2026-Sep-12 06:12:46.001731 INFO    [protocol] ===================================================
2026-Sep-12 06:12:46.001731 INFO    [protocol] 
2026-Sep-12 06:12:46.001782 INFO    [protocol] 
                                              
███╗   ███╗███████╗██████╗ ██╗   ██╗███████╗
████╗ ████║██╔════╝██╔══██╗██║   ██║╚══███╔╝
██╔████╔██║█████╗  ██║  ██║██║   ██║  ███╔╝ 
██║╚██╔╝██║██╔══╝  ██║  ██║██║   ██║ ███╔╝  
██║ ╚═╝ ██║███████╗██████╔╝╚██████╔╝███████╗
╚═╝     ╚═╝╚══════╝╚═════╝  ╚═════╝ ╚══════╝

2026-Sep-12 06:12:46.001821 INFO    [protocol] New Top Block Detected: 8032
2026-Sep-12 06:12:48.764057 INFO    [protocol] [100.64.0.4:43496 INC] Your Meduz node is syncing with the network (99.99% complete) You are 1 blocks (0 days) behind the current peer you're connected to. Slow and steady wins the race! 
2026-Sep-12 06:12:48.764134 INFO    [protocol] New Top Block Detected: 8033
2026-Sep-12 06:12:48.876149 INFO    [protocol] [100.64.0.4:43496 INC] Successfully synchronized with the Meduz Network.
2026-Sep-12 06:13:21.336875 INFO    [protocol] New Top Block Detected: 8034
2026-Sep-12 06:13:31.374988 INFO    [protocol] New Top Block Detected: 8035
2026-Sep-12 06:13:39.401894 INFO    [protocol] New Top Block Detected: 8036
2026-Sep-12 06:13:41.408372 INFO    [protocol] New Top Block Detected: 8037
2026-Sep-12 06:13:53.251770 INFO    [protocol] New Top Block Detected: 8038
2026-Sep-12 06:14:49.367412 INFO    [protocol] New Top Block Detected: 8039
2026-Sep-12 06:14:51.670390 INFO    [protocol] New Top Block Detected: 8040
2026-Sep-12 06:14:59.136223 INFO    [protocol] New Top Block Detected: 8041
2026-Sep-12 06:16:34.045312 INFO    [protocol] New Top Block Detected: 8042
2026-Sep-12 06:16:40.484361 INFO    [protocol] New Top Block Detected: 8043
2026-Sep-12 06:17:32.325283 INFO    [protocol] New Top Block Detected: 8044
2026-Sep-12 06:18:36.964334 INFO    [protocol] New Top Block Detected: 8045
2026-Sep-12 06:19:01.888991 INFO    [protocol] New Top Block Detected: 8046
2026-Sep-12 06:19:03.509600 INFO    [protocol] New Top Block Detected: 8047
2026-Sep-12 06:19:42.831820 INFO    [protocol] New Top Block Detected: 8048
2026-Sep-12 06:20:02.357232 INFO    [protocol] New Top Block Detected: 8049
2026-Sep-12 06:20:20.971569 INFO    [protocol] New Top Block Detected: 8050
2026-Sep-12 06:20:31.033291 INFO    [protocol] New Top Block Detected: 8051
2026-Sep-12 06:20:37.051545 INFO    [protocol] New Top Block Detected: 8052
2026-Sep-12 06:21:01.138817 INFO    [protocol] New Top Block Detected: 8053
2026-Sep-12 06:26:20.954093 INFO    [protocol] New Top Block Detected: 8054
2026-Sep-12 06:26:48.841082 INFO    [protocol] New Top Block Detected: 8055
2026-Sep-12 06:27:54.648085 INFO    [protocol] New Top Block Detected: 8056
2026-Sep-12 06:28:20.742996 INFO    [protocol] New Top Block Detected: 8057
2026-Sep-12 06:29:08.837087 INFO    [protocol] New Top Block Detected: 8058
2026-Sep-12 06:29:19.969360 INFO    [protocol] New Top Block Detected: 8059
2026-Sep-12 06:29:32.989793 INFO    [protocol] New Top Block Detected: 8060
2026-Sep-12 06:29:41.033825 INFO    [protocol] New Top Block Detected: 8061
2026-Sep-12 06:29:57.093554 INFO    [protocol] New Top Block Detected: 8062
2026-Sep-12 06:30:27.219218 INFO    [protocol] New Top Block Detected: 8063
2026-Sep-12 06:30:33.240786 INFO    [protocol] New Top Block Detected: 8064
2026-Sep-12 06:31:11.184851 INFO    [protocol] New Top Block Detected: 8065
2026-Sep-12 06:33:03.837247 INFO    [protocol] New Top Block Detected: 8066
2026-Sep-12 06:34:09.376922 INFO    [protocol] New Top Block Detected: 8067
2026-Sep-12 06:34:20.138160 INFO    [protocol] New Top Block Detected: 8068
2026-Sep-12 06:34:30.176246 INFO    [protocol] New Top Block Detected: 8069
2026-Sep-12 06:35:00.287439 INFO    [protocol] New Top Block Detected: 8070
2026-Sep-12 06:35:14.336513 INFO    [protocol] New Top Block Detected: 8071
2026-Sep-12 06:35:54.482788 INFO    [protocol] New Top Block Detected: 8072
2026-Sep-12 06:35:54.610639 INFO    [protocol] New Top Block Detected: 8073
2026-Sep-12 06:35:58.496668 INFO    [protocol] New Top Block Detected: 8074
2026-Sep-12 06:36:06.525838 INFO    [protocol] New Top Block Detected: 8075
2026-Sep-12 06:36:12.286508 INFO    [protocol] New Top Block Detected: 8076
2026-Sep-12 06:36:38.636836 INFO    [protocol] New Top Block Detected: 8077
2026-Sep-12 06:36:42.648461 INFO    [protocol] New Top Block Detected: 8078
2026-Sep-12 06:37:19.647754 INFO    [protocol] New Top Block Detected: 8079
2026-Sep-12 06:38:37.042263 INFO    [protocol] New Top Block Detected: 8080
2026-Sep-12 06:39:05.147811 INFO    [protocol] New Top Block Detected: 8082
2026-Sep-12 06:39:17.189736 INFO    [protocol] New Top Block Detected: 8083
2026-Sep-12 06:39:23.211077 INFO    [protocol] New Top Block Detected: 8084
2026-Sep-12 06:39:27.225431 INFO    [protocol] New Top Block Detected: 8085
2026-Sep-12 06:40:11.392158 INFO    [protocol] New Top Block Detected: 8086
2026-Sep-12 06:40:29.466585 INFO    [protocol] New Top Block Detected: 8087
2026-Sep-12 06:40:39.503853 INFO    [protocol] New Top Block Detected: 8088
2026-Sep-12 06:44:32.360854 INFO    [protocol] New Top Block Detected: 8089
2026-Sep-12 06:45:32.608071 INFO    [protocol] New Top Block Detected: 8090
2026-Sep-12 06:45:42.653629 INFO    [protocol] New Top Block Detected: 8091
2026-Sep-12 06:46:24.838449 INFO    [protocol] New Top Block Detected: 8092
2026-Sep-12 06:46:34.877384 INFO    [protocol] New Top Block Detected: 8093
2026-Sep-12 06:46:37.321415 INFO    [protocol] New Top Block Detected: 8094
2026-Sep-12 06:46:48.991774 INFO    [protocol] New Top Block Detected: 8095
2026-Sep-12 06:47:25.429619 INFO    [protocol] New Top Block Detected: 8096
2026-Sep-12 06:49:31.149412 INFO    [protocol] New Top Block Detected: 8097
2026-Sep-12 06:49:35.224232 INFO    [protocol] New Top Block Detected: 8098
2026-Sep-12 06:49:45.709856 INFO    [protocol] New Top Block Detected: 8099
2026-Sep-12 06:50:15.820046 INFO    [protocol] New Top Block Detected: 8100
2026-Sep-12 06:50:33.086259 INFO    [protocol] New Top Block Detected: 8101
2026-Sep-12 06:50:33.101699 INFO    [Core] Block 8100 (e37ad2e2e11300c950a64bffd09adc932ff7429e14f57802377d46d1e1a49d6a) added to main chain
2026-Sep-12 06:50:45.948260 INFO    [protocol] New Top Block Detected: 8102
2026-Sep-12 06:50:50.631172 INFO    [protocol] New Top Block Detected: 8103
2026-Sep-12 06:51:03.289201 INFO    [protocol] New Top Block Detected: 8104
2026-Sep-12 06:51:08.994256 INFO    [protocol] New Top Block Detected: 8105
2026-Sep-12 06:51:57.284505 INFO    [protocol] New Top Block Detected: 8106
2026-Sep-12 06:52:51.299125 INFO    [protocol] New Top Block Detected: 8107
2026-Sep-12 06:53:00.378949 INFO    [protocol] New Top Block Detected: 8108
2026-Sep-12 06:53:08.532802 INFO    [protocol] New Top Block Detected: 8109
2026-Sep-12 06:53:10.517119 INFO    [protocol] New Top Block Detected: 8110
2026-Sep-12 06:53:16.574380 INFO    [protocol] New Top Block Detected: 8111
2026-Sep-12 06:53:24.611026 INFO    [protocol] New Top Block Detected: 8112
2026-Sep-12 06:53:40.638392 INFO    [protocol] New Top Block Detected: 8113
2026-Sep-12 06:53:47.705821 INFO    [protocol] New Top Block Detected: 8114
2026-Sep-12 06:53:56.733577 INFO    [protocol] New Top Block Detected: 8115
2026-Sep-12 06:54:10.994550 INFO    [protocol] New Top Block Detected: 8116
2026-Sep-12 06:54:54.969059 INFO    [protocol] New Top Block Detected: 8117
2026-Sep-12 06:57:17.570488 INFO    [protocol] New Top Block Detected: 8118
2026-Sep-12 06:57:47.692057 INFO    [protocol] New Top Block Detected: 8119
2026-Sep-12 06:58:39.938025 INFO    [protocol] New Top Block Detected: 8120
2026-Sep-12 06:59:17.928155 INFO    [protocol] New Top Block Detected: 8121
2026-Sep-12 07:00:43.828736 INFO    [protocol] New Top Block Detected: 8122
2026-Sep-12 07:00:56.455128 INFO    [protocol] New Top Block Detected: 8123
2026-Sep-12 07:02:50.916339 INFO    [protocol] New Top Block Detected: 8124
2026-Sep-12 07:03:08.983508 INFO    [protocol] New Top Block Detected: 8125
2026-Sep-12 07:03:34.588795 INFO    [protocol] New Top Block Detected: 8126
2026-Sep-12 07:04:10.558618 INFO    [protocol] New Top Block Detected: 8127
2026-Sep-12 07:04:55.075175 INFO    [protocol] New Top Block Detected: 8128
2026-Sep-12 07:05:23.512961 INFO    [protocol] New Top Block Detected: 8129
2026-Sep-12 07:05:33.423654 INFO    [protocol] New Top Block Detected: 8130
2026-Sep-12 07:06:58.532694 INFO    [protocol] New Top Block Detected: 8131
2026-Sep-12 07:07:13.920677 INFO    [protocol] New Top Block Detected: 8132
2026-Sep-12 07:08:17.435504 INFO    [protocol] New Top Block Detected: 8133
2026-Sep-12 07:08:25.421783 INFO    [protocol] New Top Block Detected: 8134
2026-Sep-12 07:08:58.306417 INFO    [protocol] New Top Block Detected: 8135
2026-Sep-12 07:09:13.815013 INFO    [protocol] New Top Block Detected: 8136
2026-Sep-12 07:09:20.894524 INFO    [protocol] New Top Block Detected: 8137
2026-Sep-12 07:09:26.471606 INFO    [protocol] New Top Block Detected: 8138
2026-Sep-12 07:09:58.587700 INFO    [protocol] New Top Block Detected: 8139
2026-Sep-12 07:10:11.635531 INFO    [protocol] New Top Block Detected: 8140
2026-Sep-12 07:10:32.718479 INFO    [protocol] New Top Block Detected: 8141
2026-Sep-12 07:10:51.226917 INFO    [protocol] New Top Block Detected: 8142
2026-Sep-12 07:11:38.885437 INFO    [protocol] New Top Block Detected: 8144
2026-Sep-12 07:12:03.041438 INFO    [protocol] New Top Block Detected: 8145
2026-Sep-12 07:12:59.292100 INFO    [protocol] New Top Block Detected: 8147
2026-Sep-12 07:15:48.392784 INFO    [protocol] New Top Block Detected: 8148
2026-Sep-12 07:16:14.161542 INFO    [protocol] New Top Block Detected: 8150
2026-Sep-12 07:16:18.179294 INFO    [protocol] New Top Block Detected: 8151
2026-Sep-12 07:16:31.207028 INFO    [protocol] New Top Block Detected: 8152
2026-Sep-12 07:16:31.953158 INFO    [protocol] New Top Block Detected: 8153
2026-Sep-12 07:16:40.218488 INFO    [protocol] New Top Block Detected: 8154
2026-Sep-12 07:17:39.574445 INFO    [protocol] New Top Block Detected: 8155
2026-Sep-12 07:18:14.648952 INFO    [protocol] New Top Block Detected: 8156
2026-Sep-12 07:18:58.823484 INFO    [protocol] New Top Block Detected: 8157
2026-Sep-12 07:19:23.091653 INFO    [protocol] New Top Block Detected: 8158
2026-Sep-12 07:19:52.293947 INFO    [protocol] New Top Block Detected: 8159
2026-Sep-12 07:20:05.465583 INFO    [protocol] New Top Block Detected: 8160
2026-Sep-12 07:20:28.275380 INFO    [protocol] New Top Block Detected: 8161
2026-Sep-12 07:20:53.323664 INFO    [protocol] New Top Block Detected: 8162
2026-Sep-12 07:22:01.525124 INFO    [protocol] New Top Block Detected: 8163
2026-Sep-12 07:22:43.599990 INFO    [protocol] New Top Block Detected: 8164
2026-Sep-12 07:22:55.729536 INFO    [protocol] New Top Block Detected: 8165
2026-Sep-12 07:23:01.752990 INFO    [protocol] New Top Block Detected: 8166
2026-Sep-12 07:24:07.965470 INFO    [protocol] New Top Block Detected: 8167
2026-Sep-12 07:24:26.061280 INFO    [protocol] New Top Block Detected: 8168
2026-Sep-12 07:24:50.146806 INFO    [protocol] New Top Block Detected: 8169
2026-Sep-12 07:24:53.027233 INFO    [protocol] New Top Block Detected: 8170
2026-Sep-12 07:25:14.928552 INFO    [protocol] New Top Block Detected: 8171
2026-Sep-12 07:26:02.415563 INFO    [protocol] New Top Block Detected: 8172
2026-Sep-12 07:26:07.139743 INFO    [protocol] New Top Block Detected: 8173
2026-Sep-12 07:26:50.606885 INFO    [protocol] New Top Block Detected: 8174
2026-Sep-12 07:28:18.933809 INFO    [protocol] New Top Block Detected: 8175
2026-Sep-12 07:30:33.479695 INFO    [protocol] New Top Block Detected: 8176
2026-Sep-12 07:31:23.931989 INFO    [protocol] New Top Block Detected: 8177
2026-Sep-12 07:31:29.920070 INFO    [protocol] New Top Block Detected: 8178
2026-Sep-12 07:31:31.691579 INFO    [protocol] New Top Block Detected: 8179
2026-Sep-12 07:31:41.348340 INFO    [protocol] New Top Block Detected: 8180
2026-Sep-12 07:31:55.777590 INFO    [protocol] New Top Block Detected: 8181
2026-Sep-12 07:32:19.863112 INFO    [protocol] New Top Block Detected: 8182
2026-Sep-12 07:32:21.021611 INFO    [protocol] New Top Block Detected: 8183
2026-Sep-12 07:32:23.875931 INFO    [protocol] New Top Block Detected: 8184
2026-Sep-12 07:33:18.372564 INFO    [protocol] New Top Block Detected: 8185
2026-Sep-12 07:33:36.732297 INFO    [protocol] New Top Block Detected: 8186
2026-Sep-12 07:33:40.012431 INFO    [protocol] New Top Block Detected: 8187
2026-Sep-12 07:33:54.216147 INFO    [protocol] New Top Block Detected: 8188
2026-Sep-12 07:34:04.250016 INFO    [protocol] New Top Block Detected: 8189
2026-Sep-12 07:34:46.323051 INFO    [protocol] New Top Block Detected: 8190
2026-Sep-12 07:35:16.518812 INFO    [protocol] New Top Block Detected: 8191
2026-Sep-12 07:35:18.405742 INFO    [protocol] New Top Block Detected: 8192
2026-Sep-12 07:37:37.003737 INFO    [protocol] New Top Block Detected: 8193
2026-Sep-12 07:38:27.186346 INFO    [protocol] New Top Block Detected: 8194
2026-Sep-12 07:39:02.040616 INFO    [protocol] New Top Block Detected: 8195
2026-Sep-12 07:39:27.322308 INFO    [protocol] New Top Block Detected: 8196
2026-Sep-12 07:39:48.181601 INFO    [protocol] New Top Block Detected: 8197
2026-Sep-12 07:39:55.611848 INFO    [protocol] New Top Block Detected: 8198
2026-Sep-12 07:39:57.831190 INFO    [protocol] New Top Block Detected: 8199
2026-Sep-12 07:40:03.541933 INFO    [protocol] New Top Block Detected: 8200
2026-Sep-12 07:40:14.402231 INFO    [protocol] New Top Block Detected: 8201
2026-Sep-12 07:40:14.414443 INFO    [Core] Block 8200 (ea289028b77e3c6d66cb73c23d6121e0973edcf1aecdb1b3f540384f28828edd) added to main chain
2026-Sep-12 07:40:43.765656 INFO    [protocol] New Top Block Detected: 8202
2026-Sep-12 07:41:07.850526 INFO    [protocol] New Top Block Detected: 8203
2026-Sep-12 07:41:55.854760 INFO    [protocol] New Top Block Detected: 8204
2026-Sep-12 07:42:06.053352 INFO    [protocol] New Top Block Detected: 8205
2026-Sep-12 07:43:08.265895 INFO    [protocol] New Top Block Detected: 8206
2026-Sep-12 07:43:22.308901 INFO    [protocol] New Top Block Detected: 8207
2026-Sep-12 07:43:31.551308 INFO    [protocol] New Top Block Detected: 8208
2026-Sep-12 07:43:32.732389 INFO    [protocol] New Top Block Detected: 8209
2026-Sep-12 07:44:00.453541 INFO    [protocol] New Top Block Detected: 8210
2026-Sep-12 07:44:25.145954 INFO    [protocol] New Top Block Detected: 8211
2026-Sep-12 07:44:38.621702 INFO    [protocol] New Top Block Detected: 8212
2026-Sep-12 07:45:46.568345 INFO    [protocol] New Top Block Detected: 8213
2026-Sep-12 07:45:56.403264 INFO    [protocol] New Top Block Detected: 8214
2026-Sep-12 07:46:03.418740 INFO    [protocol] New Top Block Detected: 8215
2026-Sep-12 07:46:06.982995 INFO    [protocol] New Top Block Detected: 8216
2026-Sep-12 07:46:32.103214 INFO    [protocol] New Top Block Detected: 8217
2026-Sep-12 07:46:58.205433 INFO    [protocol] New Top Block Detected: 8218
2026-Sep-12 07:47:19.105236 INFO    [protocol] New Top Block Detected: 8219
2026-Sep-12 07:47:36.555763 INFO    [protocol] New Top Block Detected: 8220
2026-Sep-12 07:48:48.643703 INFO    [protocol] New Top Block Detected: 8221
2026-Sep-12 07:50:39.968927 INFO    [protocol] New Top Block Detected: 8222
2026-Sep-12 07:51:21.240347 INFO    [protocol] New Top Block Detected: 8223
2026-Sep-12 07:52:19.473038 INFO    [protocol] New Top Block Detected: 8224
2026-Sep-12 07:52:45.575432 INFO    [protocol] New Top Block Detected: 8225
2026-Sep-12 07:53:53.406191 INFO    [protocol] New Top Block Detected: 8226
2026-Sep-12 07:54:12.952728 INFO    [protocol] New Top Block Detected: 8227
2026-Sep-12 07:54:59.183827 INFO    [protocol] New Top Block Detected: 8228
2026-Sep-12 07:55:16.175008 INFO    [protocol] New Top Block Detected: 8229
2026-Sep-12 07:55:26.057561 INFO    [protocol] New Top Block Detected: 8230
2026-Sep-12 07:56:08.373538 INFO    [protocol] New Top Block Detected: 8231
2026-Sep-12 07:56:14.778813 INFO    [protocol] New Top Block Detected: 8232
2026-Sep-12 07:56:38.477668 INFO    [protocol] New Top Block Detected: 8233
2026-Sep-12 07:56:41.068842 INFO    [protocol] New Top Block Detected: 8234
2026-Sep-12 07:56:43.989130 INFO    [protocol] New Top Block Detected: 8235
2026-Sep-12 07:57:43.265090 INFO    [protocol] New Top Block Detected: 8236
2026-Sep-12 07:58:00.762835 INFO    [protocol] New Top Block Detected: 8237
2026-Sep-12 07:58:12.807873 INFO    [protocol] New Top Block Detected: 8238
2026-Sep-12 07:58:49.034747 INFO    [protocol] New Top Block Detected: 8239
2026-Sep-12 07:58:58.180326 INFO    [protocol] New Top Block Detected: 8240
2026-Sep-12 07:59:14.704853 INFO    [protocol] New Top Block Detected: 8241
2026-Sep-12 07:59:35.948043 INFO    [protocol] New Top Block Detected: 8242
2026-Sep-12 07:59:45.183994 INFO    [protocol] New Top Block Detected: 8243
2026-Sep-12 08:00:59.451888 INFO    [protocol] New Top Block Detected: 8244
2026-Sep-12 08:01:27.556454 INFO    [protocol] New Top Block Detected: 8245
2026-Sep-12 08:01:54.884552 INFO    [protocol] New Top Block Detected: 8246
2026-Sep-12 08:03:15.923080 INFO    [protocol] New Top Block Detected: 8247
2026-Sep-12 08:03:44.022292 INFO    [protocol] New Top Block Detected: 8248
2026-Sep-12 08:03:52.245254 INFO    [protocol] New Top Block Detected: 8249
2026-Sep-12 08:04:02.812583 INFO    [protocol] New Top Block Detected: 8250
2026-Sep-12 08:04:34.220343 INFO    [protocol] New Top Block Detected: 8251
2026-Sep-12 08:06:22.622927 INFO    [protocol] New Top Block Detected: 8252
2026-Sep-12 08:06:42.696803 INFO    [protocol] New Top Block Detected: 8253
2026-Sep-12 08:06:56.815042 INFO    [protocol] New Top Block Detected: 8254
2026-Sep-12 08:09:27.358072 INFO    [protocol] New Top Block Detected: 8255
2026-Sep-12 08:09:41.406153 INFO    [protocol] New Top Block Detected: 8256
2026-Sep-12 08:10:29.583462 INFO    [protocol] New Top Block Detected: 8257
2026-Sep-12 08:10:35.606497 INFO    [protocol] New Top Block Detected: 8258
2026-Sep-12 08:10:37.613205 INFO    [protocol] New Top Block Detected: 8259
2026-Sep-12 08:11:20.630134 INFO    [protocol] New Top Block Detected: 8260
2026-Sep-12 08:12:25.704495 INFO    [protocol] New Top Block Detected: 8261
2026-Sep-12 08:12:49.338739 INFO    [protocol] New Top Block Detected: 8262
2026-Sep-12 08:14:14.499491 INFO    [protocol] New Top Block Detected: 8263
2026-Sep-12 08:14:24.548662 INFO    [protocol] New Top Block Detected: 8264
2026-Sep-12 08:14:42.629329 INFO    [protocol] New Top Block Detected: 8265
2026-Sep-12 08:15:04.820732 INFO    [protocol] New Top Block Detected: 8266
2026-Sep-12 08:15:46.887390 INFO    [protocol] New Top Block Detected: 8267
2026-Sep-12 08:15:56.921879 INFO    [protocol] New Top Block Detected: 8268
2026-Sep-12 08:15:58.987283 INFO    [protocol] New Top Block Detected: 8269
2026-Sep-12 08:16:19.070996 INFO    [protocol] New Top Block Detected: 8270
2026-Sep-12 08:17:05.238311 INFO    [protocol] New Top Block Detected: 8271
2026-Sep-12 08:17:53.739065 INFO    [protocol] New Top Block Detected: 8272
2026-Sep-12 08:18:51.621110 INFO    [protocol] New Top Block Detected: 8273
2026-Sep-12 08:19:47.137968 INFO    [protocol] New Top Block Detected: 8274
2026-Sep-12 08:19:51.124241 INFO    [protocol] New Top Block Detected: 8275
2026-Sep-12 08:19:57.881113 INFO    [protocol] New Top Block Detected: 8276
2026-Sep-12 08:20:13.991299 INFO    [protocol] New Top Block Detected: 8277
2026-Sep-12 08:20:34.063690 INFO    [protocol] New Top Block Detected: 8278
2026-Sep-12 08:20:36.069156 INFO    [protocol] New Top Block Detected: 8279
2026-Sep-12 08:21:30.269351 INFO    [protocol] New Top Block Detected: 8280
2026-Sep-12 08:21:47.132533 INFO    [protocol] New Top Block Detected: 8281
2026-Sep-12 08:22:02.378920 INFO    [protocol] New Top Block Detected: 8282
2026-Sep-12 08:22:08.763282 INFO    [protocol] New Top Block Detected: 8283
2026-Sep-12 08:22:24.456838 INFO    [protocol] New Top Block Detected: 8284
2026-Sep-12 08:22:28.469481 INFO    [protocol] New Top Block Detected: 8285
2026-Sep-12 08:23:22.652137 INFO    [protocol] New Top Block Detected: 8286
2026-Sep-12 08:23:47.747476 INFO    [protocol] New Top Block Detected: 8287
2026-Sep-12 08:23:58.784079 INFO    [protocol] New Top Block Detected: 8288
2026-Sep-12 08:24:36.210078 INFO    [protocol] New Top Block Detected: 8289
2026-Sep-12 08:24:37.272333 INFO    [protocol] New Top Block Detected: 8290
2026-Sep-12 08:25:00.690746 INFO    [protocol] New Top Block Detected: 8291
2026-Sep-12 08:26:31.338498 INFO    [protocol] New Top Block Detected: 8292
2026-Sep-12 08:27:32.605414 INFO    [protocol] New Top Block Detected: 8293
2026-Sep-12 08:27:54.070714 INFO    [protocol] New Top Block Detected: 8294
2026-Sep-12 08:28:29.776289 INFO    [protocol] New Top Block Detected: 8295
2026-Sep-12 08:28:49.892852 INFO    [protocol] New Top Block Detected: 8296
2026-Sep-12 08:29:01.938939 INFO    [protocol] New Top Block Detected: 8297
2026-Sep-12 08:29:28.034552 INFO    [protocol] New Top Block Detected: 8298
2026-Sep-12 08:30:30.593037 INFO    [protocol] New Top Block Detected: 8299
2026-Sep-12 08:30:40.630175 INFO    [protocol] New Top Block Detected: 8300
2026-Sep-12 08:30:56.627910 INFO    [protocol] New Top Block Detected: 8301
2026-Sep-12 08:30:56.640702 INFO    [Core] Block 8300 (5b26f8bb03730f826648c029fb81cea5b75ebd94b52dc0125cfcba647523c7b4) added to main chain
2026-Sep-12 08:31:08.409591 INFO    [protocol] New Top Block Detected: 8302
2026-Sep-12 08:31:29.770645 INFO    [protocol] New Top Block Detected: 8303
2026-Sep-12 08:31:30.494281 INFO    [protocol] New Top Block Detected: 8304
2026-Sep-12 08:32:12.102358 INFO    [protocol] New Top Block Detected: 8305
2026-Sep-12 08:33:18.932699 INFO    [protocol] New Top Block Detected: 8306
2026-Sep-12 08:33:45.025734 INFO    [protocol] New Top Block Detected: 8307
2026-Sep-12 08:33:53.106396 INFO    [protocol] New Top Block Detected: 8308
2026-Sep-12 08:35:43.537115 INFO    [protocol] New Top Block Detected: 8309
2026-Sep-12 08:36:17.658072 INFO    [protocol] New Top Block Detected: 8310
2026-Sep-12 08:36:57.862943 INFO    [protocol] New Top Block Detected: 8311
2026-Sep-12 08:37:12.194058 INFO    [protocol] New Top Block Detected: 8312
2026-Sep-12 08:37:35.939276 INFO    [protocol] New Top Block Detected: 8313
2026-Sep-12 08:37:37.946751 INFO    [protocol] New Top Block Detected: 8314
2026-Sep-12 08:38:31.187264 INFO    [protocol] New Top Block Detected: 8316
2026-Sep-12 08:38:53.263905 INFO    [protocol] New Top Block Detected: 8317
2026-Sep-12 08:39:07.981427 INFO    [protocol] New Top Block Detected: 8318
2026-Sep-12 08:39:51.456868 INFO    [protocol] New Top Block Detected: 8319
2026-Sep-12 08:40:21.774617 INFO    [protocol] New Top Block Detected: 8320
2026-Sep-12 08:40:27.590256 INFO    [protocol] New Top Block Detected: 8321
2026-Sep-12 08:41:05.748682 INFO    [protocol] New Top Block Detected: 8322
2026-Sep-12 08:41:28.880651 INFO    [protocol] New Top Block Detected: 8323
2026-Sep-12 08:41:59.977892 INFO    [protocol] New Top Block Detected: 8324
2026-Sep-12 08:42:31.063712 INFO    [protocol] New Top Block Detected: 8325
2026-Sep-12 08:42:40.328108 INFO    [protocol] New Top Block Detected: 8326
2026-Sep-12 08:42:46.016261 INFO    [protocol] New Top Block Detected: 8327
2026-Sep-12 08:42:52.065113 INFO    [protocol] New Top Block Detected: 8328
2026-Sep-12 08:43:17.138281 INFO    [protocol] New Top Block Detected: 8329
2026-Sep-12 08:43:46.813690 INFO    [protocol] New Top Block Detected: 8330
2026-Sep-12 08:45:58.957375 INFO    [protocol] New Top Block Detected: 8331
2026-Sep-12 08:46:41.121127 INFO    [protocol] New Top Block Detected: 8332
2026-Sep-12 08:48:15.510240 INFO    [protocol] New Top Block Detected: 8333
2026-Sep-12 08:48:26.102567 INFO    [protocol] New Top Block Detected: 8334
2026-Sep-12 08:49:11.449877 INFO    [protocol] New Top Block Detected: 8335
2026-Sep-12 08:49:25.665518 INFO    [protocol] New Top Block Detected: 8336
2026-Sep-12 08:49:43.844528 INFO    [protocol] New Top Block Detected: 8337
2026-Sep-12 08:50:12.896514 INFO    [protocol] New Top Block Detected: 8338
2026-Sep-12 08:50:37.712336 INFO    [protocol] New Top Block Detected: 8339
2026-Sep-12 08:51:54.369639 INFO    [protocol] New Top Block Detected: 8340
2026-Sep-12 08:52:48.610402 INFO    [protocol] New Top Block Detected: 8341
2026-Sep-12 08:53:27.424939 INFO    [protocol] New Top Block Detected: 8342
2026-Sep-12 08:53:49.606415 INFO    [protocol] New Top Block Detected: 8344
2026-Sep-12 08:53:50.846248 INFO    [protocol] New Top Block Detected: 8345
2026-Sep-12 08:54:00.882050 INFO    [protocol] New Top Block Detected: 8346
2026-Sep-12 08:55:27.191371 INFO    [protocol] New Top Block Detected: 8347
2026-Sep-12 08:55:31.205472 INFO    [protocol] New Top Block Detected: 8348
2026-Sep-12 08:55:51.280380 INFO    [protocol] New Top Block Detected: 8349
2026-Sep-12 08:56:31.423909 INFO    [protocol] New Top Block Detected: 8350
2026-Sep-12 08:57:25.616263 INFO    [protocol] New Top Block Detected: 8351
2026-Sep-12 08:57:29.629241 INFO    [protocol] New Top Block Detected: 8352
2026-Sep-12 08:57:45.685585 INFO    [protocol] New Top Block Detected: 8353
2026-Sep-12 08:57:57.736777 INFO    [protocol] New Top Block Detected: 8354
2026-Sep-12 08:58:25.834599 INFO    [protocol] New Top Block Detected: 8355
2026-Sep-12 08:58:50.103971 INFO    [protocol] New Top Block Detected: 8356
2026-Sep-12 08:59:08.290638 INFO    [protocol] New Top Block Detected: 8357
2026-Sep-12 09:01:02.076222 INFO    [protocol] New Top Block Detected: 8358
2026-Sep-12 09:01:12.479212 INFO    [protocol] New Top Block Detected: 8359
2026-Sep-12 09:02:16.725835 INFO    [protocol] New Top Block Detected: 8360
2026-Sep-12 09:04:11.162416 INFO    [protocol] New Top Block Detected: 8361
2026-Sep-12 09:05:07.391629 INFO    [protocol] New Top Block Detected: 8362
2026-Sep-12 09:05:09.402870 INFO    [protocol] New Top Block Detected: 8363
2026-Sep-12 09:06:24.631585 INFO    [protocol] New Top Block Detected: 8364
2026-Sep-12 09:07:05.127253 INFO    [protocol] New Top Block Detected: 8365
2026-Sep-12 09:07:43.934947 INFO    [protocol] New Top Block Detected: 8366
2026-Sep-12 09:07:55.856220 INFO    [protocol] New Top Block Detected: 8367
2026-Sep-12 09:08:44.828749 INFO    [protocol] New Top Block Detected: 8368
2026-Sep-12 09:09:28.293944 INFO    [protocol] New Top Block Detected: 8369
2026-Sep-12 09:09:37.004918 INFO    [protocol] New Top Block Detected: 8370
2026-Sep-12 09:09:47.317650 INFO    [protocol] New Top Block Detected: 8371
2026-Sep-12 09:10:06.447682 INFO    [protocol] New Top Block Detected: 8372
2026-Sep-12 09:10:23.307882 INFO    [protocol] New Top Block Detected: 8373
2026-Sep-12 09:10:42.583269 INFO    [protocol] New Top Block Detected: 8374
2026-Sep-12 09:11:08.680061 INFO    [protocol] New Top Block Detected: 8375
2026-Sep-12 09:11:14.704859 INFO    [protocol] New Top Block Detected: 8376
2026-Sep-12 09:11:32.774254 INFO    [protocol] New Top Block Detected: 8377
2026-Sep-12 09:12:04.887157 INFO    [protocol] New Top Block Detected: 8378
2026-Sep-12 09:12:40.713841 INFO    [protocol] New Top Block Detected: 8379
2026-Sep-12 09:13:13.251186 INFO    [protocol] New Top Block Detected: 8380
2026-Sep-12 09:13:29.320048 INFO    [protocol] New Top Block Detected: 8381
2026-Sep-12 09:13:49.415717 INFO    [protocol] New Top Block Detected: 8382
2026-Sep-12 09:14:01.456952 INFO    [protocol] New Top Block Detected: 8383
2026-Sep-12 09:14:10.769146 INFO    [protocol] New Top Block Detected: 8384
2026-Sep-12 09:14:21.540768 INFO    [protocol] New Top Block Detected: 8385
2026-Sep-12 09:14:45.650270 INFO    [protocol] New Top Block Detected: 8386
2026-Sep-12 09:14:57.290895 INFO    [protocol] New Top Block Detected: 8387
2026-Sep-12 09:15:23.815402 INFO    [protocol] New Top Block Detected: 8388
2026-Sep-12 09:15:30.729413 INFO    [protocol] New Top Block Detected: 8389
2026-Sep-12 09:17:16.823213 INFO    [protocol] New Top Block Detected: 8390
2026-Sep-12 09:17:23.937307 INFO    [protocol] New Top Block Detected: 8391
2026-Sep-12 09:18:02.441059 INFO    [protocol] New Top Block Detected: 8392
2026-Sep-12 09:18:16.513679 INFO    [protocol] New Top Block Detected: 8393
2026-Sep-12 09:18:46.018566 INFO    [protocol] New Top Block Detected: 8394
2026-Sep-12 09:19:22.755498 INFO    [protocol] New Top Block Detected: 8395
2026-Sep-12 09:21:06.542155 INFO    [protocol] New Top Block Detected: 8396
2026-Sep-12 09:21:33.250784 INFO    [protocol] New Top Block Detected: 8397
2026-Sep-12 09:22:25.496154 INFO    [protocol] New Top Block Detected: 8398
2026-Sep-12 09:23:07.655239 INFO    [protocol] New Top Block Detected: 8399
2026-Sep-12 09:23:09.662565 INFO    [protocol] New Top Block Detected: 8400
2026-Sep-12 09:23:25.010097 INFO    [Core] Block 8400 (a258bcc1a0cf9cda19f40cee0f6f019543bb7374d7c96dfdef101aa22ac68cfb) added to main chain
2026-Sep-12 09:23:25.720206 INFO    [protocol] New Top Block Detected: 8401
2026-Sep-12 09:23:45.140046 INFO    [protocol] New Top Block Detected: 8402
2026-Sep-12 09:24:05.058363 INFO    [protocol] New Top Block Detected: 8403
2026-Sep-12 09:24:08.868711 INFO    [protocol] New Top Block Detected: 8404
2026-Sep-12 09:25:36.197505 INFO    [protocol] New Top Block Detected: 8405
2026-Sep-12 09:26:11.731306 INFO    [protocol] New Top Block Detected: 8406
2026-Sep-12 09:26:44.584889 INFO    [protocol] New Top Block Detected: 8407
2026-Sep-12 09:27:23.979534 INFO    [protocol] New Top Block Detected: 8408
2026-Sep-12 09:27:53.556909 INFO    [protocol] New Top Block Detected: 8409
2026-Sep-12 09:28:08.862602 INFO    [protocol] New Top Block Detected: 8410
2026-Sep-12 09:28:26.932684 INFO    [protocol] New Top Block Detected: 8411
2026-Sep-12 09:28:31.381687 INFO    [protocol] New Top Block Detected: 8412
2026-Sep-12 09:29:09.086168 INFO    [protocol] New Top Block Detected: 8413
2026-Sep-12 09:29:19.119561 INFO    [protocol] New Top Block Detected: 8414
2026-Sep-12 09:29:31.598805 INFO    [protocol] New Top Block Detected: 8415
2026-Sep-12 09:30:53.321935 INFO    [protocol] New Top Block Detected: 8416
2026-Sep-12 09:31:39.635132 INFO    [protocol] New Top Block Detected: 8417
2026-Sep-12 09:31:59.710417 INFO    [protocol] New Top Block Detected: 8418
2026-Sep-12 09:33:05.954378 INFO    [protocol] New Top Block Detected: 8419
2026-Sep-12 09:33:22.014719 INFO    [protocol] New Top Block Detected: 8420
2026-Sep-12 09:33:40.083354 INFO    [protocol] New Top Block Detected: 8421
2026-Sep-12 09:33:44.096945 INFO    [protocol] New Top Block Detected: 8422
2026-Sep-12 09:34:25.015897 INFO    [protocol] New Top Block Detected: 8423
2026-Sep-12 09:34:46.646956 INFO    [protocol] New Top Block Detected: 8424
2026-Sep-12 09:36:08.139244 INFO    [protocol] New Top Block Detected: 8425
2026-Sep-12 09:36:10.619600 INFO    [protocol] New Top Block Detected: 8426
2026-Sep-12 09:38:17.097265 INFO    [protocol] New Top Block Detected: 8427
2026-Sep-12 09:38:31.149004 INFO    [protocol] New Top Block Detected: 8428
2026-Sep-12 09:38:42.083700 INFO    [protocol] New Top Block Detected: 8429
2026-Sep-12 09:39:39.382119 INFO    [protocol] New Top Block Detected: 8430
2026-Sep-12 09:40:32.744677 INFO    [protocol] New Top Block Detected: 8431
2026-Sep-12 09:40:35.575177 INFO    [protocol] New Top Block Detected: 8432
2026-Sep-12 09:40:39.623120 INFO    [protocol] New Top Block Detected: 8433
2026-Sep-12 09:41:21.310915 INFO    [protocol] New Top Block Detected: 8434
2026-Sep-12 09:41:37.581984 INFO    [protocol] New Top Block Detected: 8435
2026-Sep-12 09:41:52.053223 INFO    [protocol] New Top Block Detected: 8436
2026-Sep-12 09:42:15.138516 INFO    [protocol] New Top Block Detected: 8437
2026-Sep-12 09:42:23.290018 INFO    [protocol] New Top Block Detected: 8438
2026-Sep-12 09:42:52.075676 INFO    [protocol] New Top Block Detected: 8439
2026-Sep-12 09:43:50.717611 INFO    [protocol] New Top Block Detected: 8440
2026-Sep-12 09:44:06.307539 INFO    [protocol] New Top Block Detected: 8441
2026-Sep-12 09:44:40.351593 INFO    [protocol] New Top Block Detected: 8442
2026-Sep-12 09:45:10.615473 INFO    [protocol] New Top Block Detected: 8443
2026-Sep-12 09:46:12.840895 INFO    [protocol] New Top Block Detected: 8444
2026-Sep-12 09:46:46.063663 INFO    [protocol] New Top Block Detected: 8445
2026-Sep-12 09:47:03.007665 INFO    [protocol] New Top Block Detected: 8446
2026-Sep-12 09:47:51.758709 INFO    [protocol] New Top Block Detected: 8447
2026-Sep-12 09:48:01.207834 INFO    [protocol] New Top Block Detected: 8448
2026-Sep-12 09:48:03.214630 INFO    [protocol] New Top Block Detected: 8449
2026-Sep-12 09:48:07.187449 INFO    [protocol] New Top Block Detected: 8450
2026-Sep-12 09:48:39.339073 INFO    [protocol] New Top Block Detected: 8451
2026-Sep-12 09:48:49.372003 INFO    [protocol] New Top Block Detected: 8452
2026-Sep-12 09:49:01.416245 INFO    [protocol] New Top Block Detected: 8453
2026-Sep-12 09:49:33.524655 INFO    [protocol] New Top Block Detected: 8454
2026-Sep-12 09:49:56.275600 INFO    [protocol] New Top Block Detected: 8455
2026-Sep-12 09:50:23.777889 INFO    [protocol] New Top Block Detected: 8456
2026-Sep-12 09:51:14.969692 INFO    [protocol] New Top Block Detected: 8457
2026-Sep-12 09:51:30.215242 INFO    [protocol] New Top Block Detected: 8458
2026-Sep-12 09:51:34.035702 INFO    [protocol] New Top Block Detected: 8459
2026-Sep-12 09:52:26.220114 INFO    [protocol] New Top Block Detected: 8460
2026-Sep-12 09:54:21.156092 INFO    [protocol] New Top Block Detected: 8461
2026-Sep-12 09:56:20.408653 INFO    [protocol] New Top Block Detected: 8462
2026-Sep-12 09:56:28.606132 INFO    [protocol] New Top Block Detected: 8463
2026-Sep-12 09:56:38.856413 INFO    [protocol] New Top Block Detected: 8464
2026-Sep-12 09:57:15.200726 INFO    [protocol] New Top Block Detected: 8465
2026-Sep-12 09:57:20.306538 INFO    [protocol] New Top Block Detected: 8466
2026-Sep-12 09:57:29.074971 INFO    [protocol] New Top Block Detected: 8467
2026-Sep-12 09:57:59.356134 INFO    [protocol] New Top Block Detected: 8468
2026-Sep-12 09:58:37.481526 INFO    [protocol] New Top Block Detected: 8469
2026-Sep-12 09:58:43.236420 INFO    [protocol] New Top Block Detected: 8471
2026-Sep-12 09:58:45.508805 INFO    [protocol] New Top Block Detected: 8472
2026-Sep-12 09:58:51.529226 INFO    [protocol] New Top Block Detected: 8473
2026-Sep-12 09:59:49.586556 INFO    [protocol] New Top Block Detected: 8474
2026-Sep-12 10:00:01.792362 INFO    [protocol] New Top Block Detected: 8475
2026-Sep-12 10:00:12.853177 INFO    [protocol] New Top Block Detected: 8476
2026-Sep-12 10:00:56.314922 INFO    [protocol] New Top Block Detected: 8477
2026-Sep-12 10:00:58.009921 INFO    [protocol] New Top Block Detected: 8478
2026-Sep-12 10:02:05.164109 INFO    [protocol] New Top Block Detected: 8479
2026-Sep-12 10:02:08.274930 INFO    [protocol] New Top Block Detected: 8480
2026-Sep-12 10:02:18.315626 INFO    [protocol] New Top Block Detected: 8481
2026-Sep-12 10:03:01.501298 INFO    [protocol] New Top Block Detected: 8482
2026-Sep-12 10:03:08.495979 INFO    [protocol] New Top Block Detected: 8483
2026-Sep-12 10:03:30.579382 INFO    [protocol] New Top Block Detected: 8484
2026-Sep-12 10:04:50.893858 INFO    [protocol] New Top Block Detected: 8485
2026-Sep-12 10:05:45.110125 INFO    [protocol] New Top Block Detected: 8486
2026-Sep-12 10:05:53.140516 INFO    [protocol] New Top Block Detected: 8487
2026-Sep-12 10:06:06.595652 INFO    [protocol] New Top Block Detected: 8488
2026-Sep-12 10:06:47.351904 INFO    [protocol] New Top Block Detected: 8489
2026-Sep-12 10:07:17.140292 INFO    [protocol] New Top Block Detected: 8490
2026-Sep-12 10:07:44.523393 INFO    [protocol] New Top Block Detected: 8491
2026-Sep-12 10:08:07.654226 INFO    [protocol] New Top Block Detected: 8492
2026-Sep-12 10:10:50.843748 INFO    [protocol] New Top Block Detected: 8493
2026-Sep-12 10:13:42.294323 INFO    [protocol] New Top Block Detected: 8494
2026-Sep-12 10:15:13.325280 INFO    [protocol] New Top Block Detected: 8495
2026-Sep-12 10:15:43.457716 INFO    [protocol] New Top Block Detected: 8496
2026-Sep-12 10:16:22.594577 INFO    [protocol] New Top Block Detected: 8497
2026-Sep-12 10:16:46.022888 INFO    [protocol] New Top Block Detected: 8498
2026-Sep-12 10:17:04.913344 INFO    [protocol] New Top Block Detected: 8499
2026-Sep-12 10:17:27.423474 INFO    [protocol] New Top Block Detected: 8500
2026-Sep-12 10:18:20.150772 INFO    [protocol] New Top Block Detected: 8501
2026-Sep-12 10:18:20.162444 INFO    [Core] Block 8500 (0acedacc18fef3ae396137aa422dc883996284ed6d1c4817d568292922e70b74) added to main chain
2026-Sep-12 10:18:42.196053 INFO    [protocol] New Top Block Detected: 8502
2026-Sep-12 10:19:20.352370 INFO    [protocol] New Top Block Detected: 8503
2026-Sep-12 10:19:22.361196 INFO    [protocol] New Top Block Detected: 8504
2026-Sep-12 10:19:56.146569 INFO    [protocol] New Top Block Detected: 8505
2026-Sep-12 10:20:36.552507 INFO    [protocol] New Top Block Detected: 8506
2026-Sep-12 10:21:08.754799 INFO    [protocol] New Top Block Detected: 8507
2026-Sep-12 10:21:36.646680 INFO    [protocol] New Top Block Detected: 8508
2026-Sep-12 10:21:48.965772 INFO    [protocol] New Top Block Detected: 8509
2026-Sep-12 10:22:37.657070 INFO    [protocol] New Top Block Detected: 8510
2026-Sep-12 10:22:47.453251 INFO    [protocol] New Top Block Detected: 8511
2026-Sep-12 10:22:57.946922 INFO    [protocol] New Top Block Detected: 8512
2026-Sep-12 10:23:28.536955 INFO    [protocol] New Top Block Detected: 8513
2026-Sep-12 10:23:35.395186 INFO    [protocol] New Top Block Detected: 8514
2026-Sep-12 10:23:38.406898 INFO    [protocol] New Top Block Detected: 8515
2026-Sep-12 10:23:43.428574 INFO    [protocol] New Top Block Detected: 8516
2026-Sep-12 10:23:49.450805 INFO    [protocol] New Top Block Detected: 8517
2026-Sep-12 10:24:17.559290 INFO    [protocol] New Top Block Detected: 8518
2026-Sep-12 10:24:19.565865 INFO    [protocol] New Top Block Detected: 8519
2026-Sep-12 10:24:44.421748 INFO    [protocol] New Top Block Detected: 8520
2026-Sep-12 10:24:53.759817 INFO    [protocol] New Top Block Detected: 8521
2026-Sep-12 10:25:25.818505 INFO    [protocol] New Top Block Detected: 8522
2026-Sep-12 10:27:16.314906 INFO    [protocol] New Top Block Detected: 8523
2026-Sep-12 10:27:34.345003 INFO    [protocol] New Top Block Detected: 8524
2026-Sep-12 10:27:52.376611 INFO    [protocol] New Top Block Detected: 8525
2026-Sep-12 10:29:40.884499 INFO    [protocol] New Top Block Detected: 8526
2026-Sep-12 10:29:48.862135 INFO    [protocol] New Top Block Detected: 8527
2026-Sep-12 10:30:46.022829 INFO    [protocol] New Top Block Detected: 8528
2026-Sep-12 10:31:01.134409 INFO    [protocol] New Top Block Detected: 8529
2026-Sep-12 10:32:25.711747 INFO    [protocol] New Top Block Detected: 8530
2026-Sep-12 10:33:49.733809 INFO    [protocol] New Top Block Detected: 8531
2026-Sep-12 10:34:18.600053 INFO    [protocol] New Top Block Detected: 8532
2026-Sep-12 10:34:23.907771 INFO    [protocol] New Top Block Detected: 8533
2026-Sep-12 10:35:41.540737 INFO    [protocol] New Top Block Detected: 8534
2026-Sep-12 10:36:06.267534 INFO    [protocol] New Top Block Detected: 8535
2026-Sep-12 10:37:20.302877 INFO    [protocol] New Top Block Detected: 8536
2026-Sep-12 10:37:22.530255 INFO    [protocol] New Top Block Detected: 8537
2026-Sep-12 10:38:25.572640 INFO    [protocol] New Top Block Detected: 8538
2026-Sep-12 10:38:33.921030 INFO    [protocol] New Top Block Detected: 8539
2026-Sep-12 10:38:36.778526 INFO    [protocol] New Top Block Detected: 8540
2026-Sep-12 10:39:14.912696 INFO    [protocol] New Top Block Detected: 8541
2026-Sep-12 10:39:18.374160 INFO    [protocol] New Top Block Detected: 8542
2026-Sep-12 10:40:03.078066 INFO    [protocol] New Top Block Detected: 8543
2026-Sep-12 10:40:07.095402 INFO    [protocol] New Top Block Detected: 8544
2026-Sep-12 10:40:11.111996 INFO    [protocol] New Top Block Detected: 8545
2026-Sep-12 10:40:12.871129 INFO    [protocol] New Top Block Detected: 8546
2026-Sep-12 10:40:14.291457 INFO    [protocol] New Top Block Detected: 8547
2026-Sep-12 10:40:23.158772 INFO    [protocol] New Top Block Detected: 8548
2026-Sep-12 10:40:28.464739 INFO    [protocol] New Top Block Detected: 8549
2026-Sep-12 10:40:31.181429 INFO    [protocol] New Top Block Detected: 8550
2026-Sep-12 10:40:57.271970 INFO    [protocol] New Top Block Detected: 8552
2026-Sep-12 10:41:39.498725 INFO    [protocol] New Top Block Detected: 8553
2026-Sep-12 10:44:07.918002 INFO    [protocol] New Top Block Detected: 8554
2026-Sep-12 10:44:27.580756 INFO    [protocol] New Top Block Detected: 8555
2026-Sep-12 10:45:19.265309 INFO    [protocol] New Top Block Detected: 8556
2026-Sep-12 10:46:42.802370 INFO    [protocol] New Top Block Detected: 8557
2026-Sep-12 10:46:51.402316 INFO    [protocol] New Top Block Detected: 8558
2026-Sep-12 10:48:29.308080 INFO    [protocol] New Top Block Detected: 8559
2026-Sep-12 10:48:59.554159 INFO    [protocol] New Top Block Detected: 8560
2026-Sep-12 10:49:14.200760 INFO    [protocol] New Top Block Detected: 8561
2026-Sep-12 10:49:58.638535 INFO    [protocol] New Top Block Detected: 8562
2026-Sep-12 10:52:00.326648 INFO    [protocol] New Top Block Detected: 8563
2026-Sep-12 10:52:34.895970 INFO    [protocol] New Top Block Detected: 8564
2026-Sep-12 10:53:13.495284 INFO    [protocol] New Top Block Detected: 8565
2026-Sep-12 10:53:14.426506 INFO    [protocol] New Top Block Detected: 8566
2026-Sep-12 10:53:37.122015 INFO    [protocol] New Top Block Detected: 8567
2026-Sep-12 10:53:57.719510 INFO    [protocol] New Top Block Detected: 8568
2026-Sep-12 10:54:09.283611 INFO    [protocol] New Top Block Detected: 8569
2026-Sep-12 10:54:11.290107 INFO    [protocol] New Top Block Detected: 8570
2026-Sep-12 10:54:15.588571 INFO    [protocol] New Top Block Detected: 8571
2026-Sep-12 10:54:24.306738 INFO    [protocol] New Top Block Detected: 8572
2026-Sep-12 10:54:24.870007 INFO    [protocol] New Top Block Detected: 8573
2026-Sep-12 10:54:51.431363 INFO    [protocol] New Top Block Detected: 8574
2026-Sep-12 10:55:41.613648 INFO    [protocol] New Top Block Detected: 8575
2026-Sep-12 10:56:22.727134 INFO    [protocol] New Top Block Detected: 8576
2026-Sep-12 10:56:51.866068 INFO    [protocol] New Top Block Detected: 8577
2026-Sep-12 10:57:05.998431 INFO    [protocol] New Top Block Detected: 8578
2026-Sep-12 10:57:26.276650 INFO    [protocol] New Top Block Detected: 8579
2026-Sep-12 10:58:21.269655 INFO    [protocol] New Top Block Detected: 8580
2026-Sep-12 10:58:25.918054 INFO    [protocol] New Top Block Detected: 8581
2026-Sep-12 11:00:48.537062 INFO    [protocol] New Top Block Detected: 8582
2026-Sep-12 11:02:18.176932 INFO    [protocol] New Top Block Detected: 8583
2026-Sep-12 11:03:04.342804 INFO    [protocol] New Top Block Detected: 8584
2026-Sep-12 11:03:12.719053 INFO    [protocol] New Top Block Detected: 8585
2026-Sep-12 11:05:18.802981 INFO    [protocol] New Top Block Detected: 8586
2026-Sep-12 11:05:22.413970 INFO    [protocol] New Top Block Detected: 8587
2026-Sep-12 11:06:17.110783 INFO    [protocol] New Top Block Detected: 8588
2026-Sep-12 11:06:35.468489 INFO    [protocol] New Top Block Detected: 8589
2026-Sep-12 11:07:00.884140 INFO    [protocol] New Top Block Detected: 8590
2026-Sep-12 11:07:13.363598 INFO    [protocol] New Top Block Detected: 8591
2026-Sep-12 11:08:29.670823 INFO    [protocol] New Top Block Detected: 8592
2026-Sep-12 11:08:33.413003 INFO    [protocol] New Top Block Detected: 8593
2026-Sep-12 11:09:19.856701 INFO    [protocol] New Top Block Detected: 8594
2026-Sep-12 11:10:14.686492 INFO    [protocol] New Top Block Detected: 8595
2026-Sep-12 11:10:34.143339 INFO    [protocol] New Top Block Detected: 8596
2026-Sep-12 11:10:35.584453 INFO    [protocol] New Top Block Detected: 8597
2026-Sep-12 11:10:50.244952 INFO    [protocol] New Top Block Detected: 8598
2026-Sep-12 11:11:16.349920 INFO    [protocol] New Top Block Detected: 8599
2026-Sep-12 11:11:18.358551 INFO    [protocol] New Top Block Detected: 8600
2026-Sep-12 11:12:27.107609 INFO    [Core] Block 8600 (b08f1c7dc7226dece9367a016e4d04241715491f4d308da62454b17b4ed54314) added to main chain
2026-Sep-12 11:12:28.443862 INFO    [protocol] New Top Block Detected: 8602
2026-Sep-12 11:12:46.030377 INFO    [protocol] New Top Block Detected: 8603
2026-Sep-12 11:12:48.873560 INFO    [protocol] New Top Block Detected: 8604
2026-Sep-12 11:13:08.781962 INFO    [protocol] New Top Block Detected: 8605
2026-Sep-12 11:13:26.457061 INFO    [protocol] New Top Block Detected: 8606
2026-Sep-12 11:13:27.277688 INFO    [protocol] New Top Block Detected: 8607
2026-Sep-12 11:13:32.879427 INFO    [protocol] New Top Block Detected: 8608
2026-Sep-12 11:14:07.412409 INFO    [protocol] New Top Block Detected: 8609
2026-Sep-12 11:14:40.156425 INFO    [protocol] New Top Block Detected: 8610
2026-Sep-12 11:14:57.273950 INFO    [protocol] New Top Block Detected: 8611
2026-Sep-12 11:15:05.643516 INFO    [protocol] New Top Block Detected: 8612
2026-Sep-12 11:16:55.010161 INFO    [protocol] New Top Block Detected: 8613
2026-Sep-12 11:17:51.338997 INFO    [protocol] New Top Block Detected: 8614
2026-Sep-12 11:18:14.185685 INFO    [protocol] New Top Block Detected: 8615
2026-Sep-12 11:18:26.307478 INFO    [protocol] New Top Block Detected: 8616
2026-Sep-12 11:20:04.713011 INFO    [protocol] New Top Block Detected: 8617
2026-Sep-12 11:20:32.210474 INFO    [protocol] New Top Block Detected: 8618
2026-Sep-12 11:20:43.715007 INFO    [protocol] New Top Block Detected: 8619
2026-Sep-12 11:21:10.961404 INFO    [protocol] New Top Block Detected: 8620
2026-Sep-12 11:21:29.035741 INFO    [protocol] New Top Block Detected: 8621
2026-Sep-12 11:22:03.163352 INFO    [protocol] New Top Block Detected: 8622
2026-Sep-12 11:22:13.712540 INFO    [protocol] New Top Block Detected: 8623
2026-Sep-12 11:22:32.074399 INFO    [protocol] New Top Block Detected: 8624
2026-Sep-12 11:22:33.355673 INFO    [protocol] New Top Block Detected: 8625
2026-Sep-12 11:22:53.427463 INFO    [protocol] New Top Block Detected: 8626
2026-Sep-12 11:23:16.305564 INFO    [protocol] New Top Block Detected: 8627
2026-Sep-12 11:23:35.936030 INFO    [protocol] New Top Block Detected: 8628
2026-Sep-12 11:23:48.499995 INFO    [protocol] New Top Block Detected: 8629
2026-Sep-12 11:23:55.670149 INFO    [protocol] New Top Block Detected: 8630
2026-Sep-12 11:24:23.775346 INFO    [protocol] New Top Block Detected: 8631
2026-Sep-12 11:25:24.011494 INFO    [protocol] New Top Block Detected: 8632
2026-Sep-12 11:26:05.514837 INFO    [protocol] New Top Block Detected: 8633
2026-Sep-12 11:26:15.209451 INFO    [protocol] New Top Block Detected: 8634
2026-Sep-12 11:26:22.128303 INFO    [protocol] New Top Block Detected: 8635
2026-Sep-12 11:26:24.489603 INFO    [protocol] New Top Block Detected: 8636
2026-Sep-12 11:28:58.023718 INFO    [protocol] New Top Block Detected: 8637
2026-Sep-12 11:29:34.396091 INFO    [protocol] New Top Block Detected: 8638
2026-Sep-12 11:31:46.731033 INFO    [protocol] New Top Block Detected: 8639
2026-Sep-12 11:35:44.351179 INFO    [protocol] New Top Block Detected: 8640
2026-Sep-12 11:36:25.891899 INFO    [protocol] New Top Block Detected: 8641
2026-Sep-12 11:37:02.299110 INFO    [protocol] New Top Block Detected: 8642
2026-Sep-12 11:37:05.177414 INFO    [protocol] New Top Block Detected: 8643
2026-Sep-12 11:37:05.511824 INFO    [protocol] New Top Block Detected: 8644
2026-Sep-12 11:37:22.340801 INFO    [protocol] New Top Block Detected: 8645
2026-Sep-12 11:39:13.375715 INFO    [protocol] New Top Block Detected: 8646
2026-Sep-12 11:39:30.701031 INFO    [protocol] New Top Block Detected: 8647
2026-Sep-12 11:39:37.625977 INFO    [protocol] New Top Block Detected: 8648
2026-Sep-12 11:41:36.786683 INFO    [protocol] New Top Block Detected: 8649
2026-Sep-12 11:42:02.288346 INFO    [protocol] New Top Block Detected: 8650
2026-Sep-12 11:42:06.005945 INFO    [protocol] New Top Block Detected: 8651
2026-Sep-12 11:42:16.269906 INFO    [protocol] New Top Block Detected: 8652
2026-Sep-12 11:42:39.326663 INFO    [protocol] New Top Block Detected: 8653
2026-Sep-12 11:43:09.361901 INFO    [protocol] New Top Block Detected: 8654
2026-Sep-12 11:43:23.969629 INFO    [protocol] New Top Block Detected: 8655
2026-Sep-12 11:44:01.629676 INFO    [protocol] New Top Block Detected: 8656
2026-Sep-12 11:44:23.182201 INFO    [protocol] New Top Block Detected: 8657
2026-Sep-12 11:44:50.744788 INFO    [protocol] New Top Block Detected: 8658
2026-Sep-12 11:46:13.748229 INFO    [protocol] New Top Block Detected: 8659
2026-Sep-12 11:46:34.002083 INFO    [protocol] New Top Block Detected: 8660
2026-Sep-12 11:46:56.553622 INFO    [protocol] New Top Block Detected: 8661
2026-Sep-12 11:47:31.228234 INFO    [protocol] New Top Block Detected: 8662
2026-Sep-12 11:48:20.967358 INFO    [protocol] New Top Block Detected: 8663
2026-Sep-12 11:48:45.977199 INFO    [protocol] New Top Block Detected: 8664
2026-Sep-12 11:49:19.590931 INFO    [protocol] New Top Block Detected: 8665
2026-Sep-12 11:50:17.368842 INFO    [protocol] New Top Block Detected: 8666
2026-Sep-12 11:51:32.496965 INFO    [protocol] New Top Block Detected: 8667
2026-Sep-12 11:52:57.944407 INFO    [protocol] New Top Block Detected: 8668
2026-Sep-12 11:53:14.615751 INFO    [protocol] New Top Block Detected: 8669
2026-Sep-12 11:53:25.224661 INFO    [protocol] New Top Block Detected: 8670
2026-Sep-12 11:54:05.660541 INFO    [protocol] New Top Block Detected: 8671
2026-Sep-12 11:54:19.957457 INFO    [protocol] New Top Block Detected: 8672
2026-Sep-12 11:54:28.904064 INFO    [protocol] New Top Block Detected: 8673
2026-Sep-12 11:54:45.062610 INFO    [protocol] New Top Block Detected: 8674
2026-Sep-12 11:54:56.721318 INFO    [protocol] New Top Block Detected: 8675
2026-Sep-12 11:55:16.281716 INFO    [protocol] New Top Block Detected: 8676
2026-Sep-12 11:56:28.184718 INFO    [protocol] New Top Block Detected: 8677
2026-Sep-12 11:56:52.723727 INFO    [protocol] New Top Block Detected: 8678
2026-Sep-12 11:56:57.994819 INFO    [protocol] New Top Block Detected: 8679
2026-Sep-12 11:57:10.836098 INFO    [protocol] New Top Block Detected: 8680
2026-Sep-12 11:57:17.394588 INFO    [protocol] New Top Block Detected: 8681
2026-Sep-12 11:57:39.553137 INFO    [protocol] New Top Block Detected: 8682
2026-Sep-12 11:57:52.793353 INFO    [protocol] New Top Block Detected: 8683
2026-Sep-12 11:58:09.737583 INFO    [protocol] New Top Block Detected: 8684
2026-Sep-12 11:58:28.022906 INFO    [protocol] New Top Block Detected: 8685
2026-Sep-12 11:59:01.400385 INFO    [protocol] New Top Block Detected: 8686
2026-Sep-12 11:59:01.443663 INFO    [protocol] New Top Block Detected: 8687
2026-Sep-12 11:59:15.341443 INFO    [protocol] New Top Block Detected: 8688
2026-Sep-12 11:59:24.358412 INFO    [protocol] New Top Block Detected: 8689
2026-Sep-12 11:59:24.390072 INFO    [protocol] New Top Block Detected: 8690
2026-Sep-12 11:59:28.609302 INFO    [protocol] New Top Block Detected: 8691
2026-Sep-12 11:59:33.129215 INFO    [protocol] New Top Block Detected: 8692
2026-Sep-12 11:59:37.139216 INFO    [protocol] New Top Block Detected: 8693
2026-Sep-12 12:00:37.303058 INFO    [protocol] New Top Block Detected: 8694
2026-Sep-12 12:00:43.512137 INFO    [protocol] New Top Block Detected: 8695
2026-Sep-12 12:00:48.282580 INFO    [protocol] New Top Block Detected: 8696
2026-Sep-12 12:01:16.100361 INFO    [protocol] New Top Block Detected: 8697
2026-Sep-12 12:02:28.854336 INFO    [protocol] New Top Block Detected: 8698
2026-Sep-12 12:04:14.579223 INFO    [protocol] New Top Block Detected: 8699
2026-Sep-12 12:05:25.760226 INFO    [protocol] New Top Block Detected: 8700
2026-Sep-12 12:06:10.195694 INFO    [protocol] New Top Block Detected: 8701
2026-Sep-12 12:06:10.210483 INFO    [Core] Block 8700 (e673aeb731793a3cb16c7f78c24870a1da25452fb4eb02ced329e45158ac34c7) added to main chain
2026-Sep-12 12:07:03.086183 INFO    [protocol] New Top Block Detected: 8702
2026-Sep-12 12:11:10.317814 INFO    [protocol] New Top Block Detected: 8703
2026-Sep-12 12:13:44.864207 INFO    [protocol] New Top Block Detected: 8704
2026-Sep-12 12:13:45.413053 INFO    [protocol] New Top Block Detected: 8705
2026-Sep-12 12:13:54.535647 INFO    [protocol] New Top Block Detected: 8706
2026-Sep-12 12:13:57.126161 INFO    [protocol] New Top Block Detected: 8707
2026-Sep-12 12:14:13.097105 INFO    [protocol] New Top Block Detected: 8708
2026-Sep-12 12:14:51.011270 INFO    [protocol] New Top Block Detected: 8709
2026-Sep-12 12:15:35.926336 INFO    [protocol] New Top Block Detected: 8710
2026-Sep-12 12:16:12.304284 INFO    [protocol] New Top Block Detected: 8711
2026-Sep-12 12:16:51.130245 INFO    [protocol] New Top Block Detected: 8712
2026-Sep-12 12:18:11.725172 INFO    [protocol] New Top Block Detected: 8713
2026-Sep-12 12:18:11.847112 INFO    [protocol] New Top Block Detected: 8714
2026-Sep-12 12:18:12.289596 INFO    [protocol] New Top Block Detected: 8715
2026-Sep-12 12:18:17.960875 INFO    [protocol] New Top Block Detected: 8716
2026-Sep-12 12:18:26.870350 INFO    [protocol] New Top Block Detected: 8717
2026-Sep-12 12:19:07.152649 INFO    [protocol] New Top Block Detected: 8718
2026-Sep-12 12:19:08.466273 INFO    [protocol] New Top Block Detected: 8719
2026-Sep-12 12:19:13.757751 INFO    [protocol] New Top Block Detected: 8720
2026-Sep-12 12:20:08.920780 INFO    [protocol] New Top Block Detected: 8721
2026-Sep-12 12:20:23.580571 INFO    [protocol] New Top Block Detected: 8722
2026-Sep-12 12:20:48.991333 INFO    [protocol] New Top Block Detected: 8723
2026-Sep-12 12:21:10.169112 INFO    [protocol] New Top Block Detected: 8724
2026-Sep-12 12:21:23.993205 INFO    [protocol] New Top Block Detected: 8725
2026-Sep-12 12:21:36.129067 INFO    [protocol] New Top Block Detected: 8726
2026-Sep-12 12:21:57.975609 INFO    [protocol] New Top Block Detected: 8727
2026-Sep-12 12:24:09.752490 INFO    [protocol] New Top Block Detected: 8728
2026-Sep-12 12:24:40.892146 INFO    [protocol] New Top Block Detected: 8729
2026-Sep-12 12:24:52.556877 INFO    [protocol] New Top Block Detected: 8730
2026-Sep-12 12:24:59.987362 INFO    [protocol] New Top Block Detected: 8731
2026-Sep-12 12:26:16.806720 INFO    [protocol] New Top Block Detected: 8732
2026-Sep-12 12:26:19.766545 INFO    [protocol] New Top Block Detected: 8733
2026-Sep-12 12:26:33.655719 INFO    [protocol] New Top Block Detected: 8734
2026-Sep-12 12:27:14.759156 INFO    [protocol] New Top Block Detected: 8735
2026-Sep-12 12:27:48.828928 INFO    [protocol] New Top Block Detected: 8736
2026-Sep-12 12:29:25.522797 INFO    [protocol] New Top Block Detected: 8737
2026-Sep-12 12:29:56.388215 INFO    [protocol] New Top Block Detected: 8738
2026-Sep-12 12:30:38.672480 INFO    [protocol] New Top Block Detected: 8739
2026-Sep-12 12:30:45.171323 INFO    [protocol] New Top Block Detected: 8740
2026-Sep-12 12:30:56.386766 INFO    [protocol] New Top Block Detected: 8741
2026-Sep-12 12:31:01.975540 INFO    [protocol] New Top Block Detected: 8742
2026-Sep-12 12:31:24.220706 INFO    [protocol] New Top Block Detected: 8743
2026-Sep-12 12:32:37.423622 INFO    [protocol] New Top Block Detected: 8744
2026-Sep-12 12:32:55.610414 INFO    [protocol] New Top Block Detected: 8745
2026-Sep-12 12:33:01.433897 INFO    [protocol] New Top Block Detected: 8746
2026-Sep-12 12:34:26.871357 INFO    [protocol] New Top Block Detected: 8747
2026-Sep-12 12:36:09.281618 INFO    [protocol] New Top Block Detected: 8748
2026-Sep-12 12:36:27.852749 INFO    [protocol] New Top Block Detected: 8749
2026-Sep-12 12:36:36.823804 INFO    [protocol] New Top Block Detected: 8750
2026-Sep-12 12:36:58.103935 INFO    [protocol] New Top Block Detected: 8751
2026-Sep-12 12:37:01.998501 INFO    [protocol] New Top Block Detected: 8752
2026-Sep-12 12:37:15.850537 INFO    [protocol] New Top Block Detected: 8753
2026-Sep-12 12:37:17.682723 INFO    [protocol] New Top Block Detected: 8754
2026-Sep-12 12:37:47.887659 INFO    [protocol] New Top Block Detected: 8755
2026-Sep-12 12:38:38.837243 INFO    [protocol] New Top Block Detected: 8756
2026-Sep-12 12:38:42.283924 INFO    [protocol] New Top Block Detected: 8757
2026-Sep-12 12:38:44.681493 INFO    [protocol] New Top Block Detected: 8758
2026-Sep-12 12:40:05.872854 INFO    [protocol] New Top Block Detected: 8759
2026-Sep-12 12:40:36.925527 INFO    [protocol] New Top Block Detected: 8760
2026-Sep-12 12:41:02.496173 INFO    [protocol] New Top Block Detected: 8761
2026-Sep-12 12:41:10.228391 INFO    [protocol] New Top Block Detected: 8762
2026-Sep-12 12:41:20.035833 INFO    [protocol] New Top Block Detected: 8763
2026-Sep-12 12:41:25.273423 INFO    [protocol] New Top Block Detected: 8764
2026-Sep-12 12:41:48.680114 INFO    [protocol] New Top Block Detected: 8765
2026-Sep-12 12:42:17.141319 INFO    [protocol] New Top Block Detected: 8766
2026-Sep-12 12:42:23.050163 INFO    [protocol] New Top Block Detected: 8767
2026-Sep-12 12:42:32.108278 INFO    [protocol] New Top Block Detected: 8768
2026-Sep-12 12:42:36.213313 INFO    [protocol] New Top Block Detected: 8769
2026-Sep-12 12:45:49.393741 INFO    [protocol] New Top Block Detected: 8770
2026-Sep-12 12:46:06.296273 INFO    [protocol] New Top Block Detected: 8771
2026-Sep-12 12:46:31.550103 INFO    [protocol] New Top Block Detected: 8772
2026-Sep-12 12:46:47.397026 INFO    [protocol] New Top Block Detected: 8773
2026-Sep-12 12:46:57.131764 INFO    [protocol] New Top Block Detected: 8774
2026-Sep-12 12:47:28.345774 INFO    [protocol] New Top Block Detected: 8775
2026-Sep-12 12:48:12.059704 INFO    [protocol] New Top Block Detected: 8776
2026-Sep-12 12:48:15.998420 INFO    [protocol] New Top Block Detected: 8777
2026-Sep-12 12:48:20.947455 INFO    [protocol] New Top Block Detected: 8778
2026-Sep-12 12:48:27.520594 INFO    [protocol] New Top Block Detected: 8779
2026-Sep-12 12:50:04.989615 INFO    [protocol] New Top Block Detected: 8780
2026-Sep-12 12:50:10.093345 INFO    [protocol] New Top Block Detected: 8781
2026-Sep-12 12:50:19.710139 INFO    [protocol] New Top Block Detected: 8782
2026-Sep-12 12:50:24.152719 INFO    [protocol] New Top Block Detected: 8783
2026-Sep-12 12:50:59.065855 INFO    [protocol] New Top Block Detected: 8784
2026-Sep-12 12:51:09.765019 INFO    [protocol] New Top Block Detected: 8785
2026-Sep-12 12:51:23.908828 INFO    [protocol] New Top Block Detected: 8786
2026-Sep-12 12:52:49.328852 INFO    [protocol] New Top Block Detected: 8787
2026-Sep-12 12:52:52.902961 INFO    [protocol] New Top Block Detected: 8788
2026-Sep-12 12:53:36.320065 INFO    [protocol] New Top Block Detected: 8789
2026-Sep-12 12:54:31.999481 INFO    [protocol] New Top Block Detected: 8790
2026-Sep-12 12:55:15.079434 INFO    [protocol] New Top Block Detected: 8791
2026-Sep-12 12:56:04.884569 INFO    [protocol] New Top Block Detected: 8792
2026-Sep-12 12:56:22.785602 INFO    [protocol] New Top Block Detected: 8793
2026-Sep-12 12:56:27.495630 INFO    [protocol] New Top Block Detected: 8794
2026-Sep-12 12:57:12.176771 INFO    [protocol] New Top Block Detected: 8795
2026-Sep-12 12:58:30.032022 INFO    [protocol] New Top Block Detected: 8796
2026-Sep-12 12:58:58.549261 INFO    [protocol] New Top Block Detected: 8797
2026-Sep-12 12:59:01.317149 INFO    [protocol] New Top Block Detected: 8798
2026-Sep-12 12:59:20.792368 INFO    [protocol] New Top Block Detected: 8799
2026-Sep-12 12:59:40.095902 INFO    [protocol] New Top Block Detected: 8800
2026-Sep-12 12:59:41.856740 INFO    [protocol] New Top Block Detected: 8801
2026-Sep-12 12:59:41.869740 INFO    [Core] Block 8800 (028133ec8daf035a03c22eed5f394887451dd59089950c876e68fa15b33a234c) added to main chain
2026-Sep-12 12:59:55.903763 INFO    [protocol] New Top Block Detected: 8802
2026-Sep-12 13:00:16.985570 INFO    [protocol] New Top Block Detected: 8803
2026-Sep-12 13:00:32.371420 INFO    [protocol] New Top Block Detected: 8804
2026-Sep-12 13:02:11.783174 INFO    [protocol] New Top Block Detected: 8805
2026-Sep-12 13:02:21.422837 INFO    [protocol] New Top Block Detected: 8806
2026-Sep-12 13:02:48.623644 INFO    [protocol] New Top Block Detected: 8807
2026-Sep-12 13:04:31.114967 INFO    [protocol] New Top Block Detected: 8808
2026-Sep-12 13:05:58.034464 INFO    [protocol] New Top Block Detected: 8809
2026-Sep-12 13:06:23.409025 INFO    [protocol] New Top Block Detected: 8810
2026-Sep-12 13:06:49.647332 INFO    [protocol] New Top Block Detected: 8811
2026-Sep-12 13:06:54.010502 INFO    [protocol] New Top Block Detected: 8812
2026-Sep-12 13:06:59.463919 INFO    [protocol] New Top Block Detected: 8813
2026-Sep-12 13:07:01.317219 INFO    [protocol] New Top Block Detected: 8814
2026-Sep-12 13:09:09.440205 INFO    [protocol] New Top Block Detected: 8815
2026-Sep-12 13:10:11.561320 INFO    [protocol] New Top Block Detected: 8816
2026-Sep-12 13:10:46.751162 INFO    [protocol] New Top Block Detected: 8817
2026-Sep-12 13:11:04.181099 INFO    [protocol] New Top Block Detected: 8818
2026-Sep-12 13:11:15.089305 INFO    [protocol] New Top Block Detected: 8819
2026-Sep-12 13:11:50.222573 INFO    [protocol] New Top Block Detected: 8820
2026-Sep-12 13:12:03.694202 INFO    [protocol] New Top Block Detected: 8821
2026-Sep-12 13:12:13.089790 INFO    [protocol] New Top Block Detected: 8822
2026-Sep-12 13:12:27.725236 INFO    [protocol] New Top Block Detected: 8823
2026-Sep-12 13:12:36.013982 INFO    [protocol] New Top Block Detected: 8824
2026-Sep-12 13:12:38.339915 INFO    [protocol] New Top Block Detected: 8825
2026-Sep-12 13:13:04.987536 INFO    [protocol] New Top Block Detected: 8826
2026-Sep-12 13:13:32.320266 INFO    [protocol] New Top Block Detected: 8827
2026-Sep-12 13:13:37.172105 INFO    [protocol] New Top Block Detected: 8828
2026-Sep-12 13:14:00.798232 INFO    [protocol] New Top Block Detected: 8829
2026-Sep-12 13:14:42.838396 INFO    [protocol] New Top Block Detected: 8830
2026-Sep-12 13:15:40.154963 INFO    [protocol] New Top Block Detected: 8831
2026-Sep-12 13:15:55.125610 INFO    [protocol] New Top Block Detected: 8832
2026-Sep-12 13:15:57.788679 INFO    [protocol] New Top Block Detected: 8833
2026-Sep-12 13:15:59.903071 INFO    [protocol] New Top Block Detected: 8834
2026-Sep-12 13:16:02.149391 INFO    [protocol] New Top Block Detected: 8835
2026-Sep-12 13:16:43.371041 INFO    [protocol] New Top Block Detected: 8836
2026-Sep-12 13:16:55.378344 INFO    [protocol] New Top Block Detected: 8837
2026-Sep-12 13:19:00.466020 INFO    [protocol] New Top Block Detected: 8838
2026-Sep-12 13:19:38.986567 INFO    [protocol] New Top Block Detected: 8839
2026-Sep-12 13:20:27.674947 INFO    [protocol] New Top Block Detected: 8840
2026-Sep-12 13:21:29.462641 INFO    [protocol] New Top Block Detected: 8841
2026-Sep-12 13:22:48.214362 INFO    [protocol] New Top Block Detected: 8842
2026-Sep-12 13:23:34.215435 INFO    [protocol] New Top Block Detected: 8843
2026-Sep-12 13:23:48.964764 INFO    [protocol] New Top Block Detected: 8844
2026-Sep-12 13:24:14.474945 INFO    [protocol] New Top Block Detected: 8845
2026-Sep-12 13:24:25.674686 INFO    [protocol] New Top Block Detected: 8846
2026-Sep-12 13:24:49.105580 INFO    [protocol] New Top Block Detected: 8847
2026-Sep-12 13:26:22.761102 INFO    [protocol] New Top Block Detected: 8848
2026-Sep-12 13:26:35.492552 INFO    [protocol] New Top Block Detected: 8849
2026-Sep-12 13:27:22.313784 INFO    [protocol] New Top Block Detected: 8850
2026-Sep-12 13:29:04.214318 INFO    [protocol] New Top Block Detected: 8851
2026-Sep-12 13:29:57.067554 INFO    [protocol] New Top Block Detected: 8852
2026-Sep-12 13:30:03.860187 INFO    [protocol] New Top Block Detected: 8853
2026-Sep-12 13:30:30.257612 INFO    [protocol] New Top Block Detected: 8854
2026-Sep-12 13:30:49.856916 INFO    [protocol] New Top Block Detected: 8855
2026-Sep-12 13:30:55.374751 INFO    [protocol] New Top Block Detected: 8856
2026-Sep-12 13:30:58.714758 INFO    [protocol] New Top Block Detected: 8857
2026-Sep-12 13:31:08.667246 INFO    [protocol] New Top Block Detected: 8858
2026-Sep-12 13:31:25.749928 INFO    [protocol] New Top Block Detected: 8859
2026-Sep-12 13:31:26.636705 INFO    [protocol] New Top Block Detected: 8860
2026-Sep-12 13:31:49.687374 INFO    [protocol] New Top Block Detected: 8861
2026-Sep-12 13:31:53.426706 INFO    [protocol] New Top Block Detected: 8862
2026-Sep-12 13:32:59.584236 INFO    [protocol] New Top Block Detected: 8863
2026-Sep-12 13:33:26.053401 INFO    [protocol] New Top Block Detected: 8864
2026-Sep-12 13:33:41.587728 INFO    [protocol] New Top Block Detected: 8865
2026-Sep-12 13:34:19.027312 INFO    [protocol] New Top Block Detected: 8866
2026-Sep-12 13:35:03.562681 INFO    [protocol] New Top Block Detected: 8867
2026-Sep-12 13:35:38.316881 INFO    [protocol] New Top Block Detected: 8868
2026-Sep-12 13:36:29.575777 INFO    [protocol] New Top Block Detected: 8869
2026-Sep-12 13:40:49.882945 INFO    [protocol] New Top Block Detected: 8870
2026-Sep-12 13:40:50.784689 INFO    [protocol] New Top Block Detected: 8871
2026-Sep-12 13:41:34.599863 INFO    [protocol] New Top Block Detected: 8872
2026-Sep-12 13:41:46.437504 INFO    [protocol] New Top Block Detected: 8873
2026-Sep-12 13:41:55.218541 INFO    [protocol] New Top Block Detected: 8874
2026-Sep-12 13:41:59.514835 INFO    [protocol] New Top Block Detected: 8875
2026-Sep-12 13:42:00.982412 INFO    [protocol] New Top Block Detected: 8876
2026-Sep-12 13:42:34.875867 INFO    [protocol] New Top Block Detected: 8877
2026-Sep-12 13:42:43.126666 INFO    [protocol] New Top Block Detected: 8878
2026-Sep-12 13:43:03.997916 INFO    [protocol] New Top Block Detected: 8879
2026-Sep-12 13:43:22.772328 INFO    [protocol] New Top Block Detected: 8880
2026-Sep-12 13:44:34.325333 INFO    [protocol] New Top Block Detected: 8881
2026-Sep-12 13:44:57.469036 INFO    [protocol] New Top Block Detected: 8882
2026-Sep-12 13:44:59.519423 INFO    [protocol] New Top Block Detected: 8883
2026-Sep-12 13:45:11.079470 INFO    [protocol] New Top Block Detected: 8884
2026-Sep-12 13:46:43.465563 INFO    [protocol] New Top Block Detected: 8885
2026-Sep-12 13:46:53.929781 INFO    [protocol] New Top Block Detected: 8886
2026-Sep-12 13:46:54.276727 INFO    [protocol] New Top Block Detected: 8887
2026-Sep-12 13:48:12.446146 INFO    [protocol] New Top Block Detected: 8888
2026-Sep-12 13:48:14.663651 INFO    [protocol] New Top Block Detected: 8889
2026-Sep-12 13:48:40.557749 INFO    [protocol] New Top Block Detected: 8890
2026-Sep-12 13:48:53.659050 INFO    [protocol] New Top Block Detected: 8891
2026-Sep-12 13:49:17.541022 INFO    [protocol] New Top Block Detected: 8892
2026-Sep-12 13:49:38.789888 INFO    [protocol] New Top Block Detected: 8893
2026-Sep-12 13:49:39.339669 INFO    [protocol] New Top Block Detected: 8894
2026-Sep-12 13:50:19.286510 INFO    [protocol] New Top Block Detected: 8895
2026-Sep-12 13:50:43.820854 INFO    [protocol] New Top Block Detected: 8896
2026-Sep-12 13:51:32.281713 INFO    [protocol] New Top Block Detected: 8897
2026-Sep-12 13:53:50.049922 INFO    [protocol] New Top Block Detected: 8898
2026-Sep-12 13:55:00.536202 INFO    [protocol] New Top Block Detected: 8899
2026-Sep-12 13:55:14.679302 INFO    [protocol] New Top Block Detected: 8900
2026-Sep-12 13:56:21.340195 INFO    [protocol] New Top Block Detected: 8901
2026-Sep-12 13:56:21.351706 INFO    [Core] Block 8900 (e94226774b41dccda0059a7fb613ee1b4df5a22dc334b4e2576b3884b5b70612) added to main chain
2026-Sep-12 13:56:30.830789 INFO    [protocol] New Top Block Detected: 8902
2026-Sep-12 13:56:50.281640 INFO    [protocol] New Top Block Detected: 8903
2026-Sep-12 13:57:10.892888 INFO    [protocol] New Top Block Detected: 8904
2026-Sep-12 13:57:29.389141 INFO    [protocol] New Top Block Detected: 8905
2026-Sep-12 13:58:55.486451 INFO    [protocol] New Top Block Detected: 8906
2026-Sep-12 13:59:10.761182 INFO    [protocol] New Top Block Detected: 8907
2026-Sep-12 13:59:24.091091 INFO    [protocol] New Top Block Detected: 8908
2026-Sep-12 13:59:44.679883 INFO    [protocol] New Top Block Detected: 8909
2026-Sep-12 14:01:06.092909 INFO    [protocol] New Top Block Detected: 8910
2026-Sep-12 14:01:08.644572 INFO    [protocol] New Top Block Detected: 8911
2026-Sep-12 14:01:11.855337 INFO    [protocol] New Top Block Detected: 8912
2026-Sep-12 14:01:37.958725 INFO    [protocol] New Top Block Detected: 8913
2026-Sep-12 14:01:39.046235 INFO    [protocol] New Top Block Detected: 8914
2026-Sep-12 14:02:09.887456 INFO    [protocol] New Top Block Detected: 8915
2026-Sep-12 14:02:10.841078 INFO    [protocol] New Top Block Detected: 8916
2026-Sep-12 14:02:30.184316 INFO    [protocol] New Top Block Detected: 8917
2026-Sep-12 14:02:31.408111 INFO    [protocol] New Top Block Detected: 8918
2026-Sep-12 14:02:43.083152 INFO    [protocol] New Top Block Detected: 8919
2026-Sep-12 14:02:52.061144 INFO    [protocol] New Top Block Detected: 8920
2026-Sep-12 14:03:07.829052 INFO    [protocol] New Top Block Detected: 8921
2026-Sep-12 14:03:29.934871 INFO    [protocol] New Top Block Detected: 8922
2026-Sep-12 14:04:30.250864 INFO    [protocol] New Top Block Detected: 8923
2026-Sep-12 14:05:26.433666 INFO    [protocol] New Top Block Detected: 8924
2026-Sep-12 14:07:16.112364 INFO    [protocol] New Top Block Detected: 8925
2026-Sep-12 14:08:11.596280 INFO    [protocol] New Top Block Detected: 8926
2026-Sep-12 14:08:13.370347 INFO    [protocol] New Top Block Detected: 8927
2026-Sep-12 14:08:39.847869 INFO    [protocol] New Top Block Detected: 8928
2026-Sep-12 14:09:32.400790 INFO    [protocol] New Top Block Detected: 8929
2026-Sep-12 14:10:39.323781 INFO    [protocol] New Top Block Detected: 8930
2026-Sep-12 14:11:14.029523 INFO    [protocol] New Top Block Detected: 8931
2026-Sep-12 14:11:25.451948 INFO    [protocol] New Top Block Detected: 8932
2026-Sep-12 14:11:32.785892 INFO    [protocol] New Top Block Detected: 8933
2026-Sep-12 14:11:59.395699 INFO    [protocol] New Top Block Detected: 8934
2026-Sep-12 14:12:09.682559 INFO    [protocol] New Top Block Detected: 8935
2026-Sep-12 14:12:12.990080 INFO    [protocol] New Top Block Detected: 8936
2026-Sep-12 14:12:17.353586 INFO    [protocol] New Top Block Detected: 8937
2026-Sep-12 14:13:21.284145 INFO    [protocol] New Top Block Detected: 8938
2026-Sep-12 14:13:58.084062 INFO    [protocol] New Top Block Detected: 8939
2026-Sep-12 14:14:47.652071 INFO    [protocol] New Top Block Detected: 8940
2026-Sep-12 14:15:04.144093 INFO    [protocol] New Top Block Detected: 8941
2026-Sep-12 14:15:27.785161 INFO    [protocol] New Top Block Detected: 8942
2026-Sep-12 14:17:25.977631 INFO    [protocol] New Top Block Detected: 8943
2026-Sep-12 14:17:26.693534 INFO    [protocol] New Top Block Detected: 8944
2026-Sep-12 14:17:58.334672 INFO    [protocol] New Top Block Detected: 8945
2026-Sep-12 14:18:30.710254 INFO    [protocol] New Top Block Detected: 8946
2026-Sep-12 14:19:19.834478 INFO    [protocol] New Top Block Detected: 8947
2026-Sep-12 14:19:36.436761 INFO    [protocol] New Top Block Detected: 8948
2026-Sep-12 14:19:54.341241 INFO    [protocol] New Top Block Detected: 8949
2026-Sep-12 14:20:34.820600 INFO    [protocol] New Top Block Detected: 8950
2026-Sep-12 14:20:43.098007 INFO    [protocol] New Top Block Detected: 8951
2026-Sep-12 14:20:44.946241 INFO    [protocol] New Top Block Detected: 8952
2026-Sep-12 14:20:46.150919 INFO    [protocol] New Top Block Detected: 8953
2026-Sep-12 14:20:48.416465 INFO    [protocol] New Top Block Detected: 8954
2026-Sep-12 14:21:24.707264 INFO    [protocol] New Top Block Detected: 8955
2026-Sep-12 14:21:25.892603 INFO    [protocol] New Top Block Detected: 8956
2026-Sep-12 14:21:27.161503 INFO    [protocol] New Top Block Detected: 8957
2026-Sep-12 14:21:29.394082 INFO    [protocol] New Top Block Detected: 8958
2026-Sep-12 14:22:17.102359 INFO    [protocol] New Top Block Detected: 8959
2026-Sep-12 14:22:47.476944 INFO    [protocol] New Top Block Detected: 8960
2026-Sep-12 14:24:14.964492 INFO    [protocol] New Top Block Detected: 8961
2026-Sep-12 14:24:30.452054 INFO    [protocol] New Top Block Detected: 8962
2026-Sep-12 14:25:26.321479 INFO    [protocol] New Top Block Detected: 8963
2026-Sep-12 14:25:38.723742 INFO    [protocol] New Top Block Detected: 8964
2026-Sep-12 14:26:49.735552 INFO    [protocol] New Top Block Detected: 8965
2026-Sep-12 14:27:02.435843 INFO    [protocol] New Top Block Detected: 8966
2026-Sep-12 14:27:12.216586 INFO    [protocol] New Top Block Detected: 8967
2026-Sep-12 14:27:14.511156 INFO    [protocol] New Top Block Detected: 8968
2026-Sep-12 14:27:19.933159 INFO    [protocol] New Top Block Detected: 8969
2026-Sep-12 14:27:50.879702 INFO    [protocol] New Top Block Detected: 8970
2026-Sep-12 14:32:26.255557 INFO    [protocol] New Top Block Detected: 8971
2026-Sep-12 14:33:00.272813 INFO    [protocol] New Top Block Detected: 8972
2026-Sep-12 14:33:11.002645 INFO    [protocol] New Top Block Detected: 8973
2026-Sep-12 14:33:31.906744 INFO    [protocol] New Top Block Detected: 8974
2026-Sep-12 14:35:00.667418 INFO    [protocol] New Top Block Detected: 8975
2026-Sep-12 14:35:16.491482 INFO    [protocol] New Top Block Detected: 8976
2026-Sep-12 14:35:20.026456 INFO    [protocol] New Top Block Detected: 8977
2026-Sep-12 14:36:41.801001 INFO    [protocol] New Top Block Detected: 8978
2026-Sep-12 14:36:59.416744 INFO    [protocol] New Top Block Detected: 8979
2026-Sep-12 14:37:47.688780 INFO    [protocol] New Top Block Detected: 8980
2026-Sep-12 14:38:01.334605 INFO    [protocol] New Top Block Detected: 8981
2026-Sep-12 14:38:06.467664 INFO    [protocol] New Top Block Detected: 8982
2026-Sep-12 14:38:27.911748 INFO    [protocol] New Top Block Detected: 8983
2026-Sep-12 14:38:42.936187 INFO    [protocol] New Top Block Detected: 8984
2026-Sep-12 14:39:09.471765 INFO    [protocol] New Top Block Detected: 8985
2026-Sep-12 14:40:14.931127 INFO    [protocol] New Top Block Detected: 8986
2026-Sep-12 14:40:25.432567 INFO    [protocol] New Top Block Detected: 8987
2026-Sep-12 14:40:31.418670 INFO    [protocol] New Top Block Detected: 8988
2026-Sep-12 14:41:17.896132 INFO    [protocol] New Top Block Detected: 8989
2026-Sep-12 14:41:31.639814 INFO    [protocol] New Top Block Detected: 8990
2026-Sep-12 14:42:00.851913 INFO    [protocol] New Top Block Detected: 8991
2026-Sep-12 14:43:57.143364 INFO    [protocol] New Top Block Detected: 8992
2026-Sep-12 14:44:24.146339 INFO    [protocol] New Top Block Detected: 8993
2026-Sep-12 14:44:32.169680 INFO    [protocol] New Top Block Detected: 8994
2026-Sep-12 14:44:33.228285 INFO    [protocol] New Top Block Detected: 8995
2026-Sep-12 14:44:35.357960 INFO    [protocol] New Top Block Detected: 8996
2026-Sep-12 14:44:43.542005 INFO    [protocol] New Top Block Detected: 8997
2026-Sep-12 14:45:26.277790 INFO    [protocol] New Top Block Detected: 8998
2026-Sep-12 14:45:39.016719 INFO    [protocol] New Top Block Detected: 8999
2026-Sep-12 14:45:49.324262 INFO    [protocol] New Top Block Detected: 9000
2026-Sep-12 14:45:52.570976 INFO    [protocol] New Top Block Detected: 9001
2026-Sep-12 14:45:52.582001 INFO    [Core] Block 9000 (3ca49629ba4d90bbff1b15d25859bcadccf31464b974a2a81def9d168a69cfab) added to main chain
2026-Sep-12 14:45:58.624755 INFO    [protocol] New Top Block Detected: 9002
2026-Sep-12 14:46:28.391516 INFO    [protocol] New Top Block Detected: 9003
2026-Sep-12 14:46:44.866640 INFO    [protocol] New Top Block Detected: 9004
2026-Sep-12 14:47:22.432236 INFO    [protocol] New Top Block Detected: 9005
2026-Sep-12 14:47:51.718981 INFO    [protocol] New Top Block Detected: 9006
2026-Sep-12 14:47:52.313517 INFO    [protocol] New Top Block Detected: 9007
2026-Sep-12 14:47:56.345915 INFO    [protocol] New Top Block Detected: 9008
2026-Sep-12 14:47:59.366378 INFO    [protocol] New Top Block Detected: 9009
2026-Sep-12 14:48:08.438091 INFO    [protocol] New Top Block Detected: 9010
2026-Sep-12 14:48:28.654890 INFO    [protocol] New Top Block Detected: 9011
2026-Sep-12 14:49:23.791981 INFO    [protocol] New Top Block Detected: 9012
2026-Sep-12 14:49:38.905486 INFO    [protocol] New Top Block Detected: 9013
2026-Sep-12 14:49:47.531639 INFO    [protocol] New Top Block Detected: 9014
2026-Sep-12 14:49:57.863187 INFO    [protocol] New Top Block Detected: 9015
2026-Sep-12 14:54:51.566200 INFO    [protocol] New Top Block Detected: 9016
2026-Sep-12 14:55:58.112551 INFO    [protocol] New Top Block Detected: 9017
2026-Sep-12 14:56:07.006058 INFO    [protocol] New Top Block Detected: 9018
2026-Sep-12 14:56:57.541840 INFO    [protocol] New Top Block Detected: 9019
2026-Sep-12 14:57:25.361452 INFO    [protocol] New Top Block Detected: 9020
2026-Sep-12 14:58:35.831992 INFO    [protocol] New Top Block Detected: 9021
2026-Sep-12 14:58:40.665929 INFO    [protocol] New Top Block Detected: 9022
2026-Sep-12 14:59:29.122428 INFO    [protocol] New Top Block Detected: 9023
2026-Sep-12 15:01:25.180144 INFO    [protocol] New Top Block Detected: 9024
2026-Sep-12 15:01:27.502934 INFO    [protocol] New Top Block Detected: 9025
2026-Sep-12 15:01:45.847312 INFO    [protocol] New Top Block Detected: 9026
2026-Sep-12 15:02:06.736757 INFO    [protocol] New Top Block Detected: 9027
2026-Sep-12 15:02:44.908644 INFO    [protocol] New Top Block Detected: 9028
2026-Sep-12 15:03:05.442930 INFO    [protocol] New Top Block Detected: 9029
2026-Sep-12 15:03:26.071728 INFO    [protocol] New Top Block Detected: 9030
2026-Sep-12 15:03:47.598660 INFO    [protocol] New Top Block Detected: 9031
2026-Sep-12 15:03:57.546099 INFO    [protocol] New Top Block Detected: 9032
2026-Sep-12 15:03:58.747717 INFO    [protocol] New Top Block Detected: 9033
2026-Sep-12 15:04:13.842680 INFO    [protocol] New Top Block Detected: 9034
2026-Sep-12 15:04:42.064765 INFO    [protocol] New Top Block Detected: 9035
2026-Sep-12 15:05:07.748504 INFO    [protocol] New Top Block Detected: 9036
2026-Sep-12 15:05:22.034981 INFO    [protocol] New Top Block Detected: 9037
2026-Sep-12 15:05:29.526799 INFO    [protocol] New Top Block Detected: 9038
2026-Sep-12 15:07:01.175884 INFO    [protocol] New Top Block Detected: 9039
2026-Sep-12 15:07:48.288900 INFO    [protocol] New Top Block Detected: 9040
2026-Sep-12 15:07:50.592200 INFO    [protocol] New Top Block Detected: 9041
2026-Sep-12 15:07:52.400044 INFO    [protocol] New Top Block Detected: 9042
2026-Sep-12 15:08:22.344824 INFO    [protocol] New Top Block Detected: 9043
2026-Sep-12 15:08:30.553824 INFO    [protocol] New Top Block Detected: 9044
2026-Sep-12 15:11:57.741190 INFO    [protocol] New Top Block Detected: 9045
2026-Sep-12 15:12:05.564104 INFO    [protocol] New Top Block Detected: 9046
2026-Sep-12 15:13:29.097951 INFO    [protocol] New Top Block Detected: 9047
2026-Sep-12 15:14:09.845626 INFO    [protocol] New Top Block Detected: 9048
2026-Sep-12 15:14:19.877167 INFO    [protocol] New Top Block Detected: 9049
2026-Sep-12 15:17:18.358174 INFO    [protocol] New Top Block Detected: 9050
2026-Sep-12 15:17:48.087093 INFO    [protocol] New Top Block Detected: 9051
2026-Sep-12 15:18:25.548684 INFO    [protocol] New Top Block Detected: 9052
2026-Sep-12 15:18:41.601352 INFO    [protocol] New Top Block Detected: 9053
2026-Sep-12 15:18:55.903275 INFO    [protocol] New Top Block Detected: 9054
2026-Sep-12 15:18:55.970298 INFO    [protocol] [100.64.0.6:48456 INC] Successfully synchronized with the Meduz Network.
2026-Sep-12 15:19:21.457793 INFO    [protocol] New Top Block Detected: 9055
2026-Sep-12 15:19:39.889661 INFO    [daemon] 

                                              
███╗   ███╗███████╗██████╗ ██╗   ██╗███████╗
████╗ ████║██╔════╝██╔══██╗██║   ██║╚══███╔╝
██╔████╔██║█████╗  ██║  ██║██║   ██║  ███╔╝ 
██║╚██╔╝██║██╔══╝  ██║  ██║██║   ██║ ███╔╝  
██║ ╚═╝ ██║███████╗██████╔╝╚██████╔╝███████╗
╚═╝     ╚═╝╚══════╝╚═════╝  ╚═════╝ ╚══════╝

 Meduz v0.14.6.1286 ()
 This software is distributed under the General Public License v3.0

 Copyright 2018-2019, The TurtleCoin Developers

 Additional Copyright(s) may apply, please see the included LICENSE file for more information.
 If you did not receive a copy of the LICENSE, please visit:
 https://github.com/meduztrade-maker/meduzcoin/blob/main/LICENSE


2026-Sep-12 15:19:39.891382 INFO    [daemon] Program Working Directory: "/"
2026-Sep-12 15:19:39.891442 INFO    [daemon] Loading Checkpoints for faster initial sync...
2026-Sep-12 15:19:39.891454 INFO    [daemon] Loaded 0 default checkpoints
2026-Sep-12 15:19:39.891475 INFO    [RocksDBWrapper] Opening DB in /data/DB
2026-Sep-12 15:19:39.908579 INFO    [RocksDBWrapper] DB opened in /data/DB
2026-Sep-12 15:19:39.910331 INFO    [daemon] Initializing core...
2026-Sep-12 15:19:39.914862 INFO    [Core] Importing blocks from blockchain storage
2026-Sep-12 15:19:40.034447 INFO    [Core] Imported block with index 9000 / 9053
2026-Sep-12 15:19:40.038577 INFO    [daemon] Core initialized OK
2026-Sep-12 15:19:40.038629 INFO    [daemon] Initializing p2p server...
2026-Sep-12 15:19:40.048977 INFO    [node_server] Priority peers configured: 0
2026-Sep-12 15:19:40.049503 INFO    [node_server] Binding on 0.0.0.0:27897
2026-Sep-12 15:19:40.049564 INFO    [node_server] Net service binded on 0.0.0.0:27897
2026-Sep-12 15:19:40.049575 INFO    [node_server] Attempting to add IGD port mapping.
2026-Sep-12 15:19:44.053749 INFO    [node_server] No IGD was found.
2026-Sep-12 15:19:44.053813 INFO    [daemon] P2p server initialized OK
2026-Sep-12 15:19:44.053823 INFO    [daemon] Starting core rpc server on address 0.0.0.0:27898
2026-Sep-12 15:19:44.053899 INFO    [daemon] Core rpc server started ok
2026-Sep-12 15:19:44.053914 INFO    [daemon] Starting p2p net loop...
2026-Sep-12 15:19:44.053924 INFO    [node_server] Starting node_server
2026-Sep-12 15:19:46.074875 INFO    [protocol] 
2026-Sep-12 15:19:46.074942 INFO    [protocol] ===[ Meduz Tip! ]=============================
2026-Sep-12 15:19:46.074954 INFO    [protocol]  Always exit meduzd and meduz-wallet with the "exit" command to preserve your chain and wallet data.
2026-Sep-12 15:19:46.074966 INFO    [protocol]  Use the "help" command to see a list of available commands.
2026-Sep-12 15:19:46.074975 INFO    [protocol]  Use the "backup" command in meduz-wallet to display your keys/seed for restoring a corrupted wallet.
2026-Sep-12 15:19:46.074985 INFO    [protocol]  If you need more assistance, you can contact us for support at https://t.me/REPLACE_WITH_YOUR_CHANNEL
2026-Sep-12 15:19:46.074994 INFO    [protocol] ===================================================
2026-Sep-12 15:19:46.074994 INFO    [protocol] 
2026-Sep-12 15:19:46.075013 INFO    [protocol] 
                                              
███╗   ███╗███████╗██████╗ ██╗   ██╗███████╗
████╗ ████║██╔════╝██╔══██╗██║   ██║╚══███╔╝
██╔████╔██║█████╗  ██║  ██║██║   ██║  ███╔╝ 
██║╚██╔╝██║██╔══╝  ██║  ██║██║   ██║ ███╔╝  
██║ ╚═╝ ██║███████╗██████╔╝╚██████╔╝███████╗
╚═╝     ╚═╝╚══════╝╚═════╝  ╚═════╝ ╚══════╝

2026-Sep-12 15:19:46.075041 INFO    [protocol] New Top Block Detected: 9054
2026-Sep-12 15:19:47.503238 INFO    [protocol] [100.64.0.3:60500 INC] Your Meduz node is syncing with the network (99.99% complete) You are 1 blocks (0 days) behind the current peer you're connected to. Slow and steady wins the race! 
2026-Sep-12 15:19:47.503300 INFO    [protocol] New Top Block Detected: 9055
2026-Sep-12 15:19:47.643478 INFO    [protocol] [100.64.0.3:60500 INC] Successfully synchronized with the Meduz Network.
2026-Sep-12 15:19:50.073145 INFO    [protocol] New Top Block Detected: 9056
2026-Sep-12 15:19:56.353554 INFO    [protocol] New Top Block Detected: 9057
2026-Sep-12 15:20:10.670133 INFO    [protocol] New Top Block Detected: 9058
2026-Sep-12 15:20:36.936965 INFO    [protocol] New Top Block Detected: 9059
2026-Sep-12 15:20:38.406686 INFO    [protocol] New Top Block Detected: 9060
2026-Sep-12 15:21:05.097205 INFO    [protocol] New Top Block Detected: 9061
2026-Sep-12 15:21:20.615087 INFO    [protocol] New Top Block Detected: 9062
2026-Sep-12 15:21:25.886113 INFO    [protocol] New Top Block Detected: 9063
2026-Sep-12 15:21:29.361337 INFO    [protocol] New Top Block Detected: 9064
2026-Sep-12 15:21:38.347537 INFO    [protocol] New Top Block Detected: 9065
2026-Sep-12 15:21:54.580085 INFO    [protocol] New Top Block Detected: 9066
2026-Sep-12 15:22:06.876842 INFO    [protocol] New Top Block Detected: 9067
2026-Sep-12 15:22:09.588805 INFO    [protocol] New Top Block Detected: 9068
2026-Sep-12 15:22:37.692833 INFO    [protocol] New Top Block Detected: 9069
2026-Sep-12 15:22:55.761619 INFO    [protocol] New Top Block Detected: 9070
2026-Sep-12 15:23:19.869706 INFO    [protocol] New Top Block Detected: 9071
2026-Sep-12 15:23:42.329122 INFO    [protocol] New Top Block Detected: 9072
2026-Sep-12 15:23:53.474245 INFO    [protocol] New Top Block Detected: 9073
2026-Sep-12 15:24:06.076310 INFO    [protocol] New Top Block Detected: 9074
2026-Sep-12 15:24:44.781667 INFO    [protocol] New Top Block Detected: 9075
2026-Sep-12 15:25:32.404514 INFO    [protocol] New Top Block Detected: 9076
2026-Sep-12 15:25:37.504029 INFO    [protocol] New Top Block Detected: 9077
2026-Sep-12 15:26:00.586708 INFO    [protocol] New Top Block Detected: 9078
2026-Sep-12 15:26:10.639240 INFO    [protocol] New Top Block Detected: 9079
2026-Sep-12 15:26:18.680065 INFO    [protocol] New Top Block Detected: 9080
2026-Sep-12 15:26:59.659113 INFO    [protocol] New Top Block Detected: 9081
2026-Sep-12 15:29:52.016596 INFO    [protocol] New Top Block Detected: 9082
2026-Sep-12 15:30:23.805733 INFO    [protocol] New Top Block Detected: 9083
2026-Sep-12 15:30:29.877677 INFO    [protocol] New Top Block Detected: 9084
2026-Sep-12 15:30:47.629109 INFO    [protocol] New Top Block Detected: 9085
2026-Sep-12 15:30:56.784009 INFO    [protocol] New Top Block Detected: 9086
2026-Sep-12 15:30:58.007578 INFO    [protocol] New Top Block Detected: 9087
2026-Sep-12 15:31:52.268668 INFO    [protocol] New Top Block Detected: 9089
2026-Sep-12 15:32:11.758599 INFO    [protocol] New Top Block Detected: 9090
2026-Sep-12 15:32:23.748344 INFO    [protocol] New Top Block Detected: 9091
2026-Sep-12 15:33:47.670545 INFO    [protocol] New Top Block Detected: 9092
2026-Sep-12 15:34:57.116690 INFO    [protocol] New Top Block Detected: 9093
2026-Sep-12 15:36:02.898522 INFO    [protocol] New Top Block Detected: 9094
2026-Sep-12 15:36:59.698553 INFO    [protocol] New Top Block Detected: 9095
2026-Sep-12 15:37:09.738212 INFO    [protocol] New Top Block Detected: 9096
2026-Sep-12 15:37:21.911039 INFO    [protocol] New Top Block Detected: 9097
2026-Sep-12 15:37:28.013225 INFO    [protocol] New Top Block Detected: 9098
2026-Sep-12 15:37:38.051728 INFO    [protocol] New Top Block Detected: 9099
2026-Sep-12 15:37:42.257981 INFO    [protocol] New Top Block Detected: 9100
2026-Sep-12 15:38:26.569633 INFO    [protocol] New Top Block Detected: 9101
2026-Sep-12 15:38:26.596336 INFO    [Core] Block 9100 (e5ae4701119f015d1a0ffe6fcd6e9557fd937a1ea9d6d83b8529503061e1ad3a) added to main chain
2026-Sep-12 15:38:30.528491 INFO    [protocol] New Top Block Detected: 9102
2026-Sep-12 15:38:58.303806 INFO    [protocol] New Top Block Detected: 9103
2026-Sep-12 15:39:06.956121 INFO    [protocol] New Top Block Detected: 9104
2026-Sep-12 15:39:27.037934 INFO    [protocol] New Top Block Detected: 9105
2026-Sep-12 15:40:11.759909 INFO    [protocol] New Top Block Detected: 9106
2026-Sep-12 15:40:23.350437 INFO    [protocol] New Top Block Detected: 9107
2026-Sep-12 15:40:29.948618 INFO    [protocol] New Top Block Detected: 9108
2026-Sep-12 15:40:33.979037 INFO    [protocol] New Top Block Detected: 9109
2026-Sep-12 15:40:42.415882 INFO    [protocol] New Top Block Detected: 9110
2026-Sep-12 15:41:24.890350 INFO    [protocol] New Top Block Detected: 9111
2026-Sep-12 15:41:28.398805 INFO    [protocol] New Top Block Detected: 9112
2026-Sep-12 15:41:53.240866 INFO    [protocol] New Top Block Detected: 9113
2026-Sep-12 15:41:57.262197 INFO    [protocol] New Top Block Detected: 9114
2026-Sep-12 15:42:53.985449 INFO    [protocol] New Top Block Detected: 9115
2026-Sep-12 15:46:17.982910 INFO    [protocol] New Top Block Detected: 9116
2026-Sep-12 15:47:02.345815 INFO    [protocol] New Top Block Detected: 9117
2026-Sep-12 15:48:31.685510 INFO    [protocol] New Top Block Detected: 9118
2026-Sep-12 15:48:53.986576 INFO    [protocol] New Top Block Detected: 9119
2026-Sep-12 15:50:01.088724 INFO    [protocol] New Top Block Detected: 9120
2026-Sep-12 15:50:43.397761 INFO    [protocol] New Top Block Detected: 9121
2026-Sep-12 15:51:24.230730 INFO    [protocol] New Top Block Detected: 9122
2026-Sep-12 15:52:18.465901 INFO    [protocol] New Top Block Detected: 9123
2026-Sep-12 15:53:53.320474 INFO    [protocol] New Top Block Detected: 9124
2026-Sep-12 15:53:57.577595 INFO    [protocol] New Top Block Detected: 9125
2026-Sep-12 15:55:21.911815 INFO    [protocol] New Top Block Detected: 9126
2026-Sep-12 15:56:03.745794 INFO    [protocol] New Top Block Detected: 9127
2026-Sep-12 15:56:36.409582 INFO    [protocol] New Top Block Detected: 9128
2026-Sep-12 15:57:10.896323 INFO    [protocol] New Top Block Detected: 9129
2026-Sep-12 15:57:38.349691 INFO    [protocol] New Top Block Detected: 9130
2026-Sep-12 15:57:43.078126 INFO    [protocol] New Top Block Detected: 9131
2026-Sep-12 15:57:55.138477 INFO    [protocol] New Top Block Detected: 9132
2026-Sep-12 15:58:03.178367 INFO    [protocol] New Top Block Detected: 9133
2026-Sep-12 15:58:03.966876 INFO    [protocol] New Top Block Detected: 9134
2026-Sep-12 15:58:47.377037 INFO    [protocol] New Top Block Detected: 9135
2026-Sep-12 15:59:01.181622 INFO    [protocol] New Top Block Detected: 9136
2026-Sep-12 15:59:09.580180 INFO    [protocol] New Top Block Detected: 9138
2026-Sep-12 15:59:21.008385 INFO    [protocol] New Top Block Detected: 9139
2026-Sep-12 15:59:37.735548 INFO    [protocol] New Top Block Detected: 9140
2026-Sep-12 16:00:26.135554 INFO    [protocol] New Top Block Detected: 9141
2026-Sep-12 16:00:34.031703 INFO    [protocol] New Top Block Detected: 9142
2026-Sep-12 16:01:14.296372 INFO    [protocol] New Top Block Detected: 9143
2026-Sep-12 16:01:56.577044 INFO    [protocol] New Top Block Detected: 9144
2026-Sep-12 16:02:37.043838 INFO    [protocol] New Top Block Detected: 9145
2026-Sep-12 16:02:43.069169 INFO    [protocol] New Top Block Detected: 9146
2026-Sep-12 16:03:09.181432 INFO    [protocol] New Top Block Detected: 9147
2026-Sep-12 16:03:19.281821 INFO    [protocol] New Top Block Detected: 9148
2026-Sep-12 16:03:38.351860 INFO    [protocol] New Top Block Detected: 9149
2026-Sep-12 16:04:55.708067 INFO    [protocol] New Top Block Detected: 9150
2026-Sep-12 16:05:05.092933 INFO    [protocol] New Top Block Detected: 9151
2026-Sep-12 16:05:33.931575 INFO    [protocol] New Top Block Detected: 9152
2026-Sep-12 16:06:31.624732 INFO    [protocol] New Top Block Detected: 9153
2026-Sep-12 16:06:57.914604 INFO    [protocol] New Top Block Detected: 9154
2026-Sep-12 16:07:12.457871 INFO    [protocol] New Top Block Detected: 9155
2026-Sep-12 16:07:26.517604 INFO    [protocol] New Top Block Detected: 9156
2026-Sep-12 16:08:37.029635 INFO    [protocol] New Top Block Detected: 9157
2026-Sep-12 16:08:57.444003 INFO    [protocol] New Top Block Detected: 9158
2026-Sep-12 16:09:00.398805 INFO    [protocol] New Top Block Detected: 9159
2026-Sep-12 16:09:15.281508 INFO    [protocol] New Top Block Detected: 9160
2026-Sep-12 16:09:57.523176 INFO    [protocol] New Top Block Detected: 9161
2026-Sep-12 16:10:15.613693 INFO    [protocol] New Top Block Detected: 9162
2026-Sep-12 16:10:33.728146 INFO    [protocol] New Top Block Detected: 9163
2026-Sep-12 16:10:59.888415 INFO    [protocol] New Top Block Detected: 9164
2026-Sep-12 16:11:13.989599 INFO    [protocol] New Top Block Detected: 9165
2026-Sep-12 16:11:20.049715 INFO    [protocol] New Top Block Detected: 9166
2026-Sep-12 16:12:04.346751 INFO    [protocol] New Top Block Detected: 9167
2026-Sep-12 16:12:46.909622 INFO    [protocol] New Top Block Detected: 9168
2026-Sep-12 16:14:15.338627 INFO    [protocol] New Top Block Detected: 9169
2026-Sep-12 16:14:39.037734 INFO    [protocol] New Top Block Detected: 9170
2026-Sep-12 16:14:53.234583 INFO    [protocol] New Top Block Detected: 9172
2026-Sep-12 16:16:09.138007 INFO    [protocol] New Top Block Detected: 9173
2026-Sep-12 16:16:41.610046 INFO    [protocol] New Top Block Detected: 9174
2026-Sep-12 16:17:01.071846 INFO    [protocol] New Top Block Detected: 9175
2026-Sep-12 16:17:38.360187 INFO    [protocol] New Top Block Detected: 9176
2026-Sep-12 16:17:41.283639 INFO    [protocol] New Top Block Detected: 9177
2026-Sep-12 16:17:42.883002 INFO    [protocol] New Top Block Detected: 9178
2026-Sep-12 16:17:49.316772 INFO    [protocol] New Top Block Detected: 9179
2026-Sep-12 16:18:19.487925 INFO    [protocol] New Top Block Detected: 9180
2026-Sep-12 16:21:42.437775 INFO    [protocol] New Top Block Detected: 9181
2026-Sep-12 16:21:43.534067 INFO    [protocol] New Top Block Detected: 9182
2026-Sep-12 16:23:42.236141 INFO    [protocol] New Top Block Detected: 9183
2026-Sep-12 16:23:52.025237 INFO    [protocol] New Top Block Detected: 9184
2026-Sep-12 16:24:05.043608 INFO    [protocol] New Top Block Detected: 9185
2026-Sep-12 16:24:14.350407 INFO    [protocol] New Top Block Detected: 9186
2026-Sep-12 16:25:09.360856 INFO    [protocol] New Top Block Detected: 9187
2026-Sep-12 16:25:11.832440 INFO    [protocol] New Top Block Detected: 9188
2026-Sep-12 16:27:07.983286 INFO    [protocol] New Top Block Detected: 9189
2026-Sep-12 16:27:12.363095 INFO    [protocol] New Top Block Detected: 9190
2026-Sep-12 16:28:10.297516 INFO    [protocol] New Top Block Detected: 9191
2026-Sep-12 16:29:10.642987 INFO    [protocol] New Top Block Detected: 9192
2026-Sep-12 16:29:26.776248 INFO    [protocol] New Top Block Detected: 9193
2026-Sep-12 16:29:51.657301 INFO    [protocol] New Top Block Detected: 9194
2026-Sep-12 16:30:11.224137 INFO    [protocol] New Top Block Detected: 9195
2026-Sep-12 16:31:44.070579 INFO    [protocol] New Top Block Detected: 9196
2026-Sep-12 16:31:46.122242 INFO    [protocol] New Top Block Detected: 9197
2026-Sep-12 16:31:59.796169 INFO    [protocol] New Top Block Detected: 9198
2026-Sep-12 16:32:18.397823 INFO    [protocol] New Top Block Detected: 9199
2026-Sep-12 16:33:03.822736 INFO    [Core] Block 9200 (41962def6234be1b52041b7fc0ebef7e052b44dcc41282b7dc3ee6819ec7beeb) added to main chain
2026-Sep-12 16:33:04.611987 INFO    [protocol] New Top Block Detected: 9201
2026-Sep-12 16:34:25.104189 INFO    [protocol] New Top Block Detected: 9202
2026-Sep-12 16:35:57.559549 INFO    [protocol] New Top Block Detected: 9203
2026-Sep-12 16:36:21.216524 INFO    [protocol] New Top Block Detected: 9204
2026-Sep-12 16:36:27.642517 INFO    [protocol] New Top Block Detected: 9205
2026-Sep-12 16:37:17.958021 INFO    [protocol] New Top Block Detected: 9206
2026-Sep-12 16:37:40.057226 INFO    [protocol] New Top Block Detected: 9207
2026-Sep-12 16:37:50.693116 INFO    [protocol] New Top Block Detected: 9208
2026-Sep-12 16:37:56.126088 INFO    [protocol] New Top Block Detected: 9209
2026-Sep-12 16:37:59.084049 INFO    [protocol] New Top Block Detected: 9211
2026-Sep-12 16:38:06.166144 INFO    [protocol] New Top Block Detected: 9212
2026-Sep-12 16:38:17.939317 INFO    [protocol] New Top Block Detected: 9213
2026-Sep-12 16:38:18.764335 INFO    [protocol] New Top Block Detected: 9214
2026-Sep-12 16:38:30.266905 INFO    [protocol] New Top Block Detected: 9215
2026-Sep-12 16:38:48.339474 INFO    [protocol] New Top Block Detected: 9216
2026-Sep-12 16:39:16.652916 INFO    [protocol] New Top Block Detected: 9217
2026-Sep-12 16:39:42.906362 INFO    [protocol] New Top Block Detected: 9218
2026-Sep-12 16:40:31.382472 INFO    [protocol] New Top Block Detected: 9219
2026-Sep-12 16:40:37.304698 INFO    [protocol] New Top Block Detected: 9220
2026-Sep-12 16:40:41.323170 INFO    [protocol] New Top Block Detected: 9221
2026-Sep-12 16:41:04.966364 INFO    [protocol] New Top Block Detected: 9222
2026-Sep-12 16:41:51.810890 INFO    [protocol] New Top Block Detected: 9223
2026-Sep-12 16:42:10.231025 INFO    [protocol] New Top Block Detected: 9224
2026-Sep-12 16:42:17.954887 INFO    [protocol] New Top Block Detected: 9225
2026-Sep-12 16:42:54.149064 INFO    [protocol] New Top Block Detected: 9226
2026-Sep-12 16:45:55.765619 INFO    [protocol] New Top Block Detected: 9227
2026-Sep-12 16:46:30.605708 INFO    [protocol] New Top Block Detected: 9228
2026-Sep-12 16:47:27.706335 INFO    [protocol] New Top Block Detected: 9229
2026-Sep-12 16:47:32.934007 INFO    [protocol] New Top Block Detected: 9230
2026-Sep-12 16:48:25.124739 INFO    [protocol] New Top Block Detected: 9232
2026-Sep-12 16:48:39.817640 INFO    [protocol] New Top Block Detected: 9233
2026-Sep-12 16:48:55.473437 INFO    [protocol] New Top Block Detected: 9234
2026-Sep-12 16:49:31.435358 INFO    [protocol] New Top Block Detected: 9235
2026-Sep-12 16:49:59.927366 INFO    [protocol] New Top Block Detected: 9236
2026-Sep-12 16:51:28.336581 INFO    [protocol] New Top Block Detected: 9237
2026-Sep-12 16:51:28.870560 INFO    [protocol] New Top Block Detected: 9238
2026-Sep-12 16:51:43.238858 INFO    [protocol] New Top Block Detected: 9239
2026-Sep-12 16:52:27.644911 INFO    [protocol] New Top Block Detected: 9240
2026-Sep-12 16:52:34.012777 INFO    [protocol] New Top Block Detected: 9241
2026-Sep-12 16:53:27.080565 INFO    [protocol] New Top Block Detected: 9242
2026-Sep-12 16:54:02.820807 INFO    [protocol] New Top Block Detected: 9243
2026-Sep-12 16:54:37.601227 INFO    [protocol] New Top Block Detected: 9244
2026-Sep-12 16:55:44.028162 INFO    [protocol] New Top Block Detected: 9245
2026-Sep-12 16:56:14.136226 INFO    [protocol] New Top Block Detected: 9246
2026-Sep-12 16:56:18.435873 INFO    [protocol] New Top Block Detected: 9247
2026-Sep-12 16:56:32.306450 INFO    [protocol] New Top Block Detected: 9248
2026-Sep-12 16:57:38.490469 INFO    [protocol] New Top Block Detected: 9249
2026-Sep-12 16:57:52.946521 INFO    [protocol] New Top Block Detected: 9250
2026-Sep-12 16:58:53.549580 INFO    [protocol] New Top Block Detected: 9251
2026-Sep-12 16:59:00.349476 INFO    [protocol] New Top Block Detected: 9252
2026-Sep-12 16:59:07.628994 INFO    [protocol] New Top Block Detected: 9254
2026-Sep-12 16:59:13.657157 INFO    [protocol] New Top Block Detected: 9255
2026-Sep-12 16:59:17.367182 INFO    [protocol] New Top Block Detected: 9256
2026-Sep-12 17:00:32.113229 INFO    [protocol] New Top Block Detected: 9257
2026-Sep-12 17:00:52.210414 INFO    [protocol] New Top Block Detected: 9258
2026-Sep-12 17:01:16.132747 INFO    [protocol] New Top Block Detected: 9259
2026-Sep-12 17:02:46.846936 INFO    [protocol] New Top Block Detected: 9260
2026-Sep-12 17:02:48.525239 INFO    [protocol] New Top Block Detected: 9261
2026-Sep-12 17:03:59.605630 INFO    [protocol] New Top Block Detected: 9262
2026-Sep-12 17:04:29.800553 INFO    [protocol] New Top Block Detected: 9263
2026-Sep-12 17:04:43.765232 INFO    [protocol] New Top Block Detected: 9264
2026-Sep-12 17:04:46.729599 INFO    [protocol] New Top Block Detected: 9265
2026-Sep-12 17:04:53.932077 INFO    [protocol] New Top Block Detected: 9266
2026-Sep-12 17:05:09.601662 INFO    [protocol] New Top Block Detected: 9267
2026-Sep-12 17:05:18.128494 INFO    [protocol] New Top Block Detected: 9268
2026-Sep-12 17:06:22.568752 INFO    [protocol] New Top Block Detected: 9269
2026-Sep-12 17:06:38.366133 INFO    [protocol] New Top Block Detected: 9270
2026-Sep-12 17:07:37.024266 INFO    [protocol] New Top Block Detected: 9271
2026-Sep-12 17:09:18.204444 INFO    [protocol] New Top Block Detected: 9272
2026-Sep-12 17:10:58.517025 INFO    [protocol] New Top Block Detected: 9273
2026-Sep-12 17:11:49.204041 INFO    [protocol] New Top Block Detected: 9274
2026-Sep-12 17:13:13.970247 INFO    [protocol] New Top Block Detected: 9275
2026-Sep-12 17:13:14.067612 INFO    [protocol] New Top Block Detected: 9276
2026-Sep-12 17:14:27.409163 INFO    [protocol] New Top Block Detected: 9277
2026-Sep-12 17:14:35.556847 INFO    [protocol] New Top Block Detected: 9278
2026-Sep-12 17:15:00.150838 INFO    [protocol] New Top Block Detected: 9279
2026-Sep-12 17:15:41.843872 INFO    [protocol] New Top Block Detected: 9280
2026-Sep-12 17:15:51.966305 INFO    [protocol] New Top Block Detected: 9281
2026-Sep-12 17:17:03.254001 INFO    [protocol] New Top Block Detected: 9282
2026-Sep-12 17:17:20.963307 INFO    [protocol] New Top Block Detected: 9283
2026-Sep-12 17:17:38.364498 INFO    [protocol] New Top Block Detected: 9284
2026-Sep-12 17:18:09.409638 INFO    [protocol] New Top Block Detected: 9285
2026-Sep-12 17:18:48.634791 INFO    [protocol] New Top Block Detected: 9286
2026-Sep-12 17:18:58.359268 INFO    [protocol] New Top Block Detected: 9287
2026-Sep-12 17:19:11.881598 INFO    [protocol] New Top Block Detected: 9288
2026-Sep-12 17:20:19.398088 INFO    [protocol] New Top Block Detected: 9289
2026-Sep-12 17:20:30.780871 INFO    [protocol] New Top Block Detected: 9290
2026-Sep-12 17:21:11.800173 INFO    [protocol] New Top Block Detected: 9291
2026-Sep-12 17:21:21.024846 INFO    [protocol] New Top Block Detected: 9292
2026-Sep-12 17:21:30.532798 INFO    [protocol] New Top Block Detected: 9293
2026-Sep-12 17:21:42.743537 INFO    [protocol] New Top Block Detected: 9294
2026-Sep-12 17:21:54.030824 INFO    [protocol] New Top Block Detected: 9295
2026-Sep-12 17:23:26.631258 INFO    [protocol] New Top Block Detected: 9296
2026-Sep-12 17:23:47.081672 INFO    [protocol] New Top Block Detected: 9297
2026-Sep-12 17:24:11.356130 INFO    [protocol] New Top Block Detected: 9298
2026-Sep-12 17:24:54.885779 INFO    [protocol] New Top Block Detected: 9299
2026-Sep-12 17:25:21.811823 INFO    [protocol] New Top Block Detected: 9300
2026-Sep-12 17:25:36.899966 INFO    [Core] Block 9300 (b219f533a1a74282143aa68285bcac4ab5149ea63e4bdf8decc36d5d4b67fe46) added to main chain
2026-Sep-12 17:25:37.965059 INFO    [protocol] New Top Block Detected: 9301
2026-Sep-12 17:25:38.846340 INFO    [protocol] New Top Block Detected: 9302
2026-Sep-12 17:25:43.475254 INFO    [protocol] New Top Block Detected: 9303
2026-Sep-12 17:26:18.482955 INFO    [protocol] New Top Block Detected: 9304
2026-Sep-12 17:26:38.402403 INFO    [protocol] New Top Block Detected: 9305
2026-Sep-12 17:26:58.516672 INFO    [protocol] New Top Block Detected: 9306
2026-Sep-12 17:27:08.570637 INFO    [protocol] New Top Block Detected: 9307
2026-Sep-12 17:27:29.093820 INFO    [protocol] New Top Block Detected: 9308
2026-Sep-12 17:27:50.825888 INFO    [protocol] New Top Block Detected: 9309
2026-Sep-12 17:29:09.106906 INFO    [protocol] New Top Block Detected: 9310
2026-Sep-12 17:29:17.079523 INFO    [protocol] New Top Block Detected: 9311
2026-Sep-12 17:29:25.527503 INFO    [protocol] New Top Block Detected: 9313
2026-Sep-12 17:30:56.503299 INFO    [protocol] New Top Block Detected: 9314
2026-Sep-12 17:31:13.957792 INFO    [protocol] New Top Block Detected: 9315
2026-Sep-12 17:31:30.893820 INFO    [protocol] New Top Block Detected: 9316
2026-Sep-12 17:33:01.582238 INFO    [protocol] New Top Block Detected: 9317
2026-Sep-12 17:33:20.023850 INFO    [protocol] New Top Block Detected: 9318
2026-Sep-12 17:35:23.104567 INFO    [protocol] New Top Block Detected: 9319
2026-Sep-12 17:35:55.451731 INFO    [protocol] New Top Block Detected: 9320
2026-Sep-12 17:36:38.366034 INFO    [protocol] New Top Block Detected: 9321
2026-Sep-12 17:36:41.740361 INFO    [protocol] New Top Block Detected: 9322
2026-Sep-12 17:37:24.919570 INFO    [protocol] New Top Block Detected: 9323
2026-Sep-12 17:37:36.170823 INFO    [protocol] New Top Block Detected: 9324
2026-Sep-12 17:38:55.499727 INFO    [protocol] New Top Block Detected: 9325
2026-Sep-12 17:39:38.366149 INFO    [protocol] New Top Block Detected: 9326
2026-Sep-12 17:40:58.629074 INFO    [protocol] New Top Block Detected: 9327
2026-Sep-12 17:41:31.216349 INFO    [protocol] New Top Block Detected: 9328
2026-Sep-12 17:41:59.570953 INFO    [protocol] New Top Block Detected: 9329
2026-Sep-12 17:42:17.737960 INFO    [protocol] New Top Block Detected: 9331
2026-Sep-12 17:42:22.219254 INFO    [protocol] New Top Block Detected: 9332
2026-Sep-12 17:42:25.775701 INFO    [protocol] New Top Block Detected: 9333
2026-Sep-12 17:42:29.795957 INFO    [protocol] New Top Block Detected: 9334
2026-Sep-12 17:42:38.408131 INFO    [protocol] New Top Block Detected: 9335
2026-Sep-12 17:43:10.442809 INFO    [protocol] New Top Block Detected: 9336
2026-Sep-12 17:43:44.089264 INFO    [protocol] New Top Block Detected: 9337
2026-Sep-12 17:44:14.554777 INFO    [protocol] New Top Block Detected: 9338
2026-Sep-12 17:44:20.890733 INFO    [protocol] New Top Block Detected: 9339
2026-Sep-12 17:44:32.630646 INFO    [protocol] New Top Block Detected: 9340
2026-Sep-12 17:44:36.648521 INFO    [protocol] New Top Block Detected: 9341
2026-Sep-12 17:45:09.110005 INFO    [protocol] New Top Block Detected: 9342
2026-Sep-12 17:45:35.611478 INFO    [protocol] New Top Block Detected: 9344
2026-Sep-12 17:45:38.332687 INFO    [protocol] New Top Block Detected: 9345
2026-Sep-12 17:45:55.000248 INFO    [protocol] New Top Block Detected: 9346
2026-Sep-12 17:46:58.819862 INFO    [protocol] New Top Block Detected: 9347
2026-Sep-12 17:47:35.501240 INFO    [protocol] New Top Block Detected: 9348
2026-Sep-12 17:47:41.009846 INFO    [protocol] New Top Block Detected: 9349
2026-Sep-12 17:47:55.677818 INFO    [protocol] New Top Block Detected: 9351
2026-Sep-12 17:48:21.204602 INFO    [protocol] New Top Block Detected: 9352
2026-Sep-12 17:49:50.259092 INFO    [protocol] New Top Block Detected: 9353
2026-Sep-12 17:50:00.511457 INFO    [protocol] New Top Block Detected: 9354
2026-Sep-12 17:50:49.222000 INFO    [protocol] New Top Block Detected: 9355
2026-Sep-12 17:53:37.506993 INFO    [protocol] New Top Block Detected: 9356
2026-Sep-12 17:55:41.572769 INFO    [protocol] New Top Block Detected: 9357
2026-Sep-12 17:58:37.484536 INFO    [protocol] New Top Block Detected: 9358
2026-Sep-12 17:58:57.472605 INFO    [protocol] New Top Block Detected: 9359
2026-Sep-12 17:59:02.916922 INFO    [protocol] New Top Block Detected: 9360
2026-Sep-12 17:59:14.004563 INFO    [protocol] New Top Block Detected: 9361
2026-Sep-12 18:00:50.283283 INFO    [protocol] New Top Block Detected: 9362
2026-Sep-12 18:01:38.285084 INFO    [protocol] New Top Block Detected: 9363
2026-Sep-12 18:01:42.643219 INFO    [protocol] New Top Block Detected: 9364
2026-Sep-12 18:03:30.233009 INFO    [protocol] New Top Block Detected: 9365
2026-Sep-12 18:03:44.094812 INFO    [protocol] New Top Block Detected: 9366
2026-Sep-12 18:04:11.069288 INFO    [protocol] New Top Block Detected: 9367
2026-Sep-12 18:04:22.628427 INFO    [protocol] New Top Block Detected: 9368
2026-Sep-12 18:04:29.141008 INFO    [protocol] New Top Block Detected: 9369
2026-Sep-12 18:04:36.728813 INFO    [protocol] New Top Block Detected: 9370
2026-Sep-12 18:04:42.848703 INFO    [protocol] New Top Block Detected: 9371
2026-Sep-12 18:04:52.891783 INFO    [protocol] New Top Block Detected: 9372
2026-Sep-12 18:05:04.951240 INFO    [protocol] New Top Block Detected: 9373
2026-Sep-12 18:05:12.979658 INFO    [protocol] New Top Block Detected: 9374
2026-Sep-12 18:05:44.094841 INFO    [protocol] New Top Block Detected: 9375
2026-Sep-12 18:06:46.908071 INFO    [protocol] New Top Block Detected: 9376
2026-Sep-12 18:06:57.960263 INFO    [protocol] New Top Block Detected: 9377
2026-Sep-12 18:07:30.909707 INFO    [protocol] New Top Block Detected: 9378
2026-Sep-12 18:08:05.127906 INFO    [protocol] New Top Block Detected: 9379
2026-Sep-12 18:08:15.963689 INFO    [protocol] New Top Block Detected: 9380
2026-Sep-12 18:08:25.342973 INFO    [protocol] New Top Block Detected: 9381
2026-Sep-12 18:08:49.281272 INFO    [protocol] New Top Block Detected: 9382
2026-Sep-12 18:09:52.835549 INFO    [protocol] New Top Block Detected: 9383
2026-Sep-12 18:11:11.603125 INFO    [protocol] New Top Block Detected: 9384
2026-Sep-12 18:13:15.766727 INFO    [protocol] New Top Block Detected: 9386
2026-Sep-12 18:14:06.815507 INFO    [protocol] New Top Block Detected: 9387
2026-Sep-12 18:15:14.147537 INFO    [protocol] New Top Block Detected: 9388
2026-Sep-12 18:15:16.427036 INFO    [protocol] New Top Block Detected: 9389
2026-Sep-12 18:15:56.328822 INFO    [protocol] New Top Block Detected: 9390
2026-Sep-12 18:16:10.387503 INFO    [protocol] New Top Block Detected: 9391
2026-Sep-12 18:17:30.906397 INFO    [protocol] New Top Block Detected: 9392
2026-Sep-12 18:18:03.379438 INFO    [protocol] New Top Block Detected: 9393
2026-Sep-12 18:18:09.404010 INFO    [protocol] New Top Block Detected: 9394
2026-Sep-12 18:18:11.504584 INFO    [protocol] New Top Block Detected: 9395
2026-Sep-12 18:19:01.128139 INFO    [protocol] New Top Block Detected: 9396
2026-Sep-12 18:19:07.149017 INFO    [protocol] New Top Block Detected: 9397
2026-Sep-12 18:19:11.236124 INFO    [protocol] New Top Block Detected: 9399
2026-Sep-12 18:19:15.186489 INFO    [protocol] New Top Block Detected: 9400
2026-Sep-12 18:19:27.971944 INFO    [Core] Block 9400 (4aeda138bbad135f76b5310596e8d1a6e6e6e3ca33cd6ce60427b8c02d28c6d8) added to main chain
2026-Sep-12 18:19:29.558681 INFO    [protocol] New Top Block Detected: 9401
2026-Sep-12 18:20:07.726017 INFO    [protocol] New Top Block Detected: 9402
2026-Sep-12 18:20:19.784637 INFO    [protocol] New Top Block Detected: 9403
2026-Sep-12 18:20:21.220286 INFO    [protocol] New Top Block Detected: 9404
2026-Sep-12 18:20:31.046672 INFO    [protocol] New Top Block Detected: 9405
2026-Sep-12 18:21:28.711732 INFO    [protocol] New Top Block Detected: 9406
2026-Sep-12 18:21:33.857994 INFO    [protocol] New Top Block Detected: 9407
2026-Sep-12 18:21:41.913055 INFO    [protocol] New Top Block Detected: 9408
2026-Sep-12 18:21:55.338445 INFO    [protocol] New Top Block Detected: 9409
2026-Sep-12 18:22:06.246199 INFO    [protocol] New Top Block Detected: 9412
2026-Sep-12 18:22:08.252279 INFO    [protocol] New Top Block Detected: 9413
2026-Sep-12 18:22:09.255215 INFO    [protocol] New Top Block Detected: 9414
2026-Sep-12 18:22:38.374623 INFO    [protocol] New Top Block Detected: 9415
2026-Sep-12 18:23:23.054386 INFO    [protocol] New Top Block Detected: 9416
2026-Sep-12 18:23:34.582065 INFO    [protocol] New Top Block Detected: 9417
2026-Sep-12 18:26:20.790182 INFO    [protocol] New Top Block Detected: 9418
2026-Sep-12 18:26:43.952022 INFO    [protocol] New Top Block Detected: 9419
2026-Sep-12 18:26:50.927587 INFO    [protocol] New Top Block Detected: 9420
2026-Sep-12 18:27:55.767545 INFO    [protocol] New Top Block Detected: 9421
2026-Sep-12 18:29:19.267278 INFO    [protocol] New Top Block Detected: 9422
2026-Sep-12 18:31:18.707008 INFO    [protocol] New Top Block Detected: 9423
2026-Sep-12 18:31:29.123058 INFO    [protocol] New Top Block Detected: 9424
2026-Sep-12 18:33:24.979897 INFO    [protocol] New Top Block Detected: 9425
2026-Sep-12 18:35:25.210673 INFO    [protocol] New Top Block Detected: 9427
2026-Sep-12 18:35:54.171409 INFO    [protocol] New Top Block Detected: 9428
2026-Sep-12 18:36:24.999429 INFO    [protocol] New Top Block Detected: 9429
2026-Sep-12 18:38:14.631283 INFO    [protocol] New Top Block Detected: 9430
2026-Sep-12 18:39:03.007120 INFO    [protocol] New Top Block Detected: 9431
2026-Sep-12 18:39:52.766837 INFO    [protocol] New Top Block Detected: 9432
2026-Sep-12 18:40:37.315119 INFO    [protocol] New Top Block Detected: 9433
2026-Sep-12 18:42:15.964593 INFO    [protocol] New Top Block Detected: 9434
2026-Sep-12 18:42:33.692442 INFO    [protocol] New Top Block Detected: 9435
2026-Sep-12 18:44:02.439283 INFO    [protocol] New Top Block Detected: 9436
2026-Sep-12 18:44:34.838671 INFO    [protocol] New Top Block Detected: 9437
2026-Sep-12 18:45:40.477945 INFO    [protocol] New Top Block Detected: 9438
2026-Sep-12 18:46:05.551840 INFO    [protocol] New Top Block Detected: 9439
2026-Sep-12 18:46:15.664819 INFO    [protocol] New Top Block Detected: 9440
2026-Sep-12 18:46:16.981668 INFO    [protocol] New Top Block Detected: 9442
2026-Sep-12 18:46:35.779458 INFO    [protocol] New Top Block Detected: 9443
2026-Sep-12 18:46:48.866044 INFO    [protocol] New Top Block Detected: 9444
2026-Sep-12 18:46:52.212694 INFO    [protocol] New Top Block Detected: 9445
2026-Sep-12 18:47:12.380167 INFO    [protocol] New Top Block Detected: 9446
2026-Sep-12 18:48:03.064541 INFO    [protocol] New Top Block Detected: 9447
2026-Sep-12 18:48:14.353863 INFO    [protocol] New Top Block Detected: 9448
2026-Sep-12 18:48:18.732680 INFO    [protocol] New Top Block Detected: 9449
2026-Sep-12 18:48:25.443560 INFO    [protocol] New Top Block Detected: 9450
2026-Sep-12 18:48:27.196399 INFO    [protocol] New Top Block Detected: 9451
2026-Sep-12 18:49:14.277863 INFO    [protocol] New Top Block Detected: 9452
2026-Sep-12 18:49:23.422641 INFO    [protocol] New Top Block Detected: 9453
2026-Sep-12 18:49:44.045786 INFO    [protocol] New Top Block Detected: 9454
2026-Sep-12 18:50:28.999189 INFO    [protocol] New Top Block Detected: 9455
2026-Sep-12 18:52:27.968562 INFO    [protocol] New Top Block Detected: 9456
2026-Sep-12 18:52:50.300001 INFO    [protocol] New Top Block Detected: 9457
2026-Sep-12 18:53:12.465171 INFO    [protocol] New Top Block Detected: 9458
2026-Sep-12 18:53:28.550165 INFO    [protocol] New Top Block Detected: 9459
2026-Sep-12 18:53:32.619655 INFO    [protocol] New Top Block Detected: 9460
2026-Sep-12 18:54:37.129246 INFO    [protocol] New Top Block Detected: 9461
2026-Sep-12 18:54:41.231065 INFO    [protocol] New Top Block Detected: 9462
2026-Sep-12 18:55:13.367677 INFO    [protocol] New Top Block Detected: 9464
2026-Sep-12 18:56:36.659266 INFO    [protocol] New Top Block Detected: 9465
2026-Sep-12 18:59:10.573907 INFO    [protocol] New Top Block Detected: 9466
2026-Sep-12 19:00:56.970194 INFO    [protocol] New Top Block Detected: 9467
2026-Sep-12 19:01:13.648468 INFO    [protocol] New Top Block Detected: 9468
2026-Sep-12 19:01:52.834873 INFO    [protocol] New Top Block Detected: 9469
2026-Sep-12 19:02:00.143302 INFO    [protocol] New Top Block Detected: 9470
2026-Sep-12 19:02:44.202658 INFO    [protocol] New Top Block Detected: 9471
2026-Sep-12 19:02:47.070111 INFO    [protocol] New Top Block Detected: 9472
2026-Sep-12 19:03:05.624704 INFO    [protocol] New Top Block Detected: 9473
2026-Sep-12 19:03:21.332917 INFO    [protocol] New Top Block Detected: 9474
2026-Sep-12 19:04:11.546100 INFO    [protocol] New Top Block Detected: 9475
2026-Sep-12 19:04:36.570981 INFO    [protocol] New Top Block Detected: 9476
2026-Sep-12 19:05:59.184387 INFO    [protocol] New Top Block Detected: 9477
2026-Sep-12 19:06:30.681927 INFO    [protocol] New Top Block Detected: 9478
2026-Sep-12 19:07:05.186333 INFO    [protocol] New Top Block Detected: 9479
2026-Sep-12 19:07:07.857482 INFO    [protocol] New Top Block Detected: 9481
2026-Sep-12 19:07:14.464530 INFO    [protocol] New Top Block Detected: 9482
2026-Sep-12 19:07:41.624674 INFO    [protocol] New Top Block Detected: 9483
2026-Sep-12 19:07:51.341587 INFO    [protocol] New Top Block Detected: 9484
2026-Sep-12 19:08:09.815138 INFO    [protocol] New Top Block Detected: 9485
2026-Sep-12 19:08:22.856533 INFO    [protocol] New Top Block Detected: 9486
2026-Sep-12 19:09:13.195429 INFO    [protocol] New Top Block Detected: 9487
2026-Sep-12 19:09:29.496371 INFO    [protocol] New Top Block Detected: 9488
2026-Sep-12 19:09:50.985042 INFO    [protocol] New Top Block Detected: 9489
2026-Sep-12 19:10:23.305817 INFO    [protocol] New Top Block Detected: 9491
2026-Sep-12 19:11:25.422274 INFO    [protocol] New Top Block Detected: 9492
2026-Sep-12 19:11:42.557571 INFO    [protocol] New Top Block Detected: 9493
2026-Sep-12 19:11:49.520435 INFO    [protocol] New Top Block Detected: 9494
2026-Sep-12 19:11:54.872441 INFO    [protocol] New Top Block Detected: 9495
2026-Sep-12 19:12:57.517442 INFO    [protocol] New Top Block Detected: 9496
2026-Sep-12 19:12:59.723579 INFO    [protocol] New Top Block Detected: 9497
2026-Sep-12 19:13:24.240433 INFO    [protocol] New Top Block Detected: 9498
2026-Sep-12 19:13:49.134370 INFO    [protocol] New Top Block Detected: 9499
2026-Sep-12 19:13:53.113658 INFO    [protocol] New Top Block Detected: 9500
2026-Sep-12 19:14:10.246231 INFO    [Core] Block 9500 (c50db892a56a61ef800dc4205cfa1d81a40080dce8ca33a87667291f47b74c51) added to main chain
2026-Sep-12 19:14:11.634825 INFO    [protocol] New Top Block Detected: 9501
2026-Sep-12 19:15:15.399127 INFO    [protocol] New Top Block Detected: 9502
2026-Sep-12 19:16:23.863397 INFO    [protocol] New Top Block Detected: 9503
2026-Sep-12 19:16:44.620258 INFO    [protocol] New Top Block Detected: 9504
2026-Sep-12 19:17:30.108752 INFO    [protocol] New Top Block Detected: 9505
2026-Sep-12 19:18:45.037251 INFO    [protocol] New Top Block Detected: 9506
2026-Sep-12 19:19:40.586853 INFO    [protocol] New Top Block Detected: 9507
2026-Sep-12 19:19:49.384280 INFO    [protocol] New Top Block Detected: 9508
2026-Sep-12 19:19:53.983088 INFO    [protocol] New Top Block Detected: 9509
2026-Sep-12 19:20:11.667278 INFO    [protocol] New Top Block Detected: 9510
2026-Sep-12 19:20:17.460054 INFO    [protocol] New Top Block Detected: 9511
2026-Sep-12 19:21:43.769140 INFO    [protocol] New Top Block Detected: 9512
2026-Sep-12 19:23:24.300854 INFO    [protocol] New Top Block Detected: 9514
2026-Sep-12 19:24:14.527056 INFO    [protocol] New Top Block Detected: 9515
2026-Sep-12 19:24:22.561715 INFO    [protocol] New Top Block Detected: 9516
2026-Sep-12 19:24:38.375696 INFO    [protocol] New Top Block Detected: 9517
2026-Sep-12 19:25:20.951516 INFO    [protocol] New Top Block Detected: 9518
2026-Sep-12 19:25:34.896872 INFO    [protocol] New Top Block Detected: 9519
2026-Sep-12 19:26:34.106219 INFO    [protocol] New Top Block Detected: 9520
2026-Sep-12 19:26:44.251905 INFO    [protocol] New Top Block Detected: 9521
2026-Sep-12 19:26:58.794252 INFO    [protocol] New Top Block Detected: 9522
2026-Sep-12 19:28:44.267988 INFO    [protocol] New Top Block Detected: 9523
2026-Sep-12 19:29:56.070304 INFO    [protocol] New Top Block Detected: 9524
2026-Sep-12 19:29:56.336179 INFO    [protocol] New Top Block Detected: 9525
2026-Sep-12 19:30:10.612813 INFO    [protocol] New Top Block Detected: 9526
2026-Sep-12 19:30:12.156367 INFO    [protocol] New Top Block Detected: 9527
2026-Sep-12 19:31:44.288036 INFO    [protocol] New Top Block Detected: 9528
2026-Sep-12 19:32:00.603799 INFO    [protocol] New Top Block Detected: 9530
2026-Sep-12 19:33:03.350965 INFO    [protocol] New Top Block Detected: 9531
2026-Sep-12 19:33:22.984904 INFO    [protocol] New Top Block Detected: 9532
2026-Sep-12 19:33:38.505695 INFO    [protocol] New Top Block Detected: 9533
2026-Sep-12 19:34:22.707214 INFO    [protocol] New Top Block Detected: 9534
2026-Sep-12 19:34:38.371022 INFO    [protocol] New Top Block Detected: 9535
2026-Sep-12 19:34:39.950348 INFO    [protocol] New Top Block Detected: 9536
2026-Sep-12 19:34:43.442887 INFO    [protocol] New Top Block Detected: 9537
2026-Sep-12 19:35:10.134648 INFO    [protocol] New Top Block Detected: 9538
2026-Sep-12 19:35:14.784080 INFO    [protocol] New Top Block Detected: 9539
2026-Sep-12 19:35:27.547783 INFO    [protocol] New Top Block Detected: 9540
2026-Sep-12 19:35:35.323442 INFO    [protocol] New Top Block Detected: 9542
2026-Sep-12 19:37:07.355613 INFO    [protocol] New Top Block Detected: 9543
2026-Sep-12 19:37:11.800814 INFO    [protocol] New Top Block Detected: 9544
2026-Sep-12 19:37:22.028125 INFO    [protocol] New Top Block Detected: 9545
2026-Sep-12 19:37:56.953477 INFO    [protocol] New Top Block Detected: 9546
2026-Sep-12 19:38:40.796075 INFO    [protocol] New Top Block Detected: 9547
2026-Sep-12 19:39:42.827301 INFO    [protocol] New Top Block Detected: 9548
2026-Sep-12 19:40:18.737043 INFO    [protocol] New Top Block Detected: 9549
2026-Sep-12 19:40:28.783287 INFO    [protocol] New Top Block Detected: 9550
2026-Sep-12 19:40:45.990735 INFO    [protocol] New Top Block Detected: 9551
2026-Sep-12 19:42:09.215472 INFO    [protocol] New Top Block Detected: 9552
2026-Sep-12 19:42:48.389177 INFO    [protocol] New Top Block Detected: 9554
2026-Sep-12 19:43:28.646107 INFO    [protocol] New Top Block Detected: 9555
2026-Sep-12 19:43:41.610991 INFO    [protocol] New Top Block Detected: 9556
2026-Sep-12 19:44:05.711850 INFO    [protocol] New Top Block Detected: 9557
2026-Sep-12 19:44:06.604780 INFO    [protocol] New Top Block Detected: 9558
2026-Sep-12 19:45:22.002433 INFO    [protocol] New Top Block Detected: 9559
2026-Sep-12 19:45:46.109598 INFO    [protocol] New Top Block Detected: 9560
2026-Sep-12 19:46:06.220153 INFO    [protocol] New Top Block Detected: 9561
2026-Sep-12 19:46:09.654092 INFO    [protocol] New Top Block Detected: 9562
2026-Sep-12 19:46:18.141862 INFO    [protocol] New Top Block Detected: 9563
2026-Sep-12 19:47:26.536764 INFO    [protocol] New Top Block Detected: 9564
2026-Sep-12 19:47:42.723725 INFO    [protocol] New Top Block Detected: 9565
2026-Sep-12 19:49:21.037642 INFO    [protocol] New Top Block Detected: 9566
2026-Sep-12 19:49:35.095321 INFO    [protocol] New Top Block Detected: 9567
2026-Sep-12 19:49:44.376180 INFO    [protocol] New Top Block Detected: 9568
2026-Sep-12 19:50:29.356744 INFO    [protocol] New Top Block Detected: 9569
2026-Sep-12 19:51:22.991618 INFO    [protocol] New Top Block Detected: 9570
2026-Sep-12 19:52:19.086846 INFO    [protocol] New Top Block Detected: 9571
2026-Sep-12 19:53:26.517360 INFO    [protocol] New Top Block Detected: 9572
2026-Sep-12 19:53:48.696076 INFO    [protocol] New Top Block Detected: 9573
2026-Sep-12 19:54:01.057079 INFO    [protocol] New Top Block Detected: 9574
2026-Sep-12 19:54:11.100541 INFO    [protocol] New Top Block Detected: 9575
2026-Sep-12 19:54:21.636609 INFO    [protocol] New Top Block Detected: 9576
2026-Sep-12 19:55:16.864984 INFO    [protocol] New Top Block Detected: 9577
2026-Sep-12 19:55:30.371638 INFO    [protocol] New Top Block Detected: 9578
2026-Sep-12 19:56:10.522416 INFO    [protocol] New Top Block Detected: 9579
2026-Sep-12 19:56:27.407181 INFO    [protocol] New Top Block Detected: 9580
2026-Sep-12 19:57:05.778080 INFO    [protocol] New Top Block Detected: 9581
2026-Sep-12 19:57:06.318229 INFO    [protocol] New Top Block Detected: 9582
2026-Sep-12 19:58:20.308174 INFO    [protocol] New Top Block Detected: 9583
2026-Sep-12 19:58:38.368438 INFO    [protocol] New Top Block Detected: 9584
2026-Sep-12 19:58:41.282065 INFO    [protocol] New Top Block Detected: 9585
2026-Sep-12 19:59:35.558874 INFO    [protocol] New Top Block Detected: 9586
2026-Sep-12 20:00:25.766550 INFO    [protocol] New Top Block Detected: 9587
2026-Sep-12 20:00:35.815964 INFO    [protocol] New Top Block Detected: 9588
2026-Sep-12 20:02:24.245956 INFO    [protocol] New Top Block Detected: 9589
2026-Sep-12 20:02:38.300685 INFO    [protocol] New Top Block Detected: 9590
2026-Sep-12 20:02:52.359633 INFO    [protocol] New Top Block Detected: 9591
2026-Sep-12 20:04:06.684874 INFO    [protocol] New Top Block Detected: 9592
2026-Sep-12 20:04:09.580726 INFO    [protocol] New Top Block Detected: 9593
2026-Sep-12 20:04:12.561933 INFO    [protocol] New Top Block Detected: 9594
2026-Sep-12 20:04:28.823128 INFO    [protocol] New Top Block Detected: 9596
2026-Sep-12 20:04:29.688603 INFO    [protocol] New Top Block Detected: 9597
2026-Sep-12 20:04:34.849568 INFO    [protocol] New Top Block Detected: 9598
2026-Sep-12 20:04:42.959304 INFO    [protocol] New Top Block Detected: 9599
2026-Sep-12 20:05:02.960792 INFO    [protocol] New Top Block Detected: 9600
2026-Sep-12 20:05:12.566270 INFO    [protocol] New Top Block Detected: 9601
2026-Sep-12 20:05:12.581089 INFO    [Core] Block 9600 (c2ea0f8cdc834dafa7cb4874adc9e193d03c57044909c4c50cd62069162dce67) added to main chain
2026-Sep-12 20:05:58.261716 INFO    [protocol] New Top Block Detected: 9602
2026-Sep-12 20:06:05.205151 INFO    [protocol] New Top Block Detected: 9603
2026-Sep-12 20:06:24.026857 INFO    [protocol] New Top Block Detected: 9604
2026-Sep-12 20:06:39.878179 INFO    [protocol] New Top Block Detected: 9605
2026-Sep-12 20:06:40.135405 INFO    [protocol] New Top Block Detected: 9606
2026-Sep-12 20:08:07.290611 INFO    [protocol] New Top Block Detected: 9607
2026-Sep-12 20:08:11.277317 INFO    [protocol] New Top Block Detected: 9608
2026-Sep-12 20:08:56.076678 INFO    [protocol] New Top Block Detected: 9610
2026-Sep-12 20:12:00.877843 INFO    [protocol] New Top Block Detected: 9611
2026-Sep-12 20:13:33.168142 INFO    [protocol] New Top Block Detected: 9613
2026-Sep-12 20:13:37.286552 INFO    [protocol] New Top Block Detected: 9614
2026-Sep-12 20:15:00.660340 INFO    [protocol] New Top Block Detected: 9615
2026-Sep-12 20:15:29.792601 INFO    [protocol] New Top Block Detected: 9616
2026-Sep-12 20:16:26.017620 INFO    [protocol] New Top Block Detected: 9617
2026-Sep-12 20:16:28.024554 INFO    [protocol] New Top Block Detected: 9618
2026-Sep-12 20:17:50.327871 INFO    [protocol] New Top Block Detected: 9619
2026-Sep-12 20:18:20.165288 INFO    [protocol] New Top Block Detected: 9620
2026-Sep-12 20:18:54.583402 INFO    [protocol] New Top Block Detected: 9621
2026-Sep-12 20:19:34.731718 INFO    [protocol] New Top Block Detected: 9622
2026-Sep-12 20:20:18.575861 INFO    [protocol] New Top Block Detected: 9623
2026-Sep-12 20:20:22.907107 INFO    [protocol] New Top Block Detected: 9624
2026-Sep-12 20:20:29.325249 INFO    [protocol] New Top Block Detected: 9625
2026-Sep-12 20:20:38.978132 INFO    [protocol] New Top Block Detected: 9626
2026-Sep-12 20:20:46.429363 INFO    [protocol] New Top Block Detected: 9627
2026-Sep-12 20:20:48.165591 INFO    [protocol] New Top Block Detected: 9628
2026-Sep-12 20:20:55.040478 INFO    [protocol] New Top Block Detected: 9629
2026-Sep-12 20:21:03.066762 INFO    [protocol] New Top Block Detected: 9630
2026-Sep-12 20:22:38.365602 INFO    [protocol] New Top Block Detected: 9631
2026-Sep-12 20:22:53.497540 INFO    [protocol] New Top Block Detected: 9632
2026-Sep-12 20:23:27.897856 INFO    [protocol] New Top Block Detected: 9633
2026-Sep-12 20:24:11.804482 INFO    [protocol] New Top Block Detected: 9634
2026-Sep-12 20:24:11.966517 INFO    [protocol] New Top Block Detected: 9635
2026-Sep-12 20:24:48.395971 INFO    [protocol] New Top Block Detected: 9636
2026-Sep-12 20:26:44.046452 INFO    [protocol] New Top Block Detected: 9637
2026-Sep-12 20:26:52.531895 INFO    [protocol] New Top Block Detected: 9638
2026-Sep-12 20:27:04.831427 INFO    [protocol] New Top Block Detected: 9639
2026-Sep-12 20:27:45.992348 INFO    [protocol] New Top Block Detected: 9640
2026-Sep-12 20:28:12.886271 INFO    [protocol] New Top Block Detected: 9641
2026-Sep-12 20:28:15.604058 INFO    [protocol] New Top Block Detected: 9642
2026-Sep-12 20:28:44.372063 INFO    [protocol] New Top Block Detected: 9643
2026-Sep-12 20:29:07.140427 INFO    [protocol] New Top Block Detected: 9644
2026-Sep-12 20:31:21.678308 INFO    [protocol] New Top Block Detected: 9645
2026-Sep-12 20:31:31.716165 INFO    [protocol] New Top Block Detected: 9646
2026-Sep-12 20:32:05.879828 INFO    [protocol] New Top Block Detected: 9647
2026-Sep-12 20:32:12.588232 INFO    [protocol] New Top Block Detected: 9648
2026-Sep-12 20:32:44.067880 INFO    [protocol] New Top Block Detected: 9649
2026-Sep-12 20:33:25.764358 INFO    [protocol] New Top Block Detected: 9650
2026-Sep-12 20:33:50.313492 INFO    [protocol] New Top Block Detected: 9651
2026-Sep-12 20:34:06.377752 INFO    [protocol] New Top Block Detected: 9652
2026-Sep-12 20:34:18.823434 INFO    [protocol] New Top Block Detected: 9653
2026-Sep-12 20:34:38.459431 INFO    [protocol] New Top Block Detected: 9654
2026-Sep-12 20:35:25.942258 INFO    [protocol] New Top Block Detected: 9655
2026-Sep-12 20:36:14.950398 INFO    [protocol] New Top Block Detected: 9656
2026-Sep-12 20:37:53.702713 INFO    [protocol] New Top Block Detected: 9657
2026-Sep-12 20:39:53.778101 INFO    [protocol] New Top Block Detected: 9658
2026-Sep-12 20:40:08.780263 INFO    [protocol] New Top Block Detected: 9659
2026-Sep-12 20:40:33.977331 INFO    [protocol] New Top Block Detected: 9660
2026-Sep-12 20:40:36.744726 INFO    [protocol] New Top Block Detected: 9661
2026-Sep-12 20:40:51.861139 INFO    [protocol] New Top Block Detected: 9662
2026-Sep-12 20:41:36.833718 INFO    [protocol] New Top Block Detected: 9663
2026-Sep-12 20:43:32.982476 INFO    [protocol] New Top Block Detected: 9664
2026-Sep-12 20:45:19.232126 INFO    [protocol] New Top Block Detected: 9665
2026-Sep-12 20:45:21.194300 INFO    [protocol] New Top Block Detected: 9666
2026-Sep-12 20:45:39.485746 INFO    [protocol] New Top Block Detected: 9667
2026-Sep-12 20:46:03.373941 INFO    [protocol] New Top Block Detected: 9668
2026-Sep-12 20:46:27.402269 INFO    [protocol] New Top Block Detected: 9669
2026-Sep-12 20:46:51.576820 INFO    [protocol] New Top Block Detected: 9670
2026-Sep-12 20:47:03.221415 INFO    [protocol] New Top Block Detected: 9671
2026-Sep-12 20:47:32.600162 INFO    [protocol] New Top Block Detected: 9672
2026-Sep-12 20:47:39.782829 INFO    [protocol] New Top Block Detected: 9673
2026-Sep-12 20:47:53.839771 INFO    [protocol] New Top Block Detected: 9674
2026-Sep-12 20:48:28.024464 INFO    [protocol] New Top Block Detected: 9675
2026-Sep-12 20:48:52.929541 INFO    [protocol] New Top Block Detected: 9676
2026-Sep-12 20:49:12.239819 INFO    [protocol] New Top Block Detected: 9677
2026-Sep-12 20:50:36.589497 INFO    [protocol] New Top Block Detected: 9678
2026-Sep-12 20:50:48.637716 INFO    [protocol] New Top Block Detected: 9679
2026-Sep-12 20:51:16.083391 INFO    [protocol] New Top Block Detected: 9680
2026-Sep-12 20:51:26.810048 INFO    [protocol] New Top Block Detected: 9681
2026-Sep-12 20:51:29.496791 INFO    [protocol] New Top Block Detected: 9682
2026-Sep-12 20:51:44.439447 INFO    [protocol] New Top Block Detected: 9683
2026-Sep-12 20:51:46.443023 INFO    [protocol] New Top Block Detected: 9684
2026-Sep-12 20:52:07.249467 INFO    [protocol] New Top Block Detected: 9686
2026-Sep-12 20:52:09.081026 INFO    [protocol] New Top Block Detected: 9687
2026-Sep-12 20:52:32.282463 INFO    [protocol] New Top Block Detected: 9688
2026-Sep-12 20:52:38.373513 INFO    [protocol] New Top Block Detected: 9689
2026-Sep-12 20:53:25.111960 INFO    [protocol] New Top Block Detected: 9690
2026-Sep-12 20:53:34.357511 INFO    [protocol] New Top Block Detected: 9691
2026-Sep-12 20:53:46.456552 INFO    [protocol] New Top Block Detected: 9693
2026-Sep-12 20:54:07.135517 INFO    [protocol] New Top Block Detected: 9694
2026-Sep-12 20:54:10.245188 INFO    [protocol] New Top Block Detected: 9695
2026-Sep-12 20:54:51.681974 INFO    [protocol] New Top Block Detected: 9696
2026-Sep-12 20:55:55.946633 INFO    [protocol] New Top Block Detected: 9697
2026-Sep-12 20:58:44.439268 INFO    [protocol] New Top Block Detected: 9698
2026-Sep-12 20:59:02.733390 INFO    [protocol] New Top Block Detected: 9699
2026-Sep-12 20:59:24.606787 INFO    [protocol] New Top Block Detected: 9700
2026-Sep-12 20:59:26.493236 INFO    [Core] Block 9700 (5839f703b6bf2c85237328d84eebad6638885412615b506431efe614de6c047c) added to main chain
2026-Sep-12 20:59:28.835274 INFO    [protocol] New Top Block Detected: 9701
2026-Sep-12 21:01:21.364554 INFO    [protocol] New Top Block Detected: 9702
2026-Sep-12 21:02:43.627010 INFO    [protocol] New Top Block Detected: 9703
2026-Sep-12 21:03:27.791585 INFO    [protocol] New Top Block Detected: 9704
2026-Sep-12 21:03:29.798747 INFO    [protocol] New Top Block Detected: 9705
2026-Sep-12 21:03:37.826624 INFO    [protocol] New Top Block Detected: 9706
2026-Sep-12 21:04:09.946503 INFO    [protocol] New Top Block Detected: 9708
2026-Sep-12 21:04:36.046717 INFO    [protocol] New Top Block Detected: 9709
2026-Sep-12 21:04:56.121418 INFO    [protocol] New Top Block Detected: 9710
2026-Sep-12 21:04:57.233444 INFO    [protocol] New Top Block Detected: 9711
2026-Sep-12 21:06:56.583329 INFO    [protocol] New Top Block Detected: 9712
2026-Sep-12 21:07:04.711868 INFO    [protocol] New Top Block Detected: 9713
2026-Sep-12 21:07:26.446362 INFO    [protocol] New Top Block Detected: 9714
2026-Sep-12 21:09:02.888481 INFO    [protocol] New Top Block Detected: 9715
2026-Sep-12 21:09:23.293096 INFO    [protocol] New Top Block Detected: 9716
2026-Sep-12 21:09:44.812780 INFO    [protocol] New Top Block Detected: 9717
2026-Sep-12 21:09:59.556706 INFO    [protocol] New Top Block Detected: 9718
2026-Sep-12 21:10:05.440954 INFO    [protocol] New Top Block Detected: 9719
2026-Sep-12 21:10:07.465879 INFO    [protocol] New Top Block Detected: 9720
2026-Sep-12 21:10:25.804650 INFO    [protocol] New Top Block Detected: 9721
2026-Sep-12 21:11:53.888127 INFO    [protocol] New Top Block Detected: 9722
2026-Sep-12 21:12:26.017253 INFO    [protocol] New Top Block Detected: 9723
2026-Sep-12 21:12:32.060793 INFO    [protocol] New Top Block Detected: 9724
2026-Sep-12 21:12:51.306566 INFO    [protocol] New Top Block Detected: 9725
2026-Sep-12 21:13:12.298668 INFO    [protocol] New Top Block Detected: 9726
2026-Sep-12 21:13:22.337750 INFO    [protocol] New Top Block Detected: 9727
2026-Sep-12 21:13:44.310375 INFO    [protocol] New Top Block Detected: 9728
2026-Sep-12 21:14:08.518145 INFO    [protocol] New Top Block Detected: 9729
2026-Sep-12 21:14:54.715234 INFO    [protocol] New Top Block Detected: 9730
2026-Sep-12 21:14:58.163629 INFO    [protocol] New Top Block Detected: 9731
2026-Sep-12 21:15:07.099791 INFO    [protocol] New Top Block Detected: 9732
2026-Sep-12 21:15:14.799217 INFO    [protocol] New Top Block Detected: 9733
2026-Sep-12 21:16:02.990412 INFO    [protocol] New Top Block Detected: 9734
2026-Sep-12 21:17:12.268524 INFO    [protocol] New Top Block Detected: 9735
2026-Sep-12 21:17:57.517868 INFO    [protocol] New Top Block Detected: 9736
2026-Sep-12 21:18:47.045634 INFO    [protocol] New Top Block Detected: 9737
2026-Sep-12 21:19:26.516774 INFO    [protocol] New Top Block Detected: 9738
2026-Sep-12 21:21:22.336211 INFO    [protocol] New Top Block Detected: 9739
2026-Sep-12 21:22:42.653191 INFO    [protocol] New Top Block Detected: 9740
2026-Sep-12 21:23:03.672296 INFO    [protocol] New Top Block Detected: 9741
2026-Sep-12 21:23:07.637310 INFO    [protocol] New Top Block Detected: 9742
2026-Sep-12 21:23:46.912302 INFO    [protocol] New Top Block Detected: 9743
2026-Sep-12 21:24:05.154835 INFO    [protocol] New Top Block Detected: 9744
2026-Sep-12 21:25:00.073228 INFO    [protocol] New Top Block Detected: 9745
2026-Sep-12 21:25:04.570054 INFO    [protocol] New Top Block Detected: 9746
2026-Sep-12 21:25:15.364654 INFO    [protocol] New Top Block Detected: 9747
2026-Sep-12 21:25:26.426951 INFO    [protocol] New Top Block Detected: 9748
2026-Sep-12 21:25:41.463419 INFO    [protocol] New Top Block Detected: 9749
2026-Sep-12 21:26:07.004529 INFO    [protocol] New Top Block Detected: 9750
2026-Sep-12 21:26:27.658065 INFO    [protocol] New Top Block Detected: 9751
2026-Sep-12 21:27:09.988104 INFO    [protocol] New Top Block Detected: 9752
2026-Sep-12 21:27:11.833533 INFO    [protocol] New Top Block Detected: 9753
2026-Sep-12 21:27:15.853657 INFO    [protocol] New Top Block Detected: 9754
2026-Sep-12 21:27:25.911033 INFO    [protocol] New Top Block Detected: 9755
2026-Sep-12 21:27:49.015833 INFO    [protocol] New Top Block Detected: 9756
2026-Sep-12 21:28:45.812866 INFO    [protocol] New Top Block Detected: 9757
2026-Sep-12 21:30:08.588977 INFO    [protocol] New Top Block Detected: 9759
2026-Sep-12 21:30:12.020715 INFO    [protocol] New Top Block Detected: 9760
2026-Sep-12 21:30:32.688238 INFO    [protocol] New Top Block Detected: 9761
2026-Sep-12 21:30:34.694661 INFO    [protocol] New Top Block Detected: 9762
2026-Sep-12 21:31:12.873933 INFO    [protocol] New Top Block Detected: 9763
2026-Sep-12 21:31:22.917494 INFO    [protocol] New Top Block Detected: 9764
2026-Sep-12 21:31:28.298632 INFO    [protocol] New Top Block Detected: 9765
2026-Sep-12 21:31:39.482478 INFO    [protocol] New Top Block Detected: 9766
2026-Sep-12 21:32:31.276921 INFO    [protocol] New Top Block Detected: 9767
2026-Sep-12 21:34:16.060556 INFO    [protocol] New Top Block Detected: 9768
2026-Sep-12 21:35:13.927933 INFO    [protocol] New Top Block Detected: 9769
2026-Sep-12 21:36:16.209028 INFO    [protocol] New Top Block Detected: 9771
2026-Sep-12 21:36:19.167916 INFO    [protocol] New Top Block Detected: 9772
2026-Sep-12 21:37:28.616483 INFO    [protocol] New Top Block Detected: 9773
2026-Sep-12 21:38:16.823944 INFO    [protocol] New Top Block Detected: 9774
2026-Sep-12 21:38:20.840419 INFO    [protocol] New Top Block Detected: 9775
2026-Sep-12 21:39:25.116431 INFO    [protocol] New Top Block Detected: 9776
2026-Sep-12 21:43:50.263270 INFO    [protocol] New Top Block Detected: 9777
2026-Sep-12 21:44:07.301857 INFO    [protocol] New Top Block Detected: 9778
2026-Sep-12 21:44:11.335020 INFO    [protocol] New Top Block Detected: 9779
2026-Sep-12 21:44:53.276019 INFO    [protocol] New Top Block Detected: 9780
2026-Sep-12 21:44:59.547449 INFO    [protocol] New Top Block Detected: 9781
2026-Sep-12 21:45:26.679960 INFO    [protocol] New Top Block Detected: 9782
2026-Sep-12 21:45:30.708717 INFO    [protocol] New Top Block Detected: 9783
2026-Sep-12 21:46:14.220455 INFO    [protocol] New Top Block Detected: 9784
2026-Sep-12 21:47:01.082628 INFO    [protocol] New Top Block Detected: 9785
2026-Sep-12 21:47:21.897358 INFO    [protocol] New Top Block Detected: 9786
2026-Sep-12 21:47:23.416068 INFO    [protocol] New Top Block Detected: 9787
2026-Sep-12 21:47:44.004181 INFO    [protocol] New Top Block Detected: 9788
2026-Sep-12 21:48:15.457448 INFO    [protocol] New Top Block Detected: 9789
2026-Sep-12 21:48:44.722647 INFO    [protocol] New Top Block Detected: 9790
2026-Sep-12 21:49:01.660570 INFO    [protocol] New Top Block Detected: 9791
2026-Sep-12 21:49:15.724652 INFO    [protocol] New Top Block Detected: 9792
2026-Sep-12 21:49:19.889308 INFO    [protocol] New Top Block Detected: 9793
2026-Sep-12 21:49:41.951579 INFO    [protocol] New Top Block Detected: 9794
2026-Sep-12 21:51:36.349186 INFO    [protocol] New Top Block Detected: 9795
2026-Sep-12 21:52:24.192554 INFO    [protocol] New Top Block Detected: 9797
2026-Sep-12 21:52:32.693997 INFO    [protocol] New Top Block Detected: 9798
2026-Sep-12 21:53:12.874081 INFO    [protocol] New Top Block Detected: 9799
2026-Sep-12 21:53:28.502936 INFO    [protocol] New Top Block Detected: 9800
2026-Sep-12 21:54:36.720448 INFO    [Core] Block 9800 (f93d886c36fedceabd49215e6b9e817453b2accb2d981ed7f9022c96558060e9) added to main chain
2026-Sep-12 21:54:38.385165 INFO    [protocol] New Top Block Detected: 9801
2026-Sep-12 21:55:17.415393 INFO    [protocol] New Top Block Detected: 9802
2026-Sep-12 21:55:46.547626 INFO    [protocol] New Top Block Detected: 9803
2026-Sep-12 21:56:17.768402 INFO    [protocol] New Top Block Detected: 9804
2026-Sep-12 21:56:28.721056 INFO    [protocol] New Top Block Detected: 9805
2026-Sep-12 21:57:10.079602 INFO    [protocol] New Top Block Detected: 9806
2026-Sep-12 21:57:20.008075 INFO    [protocol] New Top Block Detected: 9807
2026-Sep-12 21:57:32.068813 INFO    [protocol] New Top Block Detected: 9808
2026-Sep-12 21:57:36.084776 INFO    [protocol] New Top Block Detected: 9809
2026-Sep-12 21:57:38.200699 INFO    [protocol] New Top Block Detected: 9810
2026-Sep-12 21:58:04.196650 INFO    [protocol] New Top Block Detected: 9811
2026-Sep-12 21:58:13.766239 INFO    [protocol] New Top Block Detected: 9812
2026-Sep-12 21:59:23.175304 INFO    [protocol] New Top Block Detected: 9813
2026-Sep-12 21:59:28.637393 INFO    [protocol] New Top Block Detected: 9814
2026-Sep-12 21:59:36.572883 INFO    [protocol] New Top Block Detected: 9815
2026-Sep-12 21:59:48.614943 INFO    [protocol] New Top Block Detected: 9816
2026-Sep-12 22:00:21.533834 INFO    [protocol] New Top Block Detected: 9817
2026-Sep-12 22:00:30.832263 INFO    [protocol] New Top Block Detected: 9818
2026-Sep-12 22:00:38.387880 INFO    [protocol] New Top Block Detected: 9819
2026-Sep-12 22:01:15.891376 INFO    [protocol] New Top Block Detected: 9820
2026-Sep-12 22:01:27.339620 INFO    [protocol] New Top Block Detected: 9821
2026-Sep-12 22:01:57.195760 INFO    [protocol] New Top Block Detected: 9822
2026-Sep-12 22:02:43.390987 INFO    [protocol] New Top Block Detected: 9823
2026-Sep-12 22:05:07.970773 INFO    [protocol] New Top Block Detected: 9824
2026-Sep-12 22:06:40.347171 INFO    [protocol] New Top Block Detected: 9825
2026-Sep-12 22:07:42.625880 INFO    [protocol] New Top Block Detected: 9827
2026-Sep-12 22:07:52.598442 INFO    [protocol] New Top Block Detected: 9828
2026-Sep-12 22:08:08.307711 INFO    [protocol] New Top Block Detected: 9829
2026-Sep-12 22:08:28.129760 INFO    [protocol] New Top Block Detected: 9830
2026-Sep-12 22:08:49.104340 INFO    [protocol] New Top Block Detected: 9831
2026-Sep-12 22:09:21.082591 INFO    [protocol] New Top Block Detected: 9832
2026-Sep-12 22:09:37.153624 INFO    [protocol] New Top Block Detected: 9833
2026-Sep-12 22:09:55.228612 INFO    [protocol] New Top Block Detected: 9834
2026-Sep-12 22:11:02.645246 INFO    [protocol] New Top Block Detected: 9835
2026-Sep-12 22:11:56.437701 INFO    [protocol] New Top Block Detected: 9836
2026-Sep-12 22:12:05.867140 INFO    [protocol] New Top Block Detected: 9837
2026-Sep-12 22:12:25.947590 INFO    [protocol] New Top Block Detected: 9838
2026-Sep-12 22:12:26.780114 INFO    [protocol] New Top Block Detected: 9839
2026-Sep-12 22:13:13.139833 INFO    [protocol] New Top Block Detected: 9840
2026-Sep-12 22:13:17.156616 INFO    [protocol] New Top Block Detected: 9842
2026-Sep-12 22:13:31.487424 INFO    [protocol] New Top Block Detected: 9843
2026-Sep-12 22:14:23.625939 INFO    [protocol] New Top Block Detected: 9844
2026-Sep-12 22:15:13.665871 INFO    [protocol] New Top Block Detected: 9845
2026-Sep-12 22:15:44.902068 INFO    [protocol] New Top Block Detected: 9846
2026-Sep-12 22:15:45.552543 INFO    [protocol] New Top Block Detected: 9847
2026-Sep-12 22:15:49.798171 INFO    [protocol] New Top Block Detected: 9848
2026-Sep-12 22:17:33.893170 INFO    [protocol] New Top Block Detected: 9849
2026-Sep-12 22:18:22.638600 INFO    [protocol] New Top Block Detected: 9850
2026-Sep-12 22:18:28.751808 INFO    [protocol] New Top Block Detected: 9851
2026-Sep-12 22:19:08.621438 INFO    [protocol] New Top Block Detected: 9852
2026-Sep-12 22:19:40.829611 INFO    [protocol] New Top Block Detected: 9853
2026-Sep-12 22:20:18.981074 INFO    [protocol] New Top Block Detected: 9854
2026-Sep-12 22:20:38.823335 INFO    [protocol] New Top Block Detected: 9855
2026-Sep-12 22:20:50.451940 INFO    [protocol] New Top Block Detected: 9856
2026-Sep-12 22:21:15.205640 INFO    [protocol] New Top Block Detected: 9857
2026-Sep-12 22:21:33.280616 INFO    [protocol] New Top Block Detected: 9858
2026-Sep-12 22:21:51.341955 INFO    [protocol] New Top Block Detected: 9859
2026-Sep-12 22:22:05.342071 INFO    [protocol] New Top Block Detected: 9860
2026-Sep-12 22:22:09.409253 INFO    [protocol] New Top Block Detected: 9861
2026-Sep-12 22:23:35.739575 INFO    [protocol] New Top Block Detected: 9862
2026-Sep-12 22:24:38.389323 INFO    [protocol] New Top Block Detected: 9863
2026-Sep-12 22:25:30.203033 INFO    [protocol] New Top Block Detected: 9864
2026-Sep-12 22:26:10.378211 INFO    [protocol] New Top Block Detected: 9865
2026-Sep-12 22:26:42.724581 INFO    [protocol] New Top Block Detected: 9866
2026-Sep-12 22:29:38.389998 INFO    [protocol] New Top Block Detected: 9867
2026-Sep-12 22:32:21.976101 INFO    [protocol] New Top Block Detected: 9868
2026-Sep-12 22:32:23.685769 INFO    [protocol] New Top Block Detected: 9869
2026-Sep-12 22:32:30.015209 INFO    [protocol] New Top Block Detected: 9870
2026-Sep-12 22:32:44.638627 INFO    [protocol] New Top Block Detected: 9871
2026-Sep-12 22:33:22.911470 INFO    [protocol] New Top Block Detected: 9873
2026-Sep-12 22:33:38.507867 INFO    [protocol] New Top Block Detected: 9874
2026-Sep-12 22:34:08.583695 INFO    [protocol] New Top Block Detected: 9875
2026-Sep-12 22:34:18.497869 INFO    [protocol] New Top Block Detected: 9876
2026-Sep-12 22:34:22.508821 INFO    [protocol] New Top Block Detected: 9877
2026-Sep-12 22:34:37.032315 INFO    [protocol] New Top Block Detected: 9878
2026-Sep-12 22:35:24.229815 INFO    [protocol] New Top Block Detected: 9879
2026-Sep-12 22:35:38.389554 INFO    [protocol] New Top Block Detected: 9880
2026-Sep-12 22:35:40.800609 INFO    [protocol] New Top Block Detected: 9882
2026-Sep-12 22:36:38.389667 INFO    [protocol] New Top Block Detected: 9883
2026-Sep-12 22:36:47.173166 INFO    [protocol] New Top Block Detected: 9884
2026-Sep-12 22:37:03.248009 INFO    [protocol] New Top Block Detected: 9885
2026-Sep-12 22:39:03.759294 INFO    [protocol] New Top Block Detected: 9886
2026-Sep-12 22:39:36.146370 INFO    [protocol] New Top Block Detected: 9887
2026-Sep-12 22:40:10.619070 INFO    [protocol] New Top Block Detected: 9888
2026-Sep-12 22:40:24.195223 INFO    [protocol] New Top Block Detected: 9889
2026-Sep-12 22:40:33.206686 INFO    [protocol] New Top Block Detected: 9890
2026-Sep-12 22:41:00.363041 INFO    [protocol] New Top Block Detected: 9891
2026-Sep-12 22:41:14.717190 INFO    [protocol] New Top Block Detected: 9892
2026-Sep-12 22:41:50.008393 INFO    [protocol] New Top Block Detected: 9893
2026-Sep-12 22:41:58.094369 INFO    [protocol] New Top Block Detected: 9894
2026-Sep-12 22:43:20.944648 INFO    [protocol] New Top Block Detected: 9895
2026-Sep-12 22:43:45.913181 INFO    [protocol] New Top Block Detected: 9896
2026-Sep-12 22:44:04.985911 INFO    [protocol] New Top Block Detected: 9897
2026-Sep-12 22:44:31.066047 INFO    [protocol] New Top Block Detected: 9898
2026-Sep-12 22:44:45.378770 INFO    [protocol] New Top Block Detected: 9899
2026-Sep-12 22:45:18.380733 INFO    [protocol] New Top Block Detected: 9900
2026-Sep-12 22:45:42.713752 INFO    [protocol] New Top Block Detected: 9901
2026-Sep-12 22:45:42.729946 INFO    [Core] Block 9900 (a274599dd727ad0f4216b6e9bbda689de5d2c15e818e7f254517f06298710b1e) added to main chain
2026-Sep-12 22:46:15.723187 INFO    [protocol] New Top Block Detected: 9902
2026-Sep-12 22:46:33.809215 INFO    [protocol] New Top Block Detected: 9903
2026-Sep-12 22:47:01.281157 INFO    [protocol] New Top Block Detected: 9904
2026-Sep-12 22:47:03.951586 INFO    [protocol] New Top Block Detected: 9905
2026-Sep-12 22:47:12.888045 INFO    [protocol] New Top Block Detected: 9906
2026-Sep-12 22:49:06.519091 INFO    [protocol] New Top Block Detected: 9907
2026-Sep-12 22:50:04.718994 INFO    [protocol] New Top Block Detected: 9908
2026-Sep-12 22:50:18.818186 INFO    [protocol] New Top Block Detected: 9909
2026-Sep-12 22:50:38.390793 INFO    [protocol] New Top Block Detected: 9910
2026-Sep-12 22:50:40.932774 INFO    [protocol] New Top Block Detected: 9911
2026-Sep-12 22:50:56.994636 INFO    [protocol] New Top Block Detected: 9912
2026-Sep-12 22:52:26.405530 INFO    [protocol] New Top Block Detected: 9913
2026-Sep-12 22:53:15.581449 INFO    [protocol] New Top Block Detected: 9914
2026-Sep-12 22:53:53.735265 INFO    [protocol] New Top Block Detected: 9915
2026-Sep-12 22:54:53.973098 INFO    [protocol] New Top Block Detected: 9916
2026-Sep-12 22:55:53.212615 INFO    [protocol] New Top Block Detected: 9917
2026-Sep-12 22:56:19.316967 INFO    [protocol] New Top Block Detected: 9918
2026-Sep-12 22:56:27.060602 INFO    [protocol] New Top Block Detected: 9919
2026-Sep-12 22:56:27.760901 INFO    [protocol] New Top Block Detected: 9920
2026-Sep-12 22:56:59.725657 INFO    [protocol] New Top Block Detected: 9921
2026-Sep-12 22:57:16.238560 INFO    [protocol] New Top Block Detected: 9923
2026-Sep-12 22:57:19.621652 INFO    [protocol] New Top Block Detected: 9924
2026-Sep-12 22:57:23.584258 INFO    [protocol] New Top Block Detected: 9925
2026-Sep-12 22:57:27.601280 INFO    [protocol] New Top Block Detected: 9926
2026-Sep-12 22:57:44.446526 INFO    [protocol] New Top Block Detected: 9927
2026-Sep-12 23:02:24.892865 INFO    [protocol] New Top Block Detected: 9928
2026-Sep-12 23:03:09.338946 INFO    [protocol] New Top Block Detected: 9929
2026-Sep-12 23:03:32.644373 INFO    [protocol] New Top Block Detected: 9930
2026-Sep-12 23:04:44.448734 INFO    [protocol] New Top Block Detected: 9931
2026-Sep-12 23:05:29.658812 INFO    [protocol] New Top Block Detected: 9932
2026-Sep-12 23:05:41.568611 INFO    [protocol] New Top Block Detected: 9933
2026-Sep-12 23:06:09.842904 INFO    [protocol] New Top Block Detected: 9934
2026-Sep-12 23:06:22.975407 INFO    [protocol] New Top Block Detected: 9935
2026-Sep-12 23:06:47.048735 INFO    [protocol] New Top Block Detected: 9936
2026-Sep-12 23:06:52.019719 INFO    [protocol] New Top Block Detected: 9937
2026-Sep-12 23:07:24.169112 INFO    [protocol] New Top Block Detected: 9938
2026-Sep-12 23:07:25.787976 INFO    [protocol] New Top Block Detected: 9939
2026-Sep-12 23:07:54.301836 INFO    [protocol] New Top Block Detected: 9940
2026-Sep-12 23:08:10.817490 INFO    [protocol] New Top Block Detected: 9941
2026-Sep-12 23:08:28.974770 INFO    [protocol] New Top Block Detected: 9942
2026-Sep-12 23:08:29.476196 INFO    [protocol] New Top Block Detected: 9943
2026-Sep-12 23:08:44.447208 INFO    [protocol] New Top Block Detected: 9944
2026-Sep-12 23:08:56.565044 INFO    [protocol] New Top Block Detected: 9945
2026-Sep-12 23:09:30.718319 INFO    [protocol] New Top Block Detected: 9946
2026-Sep-12 23:09:54.820837 INFO    [protocol] New Top Block Detected: 9947
2026-Sep-12 23:11:30.267823 INFO    [protocol] New Top Block Detected: 9948
2026-Sep-12 23:11:35.762055 INFO    [protocol] New Top Block Detected: 9949
2026-Sep-12 23:12:43.520496 INFO    [protocol] New Top Block Detected: 9950
2026-Sep-12 23:12:53.560513 INFO    [protocol] New Top Block Detected: 9951
2026-Sep-12 23:12:58.934830 INFO    [protocol] New Top Block Detected: 9952
2026-Sep-12 23:13:09.620769 INFO    [protocol] New Top Block Detected: 9953
2026-Sep-12 23:13:44.006363 INFO    [protocol] New Top Block Detected: 9954
2026-Sep-12 23:13:50.793652 INFO    [protocol] New Top Block Detected: 9955
2026-Sep-12 23:14:15.877553 INFO    [protocol] New Top Block Detected: 9956
2026-Sep-12 23:15:22.701072 INFO    [protocol] New Top Block Detected: 9957
2026-Sep-12 23:16:24.133911 INFO    [protocol] New Top Block Detected: 9959
2026-Sep-12 23:16:29.423123 INFO    [protocol] New Top Block Detected: 9960
2026-Sep-12 23:16:34.885723 INFO    [protocol] New Top Block Detected: 9961
2026-Sep-12 23:16:51.503548 INFO    [protocol] New Top Block Detected: 9962
2026-Sep-12 23:17:43.755070 INFO    [protocol] New Top Block Detected: 9963
2026-Sep-12 23:17:51.737535 INFO    [protocol] New Top Block Detected: 9964
2026-Sep-12 23:18:07.796545 INFO    [protocol] New Top Block Detected: 9965
2026-Sep-12 23:19:10.033732 INFO    [protocol] New Top Block Detected: 9966
2026-Sep-12 23:20:10.277157 INFO    [protocol] New Top Block Detected: 9967
2026-Sep-12 23:20:38.380951 INFO    [protocol] New Top Block Detected: 9968
2026-Sep-12 23:21:55.763620 INFO    [protocol] New Top Block Detected: 9969
2026-Sep-12 23:22:14.462080 INFO    [protocol] New Top Block Detected: 9970
2026-Sep-12 23:22:32.804131 INFO    [protocol] New Top Block Detected: 9971
2026-Sep-12 23:22:37.749156 INFO    [protocol] New Top Block Detected: 9972
2026-Sep-12 23:23:08.950608 INFO    [protocol] New Top Block Detected: 9973
2026-Sep-12 23:23:37.059021 INFO    [protocol] New Top Block Detected: 9974
2026-Sep-12 23:23:50.631009 INFO    [protocol] New Top Block Detected: 9975
2026-Sep-12 23:25:43.633362 INFO    [protocol] New Top Block Detected: 9976
2026-Sep-12 23:25:53.671787 INFO    [protocol] New Top Block Detected: 9977
2026-Sep-12 23:25:54.486611 INFO    [protocol] New Top Block Detected: 9978
2026-Sep-12 23:25:59.694645 INFO    [protocol] New Top Block Detected: 9979
2026-Sep-12 23:26:19.782878 INFO    [protocol] New Top Block Detected: 9980
2026-Sep-12 23:26:25.807181 INFO    [protocol] New Top Block Detected: 9981
2026-Sep-12 23:26:53.920679 INFO    [protocol] New Top Block Detected: 9982
2026-Sep-12 23:26:57.932439 INFO    [protocol] New Top Block Detected: 9983
2026-Sep-12 23:27:20.026520 INFO    [protocol] New Top Block Detected: 9984
2026-Sep-12 23:27:36.732238 INFO    [protocol] New Top Block Detected: 9986
2026-Sep-12 23:27:56.242500 INFO    [protocol] New Top Block Detected: 9987
2026-Sep-12 23:28:28.855744 INFO    [protocol] New Top Block Detected: 9988
2026-Sep-12 23:29:21.139058 INFO    [protocol] New Top Block Detected: 9989
2026-Sep-12 23:29:32.678342 INFO    [protocol] New Top Block Detected: 9990
2026-Sep-12 23:30:20.267818 INFO    [protocol] New Top Block Detected: 9991
2026-Sep-12 23:31:01.353099 INFO    [protocol] New Top Block Detected: 9992
2026-Sep-12 23:34:18.797405 INFO    [protocol] New Top Block Detected: 9993
2026-Sep-12 23:34:28.410192 INFO    [protocol] New Top Block Detected: 9994
2026-Sep-12 23:34:29.918524 INFO    [protocol] New Top Block Detected: 9995
2026-Sep-12 23:34:43.969230 INFO    [protocol] New Top Block Detected: 9996
2026-Sep-12 23:35:37.773354 INFO    [protocol] New Top Block Detected: 9998
2026-Sep-12 23:36:36.470200 INFO    [protocol] New Top Block Detected: 9999
2026-Sep-12 23:37:57.804492 INFO    [protocol] New Top Block Detected: 10000
2026-Sep-12 23:38:13.017199 INFO    [protocol] New Top Block Detected: 10001
2026-Sep-12 23:38:13.032328 INFO    [Core] Block 10000 (bb8352b8c7fe69c191c402049e69aed3707f1ad539557b16f3bfcb3bcc97a628) added to main chain
2026-Sep-12 23:38:26.928549 INFO    [protocol] New Top Block Detected: 10002
2026-Sep-12 23:39:21.133077 INFO    [protocol] New Top Block Detected: 10003
2026-Sep-12 23:39:27.162131 INFO    [protocol] New Top Block Detected: 10004
2026-Sep-12 23:39:33.184455 INFO    [protocol] New Top Block Detected: 10005
2026-Sep-12 23:40:07.320774 INFO    [protocol] New Top Block Detected: 10006
2026-Sep-12 23:40:13.736792 INFO    [protocol] New Top Block Detected: 10007
2026-Sep-12 23:40:35.444549 INFO    [protocol] New Top Block Detected: 10008
2026-Sep-12 23:41:47.256067 INFO    [protocol] New Top Block Detected: 10009
2026-Sep-12 23:42:37.540423 INFO    [protocol] New Top Block Detected: 10010
2026-Sep-12 23:43:30.072085 INFO    [protocol] New Top Block Detected: 10011
2026-Sep-12 23:43:35.491085 INFO    [protocol] New Top Block Detected: 10012
2026-Sep-12 23:45:08.605551 INFO    [protocol] New Top Block Detected: 10013
2026-Sep-12 23:45:19.000262 INFO    [protocol] New Top Block Detected: 10014
2026-Sep-12 23:46:44.449666 INFO    [protocol] New Top Block Detected: 10015
2026-Sep-12 23:46:51.067271 INFO    [protocol] New Top Block Detected: 10016
2026-Sep-12 23:48:17.443227 INFO    [protocol] New Top Block Detected: 10017
2026-Sep-12 23:48:29.574883 INFO    [protocol] New Top Block Detected: 10018
2026-Sep-12 23:49:55.785350 INFO    [protocol] New Top Block Detected: 10019
2026-Sep-12 23:51:28.364027 INFO    [protocol] New Top Block Detected: 10020
2026-Sep-12 23:51:29.887376 INFO    [protocol] New Top Block Detected: 10021
2026-Sep-12 23:53:25.793424 INFO    [protocol] New Top Block Detected: 10022
2026-Sep-12 23:54:35.179726 INFO    [protocol] New Top Block Detected: 10023
2026-Sep-12 23:54:41.470377 INFO    [protocol] New Top Block Detected: 10025
2026-Sep-12 23:54:53.256030 INFO    [protocol] New Top Block Detected: 10026
2026-Sep-12 23:55:25.380974 INFO    [protocol] New Top Block Detected: 10027
2026-Sep-12 23:55:31.524498 INFO    [protocol] New Top Block Detected: 10028
2026-Sep-12 23:55:37.456817 INFO    [protocol] New Top Block Detected: 10029
2026-Sep-12 23:55:44.449692 INFO    [protocol] New Top Block Detected: 10030
2026-Sep-12 23:55:57.362571 INFO    [protocol] New Top Block Detected: 10031
2026-Sep-12 23:56:03.558672 INFO    [protocol] New Top Block Detected: 10032
2026-Sep-12 23:56:13.640111 INFO    [protocol] New Top Block Detected: 10033
2026-Sep-12 23:56:16.789703 INFO    [protocol] New Top Block Detected: 10034
2026-Sep-12 23:56:39.735006 INFO    [protocol] New Top Block Detected: 10035
2026-Sep-12 23:56:52.548734 INFO    [protocol] New Top Block Detected: 10036
2026-Sep-12 23:58:08.105034 INFO    [protocol] New Top Block Detected: 10037
2026-Sep-12 23:58:08.962252 INFO    [protocol] New Top Block Detected: 10038
2026-Sep-12 23:58:20.165706 INFO    [protocol] New Top Block Detected: 10039
2026-Sep-12 23:58:28.549048 INFO    [protocol] New Top Block Detected: 10040
2026-Sep-12 23:58:58.755202 INFO    [protocol] New Top Block Detected: 10041
2026-Sep-12 23:59:38.394201 INFO    [protocol] New Top Block Detected: 10042
2026-Sep-12 23:59:41.431555 INFO    [protocol] New Top Block Detected: 10043
2026-Sep-13 00:00:20.701761 INFO    [protocol] New Top Block Detected: 10044
2026-Sep-13 00:01:20.115322 INFO    [protocol] New Top Block Detected: 10045
2026-Sep-13 00:02:18.350274 INFO    [protocol] New Top Block Detected: 10046
2026-Sep-13 00:03:19.505825 INFO    [protocol] New Top Block Detected: 10047
2026-Sep-13 00:03:47.548757 INFO    [protocol] New Top Block Detected: 10048
2026-Sep-13 00:03:56.760279 INFO    [protocol] New Top Block Detected: 10049
2026-Sep-13 00:04:02.524569 INFO    [protocol] New Top Block Detected: 10050
2026-Sep-13 00:05:38.173483 INFO    [protocol] New Top Block Detected: 10051
2026-Sep-13 00:06:16.349786 INFO    [protocol] New Top Block Detected: 10052
2026-Sep-13 00:06:22.227729 INFO    [protocol] New Top Block Detected: 10053
2026-Sep-13 00:06:28.430804 INFO    [protocol] New Top Block Detected: 10054
2026-Sep-13 00:06:54.617758 INFO    [protocol] New Top Block Detected: 10055
2026-Sep-13 00:07:11.765115 INFO    [protocol] New Top Block Detected: 10056
2026-Sep-13 00:07:25.810559 INFO    [protocol] New Top Block Detected: 10057
2026-Sep-13 00:07:30.774345 INFO    [protocol] New Top Block Detected: 10059
2026-Sep-13 00:07:48.839069 INFO    [protocol] New Top Block Detected: 10061
2026-Sep-13 00:07:51.911984 INFO    [protocol] New Top Block Detected: 10062
2026-Sep-13 00:09:03.167362 INFO    [protocol] New Top Block Detected: 10063
2026-Sep-13 00:09:19.226925 INFO    [protocol] New Top Block Detected: 10064
2026-Sep-13 00:10:07.785558 INFO    [protocol] New Top Block Detected: 10065
2026-Sep-13 00:11:45.971179 INFO    [protocol] New Top Block Detected: 10066
2026-Sep-13 00:11:57.853548 INFO    [protocol] New Top Block Detected: 10067
2026-Sep-13 00:12:33.996763 INFO    [protocol] New Top Block Detected: 10069
2026-Sep-13 00:12:46.043807 INFO    [protocol] New Top Block Detected: 10070
2026-Sep-13 00:12:55.094253 INFO    [protocol] New Top Block Detected: 10071
2026-Sep-13 00:13:21.929943 INFO    [protocol] New Top Block Detected: 10072
2026-Sep-13 00:13:34.651546 INFO    [protocol] New Top Block Detected: 10073
2026-Sep-13 00:15:22.957762 INFO    [protocol] New Top Block Detected: 10074
2026-Sep-13 00:17:01.052615 INFO    [protocol] New Top Block Detected: 10075
2026-Sep-13 00:18:05.283448 INFO    [protocol] New Top Block Detected: 10076
2026-Sep-13 00:18:59.497379 INFO    [protocol] New Top Block Detected: 10077
2026-Sep-13 00:19:23.588718 INFO    [protocol] New Top Block Detected: 10078
2026-Sep-13 00:20:03.805557 INFO    [protocol] New Top Block Detected: 10079
2026-Sep-13 00:20:15.844332 INFO    [protocol] New Top Block Detected: 10080
2026-Sep-13 00:21:23.325881 INFO    [protocol] New Top Block Detected: 10081
2026-Sep-13 00:21:25.539942 INFO    [protocol] New Top Block Detected: 10082
2026-Sep-13 00:21:36.212337 INFO    [protocol] New Top Block Detected: 10084
2026-Sep-13 00:23:00.554410 INFO    [protocol] New Top Block Detected: 10085
2026-Sep-13 00:23:14.765262 INFO    [protocol] New Top Block Detected: 10086
2026-Sep-13 00:23:18.157636 INFO    [protocol] New Top Block Detected: 10087
2026-Sep-13 00:24:20.936020 INFO    [protocol] New Top Block Detected: 10088
2026-Sep-13 00:25:02.113609 INFO    [protocol] New Top Block Detected: 10092
2026-Sep-13 00:25:18.797836 INFO    [protocol] New Top Block Detected: 10093
2026-Sep-13 00:26:28.999252 INFO    [protocol] New Top Block Detected: 10094
2026-Sep-13 00:27:03.679685 INFO    [protocol] New Top Block Detected: 10095
2026-Sep-13 00:27:33.831794 INFO    [protocol] New Top Block Detected: 10096
2026-Sep-13 00:27:59.951441 INFO    [protocol] New Top Block Detected: 10097
2026-Sep-13 00:28:38.779457 INFO    [protocol] New Top Block Detected: 10098
2026-Sep-13 00:30:34.268359 INFO    [protocol] New Top Block Detected: 10099
2026-Sep-13 00:30:56.724167 INFO    [protocol] New Top Block Detected: 10100
2026-Sep-13 00:31:53.469099 INFO    [protocol] New Top Block Detected: 10101
2026-Sep-13 00:31:53.481683 INFO    [Core] Block 10100 (fa3fd8c9588fcbab5fc6ed6b7d8293e541482f2399571dc3cb4b48808a81502b) added to main chain
2026-Sep-13 00:33:13.248965 INFO    [protocol] New Top Block Detected: 10102
2026-Sep-13 00:33:37.393970 INFO    [protocol] New Top Block Detected: 10104
2026-Sep-13 00:33:41.408719 INFO    [protocol] New Top Block Detected: 10105
2026-Sep-13 00:34:25.582625 INFO    [protocol] New Top Block Detected: 10106
2026-Sep-13 00:34:35.613740 INFO    [protocol] New Top Block Detected: 10107
2026-Sep-13 00:35:16.989276 INFO    [protocol] New Top Block Detected: 10108
2026-Sep-13 00:36:11.987934 INFO    [protocol] New Top Block Detected: 10109
2026-Sep-13 00:36:15.875100 INFO    [protocol] New Top Block Detected: 10110
2026-Sep-13 00:36:19.270195 INFO    [protocol] New Top Block Detected: 10111
2026-Sep-13 00:38:18.490714 INFO    [protocol] New Top Block Detected: 10112
2026-Sep-13 00:39:20.430598 INFO    [protocol] New Top Block Detected: 10113
2026-Sep-13 00:39:33.220644 INFO    [protocol] New Top Block Detected: 10114
2026-Sep-13 00:40:32.495140 INFO    [protocol] New Top Block Detected: 10115
2026-Sep-13 00:40:44.451408 INFO    [protocol] New Top Block Detected: 10116
2026-Sep-13 00:40:54.496634 INFO    [protocol] New Top Block Detected: 10117
2026-Sep-13 00:41:09.253365 INFO    [protocol] New Top Block Detected: 10118
2026-Sep-13 00:41:13.271018 INFO    [protocol] New Top Block Detected: 10120
2026-Sep-13 00:41:35.377480 INFO    [protocol] New Top Block Detected: 10121
2026-Sep-13 00:42:54.557024 INFO    [protocol] New Top Block Detected: 10122
2026-Sep-13 00:43:27.963730 INFO    [protocol] New Top Block Detected: 10123
2026-Sep-13 00:44:16.697960 INFO    [protocol] New Top Block Detected: 10124
2026-Sep-13 00:44:21.241606 INFO    [protocol] New Top Block Detected: 10125
2026-Sep-13 00:44:27.176410 INFO    [protocol] New Top Block Detected: 10126
2026-Sep-13 00:44:38.397514 INFO    [protocol] New Top Block Detected: 10127
2026-Sep-13 00:45:41.335774 INFO    [protocol] New Top Block Detected: 10128
2026-Sep-13 00:45:51.509725 INFO    [protocol] New Top Block Detected: 10129
2026-Sep-13 00:45:53.686421 INFO    [protocol] New Top Block Detected: 10130
2026-Sep-13 00:45:59.715810 INFO    [protocol] New Top Block Detected: 10131
2026-Sep-13 00:46:07.762790 INFO    [protocol] New Top Block Detected: 10132
2026-Sep-13 00:46:16.128925 INFO    [protocol] New Top Block Detected: 10133
2026-Sep-13 00:47:22.171684 INFO    [protocol] New Top Block Detected: 10134
2026-Sep-13 00:47:30.204880 INFO    [protocol] New Top Block Detected: 10135
2026-Sep-13 00:47:36.639992 INFO    [protocol] New Top Block Detected: 10136
2026-Sep-13 00:48:20.437902 INFO    [protocol] New Top Block Detected: 10137
2026-Sep-13 00:48:32.489981 INFO    [protocol] New Top Block Detected: 10138
2026-Sep-13 00:48:40.085564 INFO    [protocol] New Top Block Detected: 10139
2026-Sep-13 00:48:49.297533 INFO    [protocol] New Top Block Detected: 10141
2026-Sep-13 00:49:48.527875 INFO    [protocol] New Top Block Detected: 10142
2026-Sep-13 00:49:56.910863 INFO    [protocol] New Top Block Detected: 10143
2026-Sep-13 00:51:17.281392 INFO    [protocol] New Top Block Detected: 10144
2026-Sep-13 00:52:31.571457 INFO    [protocol] New Top Block Detected: 10145
2026-Sep-13 00:52:51.307040 INFO    [protocol] New Top Block Detected: 10146
2026-Sep-13 00:53:53.766955 INFO    [protocol] New Top Block Detected: 10147
2026-Sep-13 00:54:50.147337 INFO    [protocol] New Top Block Detected: 10148
2026-Sep-13 00:55:15.034625 INFO    [protocol] New Top Block Detected: 10149
2026-Sep-13 00:56:24.522423 INFO    [protocol] New Top Block Detected: 10150
2026-Sep-13 00:58:16.953402 INFO    [protocol] New Top Block Detected: 10151
2026-Sep-13 00:58:21.806333 INFO    [protocol] New Top Block Detected: 10152
2026-Sep-13 00:59:15.256064 INFO    [protocol] New Top Block Detected: 10153
2026-Sep-13 00:59:59.352138 INFO    [protocol] New Top Block Detected: 10154
2026-Sep-13 01:00:09.694435 INFO    [protocol] New Top Block Detected: 10155
2026-Sep-13 01:00:15.559687 INFO    [protocol] New Top Block Detected: 10156
2026-Sep-13 01:00:33.514418 INFO    [protocol] New Top Block Detected: 10157
2026-Sep-13 01:02:38.399047 INFO    [protocol] New Top Block Detected: 10158
2026-Sep-13 01:03:12.356055 INFO    [protocol] New Top Block Detected: 10159
2026-Sep-13 01:03:16.059040 INFO    [protocol] New Top Block Detected: 10160
2026-Sep-13 01:03:18.176119 INFO    [protocol] New Top Block Detected: 10161
2026-Sep-13 01:03:24.279832 INFO    [protocol] New Top Block Detected: 10164
2026-Sep-13 01:03:43.906479 INFO    [protocol] New Top Block Detected: 10165
2026-Sep-13 01:04:32.596524 INFO    [protocol] New Top Block Detected: 10166
2026-Sep-13 01:05:34.682506 INFO    [protocol] New Top Block Detected: 10168
2026-Sep-13 01:05:41.698979 INFO    [protocol] New Top Block Detected: 10169
2026-Sep-13 01:05:45.097766 INFO    [protocol] New Top Block Detected: 10170
2026-Sep-13 01:06:39.258915 INFO    [protocol] New Top Block Detected: 10171
2026-Sep-13 01:06:49.257423 INFO    [protocol] New Top Block Detected: 10172
2026-Sep-13 01:07:44.559066 INFO    [protocol] New Top Block Detected: 10173
2026-Sep-13 01:08:52.958342 INFO    [protocol] New Top Block Detected: 10174
2026-Sep-13 01:09:42.417854 INFO    [protocol] New Top Block Detected: 10175
2026-Sep-13 01:10:11.543242 INFO    [protocol] New Top Block Detected: 10176
2026-Sep-13 01:10:14.910370 INFO    [protocol] New Top Block Detected: 10177
2026-Sep-13 01:11:56.455699 INFO    [protocol] New Top Block Detected: 10178
2026-Sep-13 01:13:10.755828 INFO    [protocol] New Top Block Detected: 10179
2026-Sep-13 01:13:22.804748 INFO    [protocol] New Top Block Detected: 10180
2026-Sep-13 01:13:44.048761 INFO    [protocol] New Top Block Detected: 10181
2026-Sep-13 01:14:14.027755 INFO    [protocol] New Top Block Detected: 10182
2026-Sep-13 01:14:31.102925 INFO    [protocol] New Top Block Detected: 10183
2026-Sep-13 01:14:32.839017 INFO    [protocol] New Top Block Detected: 10184
2026-Sep-13 01:16:11.490782 INFO    [protocol] New Top Block Detected: 10185
2026-Sep-13 01:16:43.615933 INFO    [protocol] New Top Block Detected: 10186
2026-Sep-13 01:16:55.656152 INFO    [protocol] New Top Block Detected: 10187
2026-Sep-13 01:17:00.134132 INFO    [protocol] New Top Block Detected: 10188
2026-Sep-13 01:17:09.708890 INFO    [protocol] New Top Block Detected: 10189
2026-Sep-13 01:17:17.739707 INFO    [protocol] New Top Block Detected: 10190
2026-Sep-13 01:17:31.486554 INFO    [protocol] New Top Block Detected: 10191
2026-Sep-13 01:17:44.453788 INFO    [protocol] New Top Block Detected: 10192
2026-Sep-13 01:18:21.990002 INFO    [protocol] New Top Block Detected: 10193
2026-Sep-13 01:18:22.609147 INFO    [protocol] New Top Block Detected: 10194
2026-Sep-13 01:18:38.394562 INFO    [protocol] New Top Block Detected: 10195
2026-Sep-13 01:18:42.112391 INFO    [protocol] New Top Block Detected: 10196
2026-Sep-13 01:18:43.487858 INFO    [protocol] New Top Block Detected: 10197
2026-Sep-13 01:20:02.408051 INFO    [protocol] New Top Block Detected: 10198
2026-Sep-13 01:20:09.961629 INFO    [protocol] New Top Block Detected: 10199
2026-Sep-13 01:20:14.597449 INFO    [protocol] New Top Block Detected: 10200
2026-Sep-13 01:20:18.113962 INFO    [protocol] New Top Block Detected: 10201
2026-Sep-13 01:20:18.128909 INFO    [Core] Block 10200 (23eb4f9f7ff8d41f94d794550536a9f61a3ba15f88a30a2e7b94a2782d2ea41c) added to main chain
2026-Sep-13 01:21:00.050260 INFO    [protocol] New Top Block Detected: 10202
2026-Sep-13 01:21:22.710067 INFO    [protocol] New Top Block Detected: 10203
2026-Sep-13 01:22:16.920440 INFO    [protocol] New Top Block Detected: 10204
2026-Sep-13 01:23:00.787326 INFO    [protocol] New Top Block Detected: 10205
2026-Sep-13 01:24:10.828366 INFO    [protocol] New Top Block Detected: 10206
2026-Sep-13 01:27:14.067129 INFO    [protocol] New Top Block Detected: 10207
2026-Sep-13 01:27:57.452541 INFO    [protocol] New Top Block Detected: 10208
2026-Sep-13 01:28:08.306206 INFO    [protocol] New Top Block Detected: 10209
2026-Sep-13 01:29:06.526611 INFO    [protocol] New Top Block Detected: 10211
2026-Sep-13 01:29:27.448610 INFO    [protocol] New Top Block Detected: 10212
2026-Sep-13 01:31:15.103366 INFO    [protocol] New Top Block Detected: 10213
2026-Sep-13 01:31:38.693663 INFO    [protocol] New Top Block Detected: 10214
2026-Sep-13 01:31:58.662587 INFO    [protocol] New Top Block Detected: 10215
2026-Sep-13 01:32:25.516691 INFO    [protocol] New Top Block Detected: 10216
2026-Sep-13 01:32:27.523049 INFO    [protocol] New Top Block Detected: 10217
2026-Sep-13 01:32:31.524548 INFO    [protocol] New Top Block Detected: 10218
2026-Sep-13 01:32:38.392542 INFO    [protocol] New Top Block Detected: 10220
2026-Sep-13 01:33:09.026747 INFO    [protocol] New Top Block Detected: 10221
2026-Sep-13 01:33:09.917138 INFO    [protocol] New Top Block Detected: 10222
2026-Sep-13 01:33:35.174086 INFO    [protocol] New Top Block Detected: 10223
2026-Sep-13 01:33:54.656035 INFO    [protocol] New Top Block Detected: 10224
2026-Sep-13 01:34:30.100067 INFO    [protocol] New Top Block Detected: 10225
2026-Sep-13 01:34:38.311049 INFO    [protocol] New Top Block Detected: 10226
2026-Sep-13 01:35:32.272013 INFO    [protocol] New Top Block Detected: 10227
2026-Sep-13 01:36:31.861841 INFO    [protocol] New Top Block Detected: 10228
2026-Sep-13 01:36:48.670149 INFO    [protocol] New Top Block Detected: 10229
2026-Sep-13 01:36:56.650480 INFO    [protocol] New Top Block Detected: 10230
2026-Sep-13 01:37:57.787273 INFO    [protocol] New Top Block Detected: 10231
2026-Sep-13 01:39:57.419664 INFO    [protocol] New Top Block Detected: 10232
2026-Sep-13 01:40:44.453895 INFO    [protocol] New Top Block Detected: 10233
2026-Sep-13 01:41:44.454377 INFO    [protocol] New Top Block Detected: 10234
2026-Sep-13 01:41:53.876101 INFO    [protocol] New Top Block Detected: 10235
2026-Sep-13 01:42:36.218492 INFO    [protocol] New Top Block Detected: 10236
2026-Sep-13 01:42:38.892050 INFO    [protocol] New Top Block Detected: 10237
2026-Sep-13 01:43:06.190331 INFO    [protocol] New Top Block Detected: 10239
2026-Sep-13 01:43:43.078760 INFO    [protocol] New Top Block Detected: 10240
2026-Sep-13 01:43:45.158771 INFO    [protocol] New Top Block Detected: 10241
2026-Sep-13 01:45:06.746563 INFO    [protocol] New Top Block Detected: 10242
2026-Sep-13 01:46:11.841950 INFO    [protocol] New Top Block Detected: 10243
2026-Sep-13 01:47:17.373775 INFO    [protocol] New Top Block Detected: 10244
2026-Sep-13 01:48:24.194763 INFO    [protocol] New Top Block Detected: 10245
2026-Sep-13 01:49:27.014266 INFO    [protocol] New Top Block Detected: 10246
2026-Sep-13 01:49:46.007000 INFO    [protocol] New Top Block Detected: 10247
2026-Sep-13 01:50:00.080929 INFO    [protocol] New Top Block Detected: 10248
2026-Sep-13 01:50:21.917488 INFO    [protocol] New Top Block Detected: 10249
2026-Sep-13 01:50:52.332923 INFO    [protocol] New Top Block Detected: 10250
2026-Sep-13 01:50:58.354184 INFO    [protocol] New Top Block Detected: 10251
2026-Sep-13 01:51:22.486290 INFO    [protocol] New Top Block Detected: 10252
2026-Sep-13 01:51:30.422139 INFO    [protocol] New Top Block Detected: 10253
2026-Sep-13 01:51:39.659571 INFO    [protocol] New Top Block Detected: 10254
2026-Sep-13 01:53:12.941782 INFO    [protocol] New Top Block Detected: 10255
2026-Sep-13 01:53:31.145059 INFO    [protocol] New Top Block Detected: 10256
2026-Sep-13 01:53:34.471910 INFO    [protocol] New Top Block Detected: 10257
2026-Sep-13 01:54:11.206222 INFO    [protocol] New Top Block Detected: 10258
2026-Sep-13 01:54:24.395966 INFO    [protocol] New Top Block Detected: 10259
2026-Sep-13 01:54:29.289000 INFO    [protocol] New Top Block Detected: 10260
2026-Sep-13 01:54:59.489507 INFO    [protocol] New Top Block Detected: 10261
2026-Sep-13 01:55:36.316162 INFO    [protocol] New Top Block Detected: 10262
2026-Sep-13 01:55:38.883705 INFO    [protocol] New Top Block Detected: 10263
2026-Sep-13 01:55:58.947634 INFO    [protocol] New Top Block Detected: 10264
2026-Sep-13 01:56:55.173243 INFO    [protocol] New Top Block Detected: 10265
2026-Sep-13 01:58:41.733820 INFO    [protocol] New Top Block Detected: 10266
2026-Sep-13 01:58:45.135894 INFO    [protocol] New Top Block Detected: 10267
2026-Sep-13 01:58:46.765296 INFO    [protocol] New Top Block Detected: 10268
2026-Sep-13 01:59:08.546368 INFO    [protocol] New Top Block Detected: 10269
2026-Sep-13 01:59:45.351997 INFO    [protocol] New Top Block Detected: 10270
2026-Sep-13 01:59:50.729491 INFO    [protocol] New Top Block Detected: 10271
2026-Sep-13 01:59:58.760828 INFO    [protocol] New Top Block Detected: 10272
2026-Sep-13 02:00:00.383192 INFO    [protocol] New Top Block Detected: 10273
2026-Sep-13 02:00:28.883032 INFO    [protocol] New Top Block Detected: 10274
2026-Sep-13 02:01:17.088837 INFO    [protocol] New Top Block Detected: 10275
2026-Sep-13 02:02:05.084834 INFO    [protocol] New Top Block Detected: 10276
2026-Sep-13 02:02:09.319962 INFO    [protocol] New Top Block Detected: 10277
2026-Sep-13 02:03:05.620874 INFO    [protocol] New Top Block Detected: 10278
2026-Sep-13 02:03:12.469770 INFO    [protocol] New Top Block Detected: 10279
2026-Sep-13 02:03:15.678277 INFO    [protocol] New Top Block Detected: 10280
2026-Sep-13 02:03:53.880087 INFO    [protocol] New Top Block Detected: 10281
2026-Sep-13 02:05:16.285159 INFO    [protocol] New Top Block Detected: 10282
2026-Sep-13 02:05:20.426246 INFO    [protocol] New Top Block Detected: 10283
2026-Sep-13 02:06:13.841143 INFO    [protocol] New Top Block Detected: 10284
2026-Sep-13 02:06:50.900565 INFO    [protocol] New Top Block Detected: 10285
2026-Sep-13 02:07:08.982270 INFO    [protocol] New Top Block Detected: 10286
2026-Sep-13 02:07:13.012655 INFO    [protocol] New Top Block Detected: 10287
2026-Sep-13 02:07:17.032005 INFO    [protocol] New Top Block Detected: 10288
2026-Sep-13 02:07:40.884080 INFO    [protocol] New Top Block Detected: 10289
2026-Sep-13 02:08:03.218928 INFO    [protocol] New Top Block Detected: 10290
2026-Sep-13 02:08:24.231060 INFO    [protocol] New Top Block Detected: 10291
2026-Sep-13 02:08:43.508456 INFO    [protocol] New Top Block Detected: 10292
2026-Sep-13 02:09:09.503417 INFO    [protocol] New Top Block Detected: 10293
2026-Sep-13 02:09:25.611494 INFO    [protocol] New Top Block Detected: 10294
2026-Sep-13 02:09:28.815046 INFO    [protocol] New Top Block Detected: 10295
2026-Sep-13 02:10:09.813183 INFO    [protocol] New Top Block Detected: 10296
2026-Sep-13 02:12:10.856788 INFO    [protocol] New Top Block Detected: 10297
2026-Sep-13 02:12:23.403078 INFO    [protocol] New Top Block Detected: 10298
2026-Sep-13 02:12:28.543298 INFO    [protocol] New Top Block Detected: 10299
2026-Sep-13 02:12:40.638230 INFO    [protocol] New Top Block Detected: 10300
2026-Sep-13 02:14:30.130550 INFO    [Core] Block 10300 (c2217c53c925a972a9bd434257b2223b0b59fa08b72ca431c43e6cc2699f07c1) added to main chain
2026-Sep-13 02:14:30.988708 INFO    [protocol] New Top Block Detected: 10301
2026-Sep-13 02:14:58.470239 INFO    [protocol] New Top Block Detected: 10302
2026-Sep-13 02:15:08.855589 INFO    [protocol] New Top Block Detected: 10303
2026-Sep-13 02:15:35.283507 INFO    [protocol] New Top Block Detected: 10304
2026-Sep-13 02:15:54.384728 INFO    [protocol] New Top Block Detected: 10305
2026-Sep-13 02:16:07.434589 INFO    [protocol] New Top Block Detected: 10306
2026-Sep-13 02:16:13.632218 INFO    [protocol] New Top Block Detected: 10307
2026-Sep-13 02:16:58.944709 INFO    [protocol] New Top Block Detected: 10308
2026-Sep-13 02:18:03.887529 INFO    [protocol] New Top Block Detected: 10309
2026-Sep-13 02:19:24.756480 INFO    [protocol] New Top Block Detected: 10310
2026-Sep-13 02:20:44.457275 INFO    [protocol] New Top Block Detected: 10312
2026-Sep-13 02:21:07.604343 INFO    [protocol] New Top Block Detected: 10313
2026-Sep-13 02:22:03.873789 INFO    [protocol] New Top Block Detected: 10315
2026-Sep-13 02:22:45.518897 INFO    [protocol] New Top Block Detected: 10316
2026-Sep-13 02:22:49.900147 INFO    [protocol] New Top Block Detected: 10317
2026-Sep-13 02:23:06.156180 INFO    [protocol] New Top Block Detected: 10318
2026-Sep-13 02:24:28.494910 INFO    [protocol] New Top Block Detected: 10319
2026-Sep-13 02:26:10.920693 INFO    [protocol] New Top Block Detected: 10320
2026-Sep-13 02:26:31.026376 INFO    [protocol] New Top Block Detected: 10321
2026-Sep-13 02:28:11.490554 INFO    [protocol] New Top Block Detected: 10322
2026-Sep-13 02:29:03.040325 INFO    [protocol] New Top Block Detected: 10323
2026-Sep-13 02:30:03.122294 INFO    [protocol] New Top Block Detected: 10324
2026-Sep-13 02:30:18.528892 INFO    [protocol] New Top Block Detected: 10325
2026-Sep-13 02:32:00.824523 INFO    [protocol] New Top Block Detected: 10326
2026-Sep-13 02:32:08.629787 INFO    [protocol] New Top Block Detected: 10327
2026-Sep-13 02:32:18.674745 INFO    [protocol] New Top Block Detected: 10328
2026-Sep-13 02:32:33.765623 INFO    [protocol] New Top Block Detected: 10329
2026-Sep-13 02:32:36.764773 INFO    [protocol] New Top Block Detected: 10330
2026-Sep-13 02:32:48.856845 INFO    [protocol] New Top Block Detected: 10331
2026-Sep-13 02:33:44.104277 INFO    [protocol] New Top Block Detected: 10332
2026-Sep-13 02:34:07.184264 INFO    [protocol] New Top Block Detected: 10333
2026-Sep-13 02:34:09.192740 INFO    [protocol] New Top Block Detected: 10334
2026-Sep-13 02:34:32.713908 INFO    [protocol] New Top Block Detected: 10335
2026-Sep-13 02:34:40.509560 INFO    [protocol] New Top Block Detected: 10336
2026-Sep-13 02:34:49.268899 INFO    [protocol] New Top Block Detected: 10337
2026-Sep-13 02:34:58.743138 INFO    [protocol] New Top Block Detected: 10338
2026-Sep-13 02:35:03.457537 INFO    [protocol] New Top Block Detected: 10339
2026-Sep-13 02:35:43.656756 INFO    [protocol] New Top Block Detected: 10340
2026-Sep-13 02:35:52.294566 INFO    [protocol] New Top Block Detected: 10341
2026-Sep-13 02:36:51.980012 INFO    [protocol] New Top Block Detected: 10342
2026-Sep-13 02:37:03.403327 INFO    [protocol] New Top Block Detected: 10343
2026-Sep-13 02:37:45.840507 INFO    [protocol] New Top Block Detected: 10344
2026-Sep-13 02:38:57.897387 INFO    [protocol] New Top Block Detected: 10345
2026-Sep-13 02:39:06.382767 INFO    [protocol] New Top Block Detected: 10346
2026-Sep-13 02:39:50.744799 INFO    [protocol] New Top Block Detected: 10347
2026-Sep-13 02:40:11.984840 INFO    [protocol] New Top Block Detected: 10348
2026-Sep-13 02:40:56.487980 INFO    [protocol] New Top Block Detected: 10349
2026-Sep-13 02:42:18.628264 INFO    [protocol] New Top Block Detected: 10350
2026-Sep-13 02:42:32.093886 INFO    [protocol] New Top Block Detected: 10351
2026-Sep-13 02:42:40.734480 INFO    [protocol] New Top Block Detected: 10353
2026-Sep-13 02:43:23.977655 INFO    [protocol] New Top Block Detected: 10354
2026-Sep-13 02:43:38.275914 INFO    [protocol] New Top Block Detected: 10355
2026-Sep-13 02:44:31.296768 INFO    [protocol] New Top Block Detected: 10356
2026-Sep-13 02:44:40.946309 INFO    [protocol] New Top Block Detected: 10357
2026-Sep-13 02:45:25.530189 INFO    [protocol] New Top Block Detected: 10358
2026-Sep-13 02:45:29.546284 INFO    [protocol] New Top Block Detected: 10359
2026-Sep-13 02:45:38.649227 INFO    [protocol] New Top Block Detected: 10360
2026-Sep-13 02:45:49.630624 INFO    [protocol] New Top Block Detected: 10361
2026-Sep-13 02:46:35.865481 INFO    [protocol] New Top Block Detected: 10362
2026-Sep-13 02:46:53.061059 INFO    [protocol] New Top Block Detected: 10363
2026-Sep-13 02:47:16.049548 INFO    [protocol] New Top Block Detected: 10364
2026-Sep-13 02:47:42.239462 INFO    [protocol] New Top Block Detected: 10365
2026-Sep-13 02:49:15.379225 INFO    [protocol] New Top Block Detected: 10366
2026-Sep-13 02:50:19.089447 INFO    [protocol] New Top Block Detected: 10367
2026-Sep-13 02:51:41.421381 INFO    [protocol] New Top Block Detected: 10368
2026-Sep-13 02:51:43.042720 INFO    [protocol] New Top Block Detected: 10369
2026-Sep-13 02:51:47.452710 INFO    [protocol] New Top Block Detected: 10370
2026-Sep-13 02:51:48.588759 INFO    [protocol] New Top Block Detected: 10371
2026-Sep-13 02:51:54.716777 INFO    [protocol] New Top Block Detected: 10372
2026-Sep-13 02:51:55.496286 INFO    [protocol] New Top Block Detected: 10373
2026-Sep-13 02:52:44.464456 INFO    [protocol] New Top Block Detected: 10374
2026-Sep-13 02:52:53.748692 INFO    [protocol] New Top Block Detected: 10375
2026-Sep-13 02:53:23.875561 INFO    [protocol] New Top Block Detected: 10376
2026-Sep-13 02:53:31.911810 INFO    [protocol] New Top Block Detected: 10377
2026-Sep-13 02:53:34.407061 INFO    [protocol] New Top Block Detected: 10378
2026-Sep-13 02:53:52.079613 INFO    [protocol] New Top Block Detected: 10379
2026-Sep-13 02:54:04.132918 INFO    [protocol] New Top Block Detected: 10380
2026-Sep-13 02:54:17.229845 INFO    [protocol] New Top Block Detected: 10381
2026-Sep-13 02:54:52.230762 INFO    [protocol] New Top Block Detected: 10382
2026-Sep-13 02:56:16.788613 INFO    [protocol] New Top Block Detected: 10383
2026-Sep-13 02:56:22.810501 INFO    [protocol] New Top Block Detected: 10384
2026-Sep-13 02:57:58.978264 INFO    [protocol] New Top Block Detected: 10385
2026-Sep-13 02:59:38.399924 INFO    [protocol] New Top Block Detected: 10387
2026-Sep-13 03:00:33.858790 INFO    [protocol] New Top Block Detected: 10388
2026-Sep-13 03:01:16.477818 INFO    [protocol] New Top Block Detected: 10389
2026-Sep-13 03:01:21.466628 INFO    [protocol] New Top Block Detected: 10390
2026-Sep-13 03:02:14.526618 INFO    [protocol] New Top Block Detected: 10391
2026-Sep-13 03:03:11.378278 INFO    [protocol] New Top Block Detected: 10392
2026-Sep-13 03:04:04.889401 INFO    [protocol] New Top Block Detected: 10393
2026-Sep-13 03:05:43.976760 INFO    [protocol] New Top Block Detected: 10394
2026-Sep-13 03:05:45.691322 INFO    [protocol] New Top Block Detected: 10395
2026-Sep-13 03:06:23.602342 INFO    [protocol] New Top Block Detected: 10396
2026-Sep-13 03:07:29.654369 INFO    [protocol] New Top Block Detected: 10397
2026-Sep-13 03:07:35.678512 INFO    [protocol] New Top Block Detected: 10399
2026-Sep-13 03:07:43.327215 INFO    [protocol] New Top Block Detected: 10400
2026-Sep-13 03:07:45.935200 INFO    [Core] Block 10400 (f13cbd9792a6c23fb871f32d7910f70b43b278159fb7efa43472a33df5d3c80c) added to main chain
2026-Sep-13 03:07:49.733512 INFO    [protocol] New Top Block Detected: 10401
2026-Sep-13 03:07:57.765693 INFO    [protocol] New Top Block Detected: 10402
2026-Sep-13 03:08:07.805607 INFO    [protocol] New Top Block Detected: 10404
2026-Sep-13 03:08:27.344891 INFO    [protocol] New Top Block Detected: 10405
2026-Sep-13 03:09:04.446247 INFO    [protocol] New Top Block Detected: 10406
2026-Sep-13 03:10:02.796535 INFO    [protocol] New Top Block Detected: 10407
2026-Sep-13 03:10:42.160740 INFO    [protocol] New Top Block Detected: 10408
2026-Sep-13 03:11:37.846522 INFO    [protocol] New Top Block Detected: 10409
2026-Sep-13 03:12:22.864495 INFO    [protocol] New Top Block Detected: 10410
2026-Sep-13 03:13:05.046636 INFO    [protocol] New Top Block Detected: 10411
2026-Sep-13 03:13:51.320704 INFO    [protocol] New Top Block Detected: 10412
2026-Sep-13 03:14:01.004564 INFO    [protocol] New Top Block Detected: 10413
2026-Sep-13 03:15:29.768876 INFO    [protocol] New Top Block Detected: 10414
2026-Sep-13 03:15:47.188007 INFO    [protocol] New Top Block Detected: 10415
2026-Sep-13 03:15:55.897944 INFO    [protocol] New Top Block Detected: 10416
2026-Sep-13 03:15:59.913437 INFO    [protocol] New Top Block Detected: 10417
2026-Sep-13 03:16:11.935798 INFO    [protocol] New Top Block Detected: 10418
2026-Sep-13 03:16:46.100365 INFO    [protocol] New Top Block Detected: 10419
2026-Sep-13 03:17:28.495997 INFO    [protocol] New Top Block Detected: 10420
2026-Sep-13 03:17:30.311735 INFO    [protocol] New Top Block Detected: 10421
2026-Sep-13 03:17:38.446641 INFO    [protocol] New Top Block Detected: 10422
2026-Sep-13 03:17:44.882772 INFO    [protocol] New Top Block Detected: 10423
2026-Sep-13 03:18:14.561676 INFO    [protocol] New Top Block Detected: 10424
2026-Sep-13 03:18:54.717204 INFO    [protocol] New Top Block Detected: 10425
2026-Sep-13 03:19:44.752722 INFO    [protocol] New Top Block Detected: 10426
2026-Sep-13 03:19:50.544791 INFO    [protocol] New Top Block Detected: 10427
2026-Sep-13 03:20:19.095395 INFO    [protocol] New Top Block Detected: 10428
2026-Sep-13 03:20:44.470389 INFO    [protocol] New Top Block Detected: 10429
2026-Sep-13 03:21:00.046458 INFO    [protocol] New Top Block Detected: 10430
2026-Sep-13 03:21:14.415904 INFO    [protocol] New Top Block Detected: 10431
2026-Sep-13 03:21:54.200227 INFO    [protocol] New Top Block Detected: 10432
2026-Sep-13 03:22:45.768735 INFO    [protocol] New Top Block Detected: 10433
2026-Sep-13 03:23:33.542236 INFO    [protocol] New Top Block Detected: 10434
2026-Sep-13 03:23:56.070022 INFO    [protocol] New Top Block Detected: 10435
2026-Sep-13 03:24:05.246746 INFO    [protocol] New Top Block Detected: 10436
2026-Sep-13 03:24:46.857501 INFO    [protocol] New Top Block Detected: 10437
2026-Sep-13 03:25:14.640912 INFO    [protocol] New Top Block Detected: 10438
2026-Sep-13 03:25:53.074319 INFO    [protocol] New Top Block Detected: 10439
2026-Sep-13 03:26:32.690263 INFO    [protocol] New Top Block Detected: 10440
2026-Sep-13 03:28:17.296519 INFO    [protocol] New Top Block Detected: 10441
2026-Sep-13 03:28:33.404734 INFO    [protocol] New Top Block Detected: 10442
2026-Sep-13 03:29:46.244759 INFO    [protocol] New Top Block Detected: 10443
2026-Sep-13 03:30:17.830509 INFO    [protocol] New Top Block Detected: 10444
2026-Sep-13 03:30:47.079999 INFO    [protocol] New Top Block Detected: 10445
2026-Sep-13 03:31:52.563945 INFO    [protocol] New Top Block Detected: 10446
2026-Sep-13 03:33:30.618028 INFO    [protocol] New Top Block Detected: 10447
2026-Sep-13 03:34:09.299054 INFO    [protocol] New Top Block Detected: 10448
2026-Sep-13 03:34:22.824186 INFO    [protocol] New Top Block Detected: 10449
2026-Sep-13 03:34:25.948707 INFO    [protocol] New Top Block Detected: 10450
2026-Sep-13 03:35:19.028323 INFO    [protocol] New Top Block Detected: 10451
2026-Sep-13 03:35:23.050111 INFO    [protocol] New Top Block Detected: 10452
2026-Sep-13 03:35:31.087392 INFO    [protocol] New Top Block Detected: 10453
2026-Sep-13 03:36:29.675017 INFO    [protocol] New Top Block Detected: 10454
2026-Sep-13 03:36:41.385790 INFO    [protocol] New Top Block Detected: 10455
2026-Sep-13 03:36:44.473945 INFO    [protocol] New Top Block Detected: 10456
2026-Sep-13 03:36:49.481945 INFO    [protocol] New Top Block Detected: 10457
2026-Sep-13 03:37:03.030264 INFO    [protocol] New Top Block Detected: 10458
2026-Sep-13 03:37:13.582492 INFO    [protocol] New Top Block Detected: 10459
2026-Sep-13 03:37:19.149746 INFO    [protocol] New Top Block Detected: 10460
2026-Sep-13 03:40:02.320122 INFO    [protocol] New Top Block Detected: 10461
2026-Sep-13 03:41:25.703007 INFO    [protocol] New Top Block Detected: 10462
2026-Sep-13 03:41:29.493161 INFO    [protocol] New Top Block Detected: 10463
2026-Sep-13 03:41:50.438367 INFO    [protocol] New Top Block Detected: 10464
2026-Sep-13 03:42:04.920330 INFO    [protocol] New Top Block Detected: 10465
2026-Sep-13 03:42:15.918436 INFO    [protocol] New Top Block Detected: 10466
2026-Sep-13 03:42:29.978809 INFO    [protocol] New Top Block Detected: 10467
2026-Sep-13 03:42:32.940812 INFO    [protocol] New Top Block Detected: 10468
2026-Sep-13 03:42:44.476179 INFO    [protocol] New Top Block Detected: 10469
2026-Sep-13 03:42:58.105566 INFO    [protocol] New Top Block Detected: 10470
2026-Sep-13 03:43:14.180747 INFO    [protocol] New Top Block Detected: 10471
2026-Sep-13 03:43:27.611863 INFO    [protocol] New Top Block Detected: 10472
2026-Sep-13 03:44:28.546205 INFO    [protocol] New Top Block Detected: 10473
2026-Sep-13 03:45:24.841626 INFO    [protocol] New Top Block Detected: 10474
2026-Sep-13 03:45:50.996582 INFO    [protocol] New Top Block Detected: 10475
2026-Sep-13 03:46:17.029350 INFO    [protocol] New Top Block Detected: 10476
2026-Sep-13 03:46:33.135775 INFO    [protocol] New Top Block Detected: 10477
2026-Sep-13 03:46:37.747364 INFO    [protocol] New Top Block Detected: 10478
2026-Sep-13 03:47:37.472786 INFO    [protocol] New Top Block Detected: 10479
2026-Sep-13 03:48:09.263626 INFO    [protocol] New Top Block Detected: 10480
2026-Sep-13 03:48:57.844662 INFO    [protocol] New Top Block Detected: 10481
2026-Sep-13 03:49:17.914649 INFO    [protocol] New Top Block Detected: 10482
2026-Sep-13 03:49:18.057179 INFO    [protocol] New Top Block Detected: 10483
2026-Sep-13 03:49:20.649119 INFO    [protocol] New Top Block Detected: 10484
2026-Sep-13 03:51:23.310245 INFO    [protocol] New Top Block Detected: 10485
2026-Sep-13 03:51:34.587467 INFO    [protocol] New Top Block Detected: 10486
2026-Sep-13 03:51:44.476744 INFO    [protocol] New Top Block Detected: 10487
2026-Sep-13 03:51:44.719445 INFO    [protocol] New Top Block Detected: 10488
2026-Sep-13 03:52:05.212164 INFO    [protocol] New Top Block Detected: 10489
2026-Sep-13 03:53:18.936112 INFO    [protocol] New Top Block Detected: 10490
2026-Sep-13 03:53:51.427686 INFO    [protocol] New Top Block Detected: 10491
2026-Sep-13 03:53:54.530377 INFO    [protocol] New Top Block Detected: 10492
2026-Sep-13 03:55:23.656673 INFO    [protocol] New Top Block Detected: 10493
2026-Sep-13 03:55:25.665817 INFO    [protocol] New Top Block Detected: 10494
2026-Sep-13 03:55:31.411312 INFO    [protocol] New Top Block Detected: 10495
2026-Sep-13 03:56:08.618506 INFO    [protocol] New Top Block Detected: 10496
2026-Sep-13 03:56:29.943675 INFO    [protocol] New Top Block Detected: 10497
2026-Sep-13 03:57:18.158681 INFO    [protocol] New Top Block Detected: 10498
2026-Sep-13 03:57:44.978419 INFO    [protocol] New Top Block Detected: 10499
2026-Sep-13 03:57:52.838174 INFO    [protocol] New Top Block Detected: 10500
2026-Sep-13 03:57:58.235985 INFO    [protocol] New Top Block Detected: 10501
2026-Sep-13 03:57:58.252294 INFO    [Core] Block 10500 (c8c4fb5bd700e54c12a0b72f7431be775da1473fd68079d135ce66a01f746d85) added to main chain
2026-Sep-13 03:58:16.413172 INFO    [protocol] New Top Block Detected: 10502
2026-Sep-13 03:59:32.722834 INFO    [protocol] New Top Block Detected: 10503
2026-Sep-13 03:59:49.291589 INFO    [protocol] New Top Block Detected: 10504
2026-Sep-13 04:00:01.747055 INFO    [protocol] New Top Block Detected: 10505
2026-Sep-13 04:00:10.897359 INFO    [protocol] New Top Block Detected: 10506
2026-Sep-13 04:00:34.991974 INFO    [protocol] New Top Block Detected: 10507
2026-Sep-13 04:00:36.999293 INFO    [protocol] New Top Block Detected: 10508
2026-Sep-13 04:01:07.152270 INFO    [protocol] New Top Block Detected: 10509
2026-Sep-13 04:01:45.293428 INFO    [protocol] New Top Block Detected: 10510
2026-Sep-13 04:02:06.513333 INFO    [protocol] New Top Block Detected: 10511
2026-Sep-13 04:03:01.611126 INFO    [protocol] New Top Block Detected: 10512
2026-Sep-13 04:03:21.764616 INFO    [protocol] New Top Block Detected: 10513
2026-Sep-13 04:03:23.771084 INFO    [protocol] New Top Block Detected: 10514
2026-Sep-13 04:03:44.655948 INFO    [protocol] New Top Block Detected: 10515
2026-Sep-13 04:05:36.926730 INFO    [protocol] New Top Block Detected: 10516
2026-Sep-13 04:05:52.434707 INFO    [protocol] New Top Block Detected: 10517
2026-Sep-13 04:06:53.295788 INFO    [protocol] New Top Block Detected: 10518
2026-Sep-13 04:07:03.732846 INFO    [protocol] New Top Block Detected: 10519
2026-Sep-13 04:07:44.481774 INFO    [protocol] New Top Block Detected: 10520
2026-Sep-13 04:08:30.921524 INFO    [protocol] New Top Block Detected: 10521
2026-Sep-13 04:08:44.481942 INFO    [protocol] New Top Block Detected: 10522
2026-Sep-13 04:08:51.979689 INFO    [protocol] New Top Block Detected: 10523
2026-Sep-13 04:10:08.996380 INFO    [protocol] New Top Block Detected: 10524
2026-Sep-13 04:10:37.944334 INFO    [protocol] New Top Block Detected: 10525
2026-Sep-13 04:10:46.019894 INFO    [protocol] New Top Block Detected: 10526
2026-Sep-13 04:11:31.703057 INFO    [protocol] New Top Block Detected: 10527
2026-Sep-13 04:11:41.496249 INFO    [protocol] New Top Block Detected: 10528
2026-Sep-13 04:11:53.698798 INFO    [protocol] New Top Block Detected: 10529
2026-Sep-13 04:11:56.207940 INFO    [protocol] New Top Block Detected: 10530
2026-Sep-13 04:12:48.189560 INFO    [protocol] New Top Block Detected: 10531
2026-Sep-13 04:14:37.538264 INFO    [protocol] New Top Block Detected: 10532
2026-Sep-13 04:15:43.612429 INFO    [protocol] New Top Block Detected: 10533
2026-Sep-13 04:16:16.218692 INFO    [protocol] New Top Block Detected: 10534
2026-Sep-13 04:16:27.080213 INFO    [protocol] New Top Block Detected: 10535
2026-Sep-13 04:16:55.209502 INFO    [protocol] New Top Block Detected: 10536
2026-Sep-13 04:17:29.491430 INFO    [protocol] New Top Block Detected: 10537
2026-Sep-13 04:17:37.510456 INFO    [protocol] New Top Block Detected: 10538
2026-Sep-13 04:17:57.469045 INFO    [protocol] New Top Block Detected: 10539
2026-Sep-13 04:18:27.627389 INFO    [protocol] New Top Block Detected: 10540
2026-Sep-13 04:18:50.535722 INFO    [protocol] New Top Block Detected: 10541
2026-Sep-13 04:19:37.926728 INFO    [protocol] New Top Block Detected: 10542
2026-Sep-13 04:19:47.960157 INFO    [protocol] New Top Block Detected: 10543
2026-Sep-13 04:19:59.097423 INFO    [protocol] New Top Block Detected: 10544
2026-Sep-13 04:21:40.189351 INFO    [protocol] New Top Block Detected: 10545
